family,GCF_000597845.1,GCF_000599665.1,GCF_000801165.1,GCF_000801185.2,GCF_000830035.1,GCF_000833145.1,GCF_000833635.2,GCF_000952955.1,GCF_000953515.1,GCF_000971615.1,GCF_000987875.1
GCF_000597845.1|WP_000002303.1,1,1,1,1,1,1,1,1,1,1,1
GCF_000597845.1|WP_000002474.1,1,1,1,1,1,1,1,1,1,1,1
GCF_000597845.1|WP_000002541.1,1,1,1,1,1,1,1,1,1,1,1
GCF_000597845.1|WP_000002907.1,1,1,1,1,1,1,1,1,1,1,1
GCF_000597845.1|WP_000002953.1,1,1,1,1,1,1,1,1,1,1,1
GCF_000597845.1|WP_000003071.1,1,1,1,1,1,1,1,1,1,1,1
GCF_000597845.1|WP_000003317.1,1,1,1,1,1,1,1,1,1,1,1
GCF_000597845.1|WP_000003377.1,1,1,1,1,1,1,1,1,1,1,1
GCF_000597845.1|WP_000003820.1,1,1,1,1,1,1,1,1,1,1,1
GCF_000597845.1|WP_000004051.1,1,1,1,1,1,1,1,1,1,1,1
GCF_000597845.1|WP_000004438.1,1,1,1,1,1,1,1,1,1,1,1
GCF_000597845.1|WP_000004488.1,1,1,1,1,1,1,1,1,1,1,1
GCF_000597845.1|WP_000004618.1,1,1,1,1,1,1,1,1,1,1,1
GCF_000597845.1|WP_000004655.1,1,1,1,1,1,1,1,1,1,1,1
GCF_000597845.1|WP_000004770.1,1,1,1,1,1,1,1,1,1,1,1
GCF_000597845.1|WP_000004899.1,1,1,1,1,1,1,1,1,1,1,1
GCF_000597845.1|WP_000005042.1,1,1,1,1,1,1,1,1,1,1,1
GCF_000597845.1|WP_000005552.1,1,0,0,1,0,0,0,0,0,0,0
GCF_000597845.1|WP_000006621.1,1,1,1,1,1,1,1,1,1,1,1
GCF_000597845.1|WP_000006806.1,1,1,1,1,1,1,1,1,1,1,1
GCF_000597845.1|WP_000006890.1,1,1,1,1,1,1,1,1,1,1,1
GCF_000597845.1|WP_000007101.1,1,1,1,1,1,1,1,1,1,1,1
GCF_000597845.1|WP_000007283.1,1,1,1,1,1,1,1,1,1,1,1
GCF_000597845.1|WP_000007444.1,1,0,0,0,0,0,1,1,1,0,0
GCF_000597845.1|WP_000007523.1,1,1,1,1,1,1,1,1,1,1,1
GCF_000597845.1|WP_000007629.1,1,1,1,1,1,1,1,1,1,1,1
GCF_000597845.1|WP_000008957.1,1,1,1,1,1,1,1,1,1,1,1
GCF_000597845.1|WP_000009244.1,1,1,1,1,0,0,1,1,1,1,1
GCF_000597845.1|WP_000010276.1,1,1,1,1,1,1,1,1,1,1,1
GCF_000597845.1|WP_000010749.1,1,1,1,1,1,1,1,1,1,1,1
GCF_000597845.1|WP_000011114.1,1,1,1,1,1,1,1,1,1,1,1
GCF_000597845.1|WP_000011660.1,1,1,1,0,1,1,1,1,1,1,1
GCF_000597845.1|WP_000012300.1,1,1,1,1,1,1,1,1,1,1,1
GCF_000597845.1|WP_000012550.1,1,1,1,1,1,1,1,1,1,1,1
GCF_000597845.1|WP_000012904.1,1,1,1,1,1,1,1,1,1,1,1
GCF_000597845.1|WP_000013026.1,1,0,0,0,0,0,0,0,0,0,0
GCF_000597845.1|WP_000013046.1,1,1,1,1,1,1,1,1,1,1,1
GCF_000597845.1|WP_000013149.1,1,1,1,1,1,1,1,1,1,1,1
GCF_000597845.1|WP_000013506.1,1,1,1,1,1,1,1,1,1,1,1
GCF_000597845.1|WP_000014036.1,1,1,1,1,1,1,1,1,1,1,1
GCF_000597845.1|WP_000014321.1,1,1,1,1,1,1,1,1,1,1,1
GCF_000597845.1|WP_000015497.1,1,1,1,1,1,1,1,1,1,1,1
GCF_000597845.1|WP_000015837.1,1,1,1,1,1,1,1,1,1,1,1
GCF_000597845.1|WP_000015990.1,1,1,1,1,1,1,1,1,1,1,1
GCF_000597845.1|WP_000016560.1,1,1,1,1,1,1,1,1,1,1,1
GCF_000597845.1|WP_000016907.1,1,1,1,1,1,1,1,1,1,1,1
GCF_000597845.1|WP_000017106.1,1,1,1,1,1,1,1,1,1,1,1
GCF_000597845.1|WP_000017354.1,1,1,1,1,1,1,1,1,1,1,1
GCF_000597845.1|WP_000017552.1,1,1,1,1,1,1,1,1,1,1,1
GCF_000597845.1|WP_000017703.1,1,1,1,1,1,1,1,1,1,1,1
GCF_000597845.1|WP_000018003.1,1,1,1,1,1,1,1,1,1,1,1
GCF_000597845.1|WP_000018329.1,1,0,0,0,0,0,0,0,0,0,0
GCF_000597845.1|WP_000018413.1,1,1,1,1,0,0,1,1,1,1,1
GCF_000597845.1|WP_000018588.1,1,1,1,1,1,1,1,1,1,1,1
GCF_000597845.1|WP_000018633.1,1,1,1,1,1,1,1,1,1,1,1
GCF_000597845.1|WP_000018760.1,1,1,1,1,1,1,1,1,1,1,1
GCF_000597845.1|WP_000019358.1,1,1,1,1,1,1,1,1,1,1,1
GCF_000597845.1|WP_000019407.1,1,0,0,0,0,0,1,1,1,0,0
GCF_000597845.1|WP_000019588.1,1,1,1,1,1,1,1,1,1,1,1
GCF_000597845.1|WP_000019655.1,1,1,1,1,1,1,1,1,1,1,1
GCF_000597845.1|WP_000019827.1,1,1,1,1,1,1,1,1,1,1,1
GCF_000597845.1|WP_000019869.1,1,1,1,1,1,1,1,1,1,1,1
GCF_000597845.1|WP_000019944.1,1,1,1,1,1,1,1,1,1,1,1
GCF_000597845.1|WP_000020078.1,1,1,1,1,1,1,1,1,1,1,1
GCF_000597845.1|WP_000020163.1,1,1,1,1,1,1,1,1,1,1,1
GCF_000597845.1|WP_000020467.1,1,1,1,1,1,1,1,1,1,1,1
GCF_000597845.1|WP_000020749.1,1,1,1,1,1,1,1,1,1,1,1
GCF_000597845.1|WP_000020880.1,1,1,1,1,1,1,1,1,1,1,1
GCF_000597845.1|WP_000021036.1,1,1,1,1,1,1,1,1,1,1,1
GCF_000597845.1|WP_000022442.1,1,1,1,1,1,1,1,1,1,1,1
GCF_000597845.1|WP_000023081.1,1,1,1,1,1,1,1,1,1,1,1
GCF_000597845.1|WP_000023635.1,1,1,1,1,1,1,0,1,1,1,1
GCF_000597845.1|WP_000024560.1,1,1,1,1,1,1,1,1,1,1,1
GCF_000597845.1|WP_000025034.1,1,0,0,0,0,0,0,0,0,0,0
GCF_000597845.1|WP_000025458.1,1,1,1,1,1,1,1,1,1,1,1
GCF_000597845.1|WP_000025892.1,1,1,1,1,1,1,1,1,1,1,1
GCF_000597845.1|WP_000026047.1,1,1,1,1,1,1,1,1,1,1,1
GCF_000597845.1|WP_000026117.1,1,1,1,1,1,1,1,1,1,1,1
GCF_000597845.1|WP_000027705.1,1,1,1,1,1,1,1,1,1,1,1
GCF_000597845.1|WP_000028114.1,1,1,1,1,1,1,1,1,1,1,0
GCF_000597845.1|WP_000028540.1,1,1,1,1,1,1,1,1,1,1,1
GCF_000597845.1|WP_000028878.1,1,1,1,1,1,1,1,1,1,1,1
GCF_000597845.1|WP_000028953.1,1,1,1,1,1,1,1,1,1,1,1
GCF_000597845.1|WP_000029611.1,1,1,1,1,1,1,1,1,1,1,1
GCF_000597845.1|WP_000030016.1,1,1,1,1,1,1,1,1,1,1,1
GCF_000597845.1|WP_000030537.1,1,1,1,1,1,1,1,1,1,1,1
GCF_000597845.1|WP_000030901.1,1,1,1,1,1,1,1,1,1,1,1
GCF_000597845.1|WP_000031783.1,1,1,1,1,1,1,1,1,1,1,1
GCF_000597845.1|WP_000032581.1,1,0,1,0,1,1,1,1,1,1,1
GCF_000597845.1|WP_000032691.1,1,1,1,1,1,1,1,1,1,1,1
GCF_000597845.1|WP_000032935.1,1,1,1,1,1,1,1,1,1,1,1
GCF_000597845.1|WP_000033328.1,1,1,1,1,1,1,1,1,1,1,1
GCF_000597845.1|WP_000033487.1,1,1,1,1,1,1,1,1,1,1,1
GCF_000597845.1|WP_000034372.1,1,1,1,1,1,1,1,1,1,1,1
GCF_000597845.1|WP_000034602.1,1,1,1,1,1,1,1,1,1,1,1
GCF_000597845.1|WP_000035581.1,1,1,1,1,1,1,1,1,1,1,1
GCF_000597845.1|WP_000036371.1,1,1,1,1,1,1,1,1,1,1,1
GCF_000597845.1|WP_000036723.1,1,1,1,1,1,1,1,1,1,1,1
GCF_000597845.1|WP_000037562.1,1,1,1,1,1,1,1,1,1,1,1
GCF_000597845.1|WP_000037608.1,1,1,1,0,1,1,1,1,1,1,1
GCF_000597845.1|WP_000039688.1,1,0,1,1,1,1,1,1,1,1,1
GCF_000597845.1|WP_000039862.1,1,1,1,1,1,1,1,1,1,1,1
GCF_000597845.1|WP_000039881.1,1,1,1,1,0,0,1,1,1,1,1
GCF_000597845.1|WP_000040169.1,1,1,1,1,1,1,1,1,1,1,1
GCF_000597845.1|WP_000040208.1,1,1,1,1,1,1,1,1,1,1,1
GCF_000597845.1|WP_000041681.1,1,1,1,1,1,1,1,1,1,1,1
GCF_000597845.1|WP_000041970.1,1,1,1,1,1,1,1,1,1,1,1
GCF_000597845.1|WP_000042533.1,1,1,1,1,1,1,1,1,1,1,1
GCF_000597845.1|WP_000042632.1,1,1,1,1,1,1,1,1,1,1,1
GCF_000597845.1|WP_000042900.1,1,1,1,1,1,1,1,1,1,1,1
GCF_000597845.1|WP_000043335.1,1,1,1,1,1,1,1,1,1,1,1
GCF_000597845.1|WP_000044314.1,1,1,1,1,1,1,0,0,1,1,1
GCF_000597845.1|WP_000044843.1,1,1,1,1,1,1,1,1,1,1,1
GCF_000597845.1|WP_000045305.1,1,1,1,1,1,1,1,1,1,1,1
GCF_000597845.1|WP_000045450.1,1,1,1,1,1,1,1,1,1,1,1
GCF_000597845.1|WP_000045744.1,1,1,1,1,1,1,1,1,1,1,1
GCF_000597845.1|WP_000046281.1,1,1,1,1,1,1,1,1,1,1,1
GCF_000597845.1|WP_000047170.1,1,1,1,1,1,1,1,1,1,1,1
GCF_000597845.1|WP_000048252.1,1,1,1,1,1,1,1,1,1,1,1
GCF_000597845.1|WP_000048324.1,1,0,1,1,0,0,0,0,0,0,1
GCF_000597845.1|WP_000048950.1,1,1,1,1,1,1,1,1,1,1,1
GCF_000597845.1|WP_000049208.1,1,1,1,1,1,1,1,1,1,1,1
GCF_000597845.1|WP_000050139.1,1,1,1,1,1,1,1,1,1,1,1
GCF_000597845.1|WP_000050265.1,1,1,1,1,1,1,1,1,1,1,1
GCF_000597845.1|WP_000050789.1,1,1,1,1,1,1,1,1,1,1,1
GCF_000597845.1|WP_000051560.1,1,1,1,1,1,1,1,1,1,1,1
GCF_000597845.1|WP_000051841.1,1,1,1,1,1,1,1,1,1,1,1
GCF_000597845.1|WP_000052206.1,1,1,1,1,1,1,0,0,1,1,1
GCF_000597845.1|WP_000052796.1,1,1,1,1,1,1,1,1,1,1,1
GCF_000597845.1|WP_000053099.1,1,1,1,1,1,1,1,1,1,1,1
GCF_000597845.1|WP_000053415.1,1,1,1,1,0,0,1,1,1,1,1
GCF_000597845.1|WP_000055072.1,1,1,1,1,1,1,1,1,1,1,1
GCF_000597845.1|WP_000055746.1,1,1,1,1,1,1,1,1,1,1,1
GCF_000597845.1|WP_000056003.1,1,1,1,1,1,1,1,1,1,1,1
GCF_000597845.1|WP_000056442.1,1,1,1,1,1,1,1,1,1,1,1
GCF_000597845.1|WP_000056760.1,1,1,1,1,1,1,1,1,1,1,1
GCF_000597845.1|WP_000057138.1,1,1,1,1,1,1,1,1,1,1,1
GCF_000597845.1|WP_000058717.1,1,0,0,0,0,0,0,0,0,0,0
GCF_000597845.1|WP_000059111.1,1,1,1,1,1,1,1,1,1,1,1
GCF_000597845.1|WP_000059307.1,1,1,1,1,1,1,1,1,1,1,1
GCF_000597845.1|WP_000059388.1,1,1,1,1,1,1,1,1,1,1,1
GCF_000597845.1|WP_000059466.1,1,1,1,1,1,1,1,1,1,1,1
GCF_000597845.1|WP_000059908.1,1,1,1,1,1,1,1,1,1,1,1
GCF_000597845.1|WP_000060112.1,1,1,1,1,1,1,1,1,1,1,1
GCF_000597845.1|WP_000060506.1,1,1,1,1,1,1,1,1,1,1,1
GCF_000597845.1|WP_000060978.1,1,1,1,1,1,1,1,1,1,1,1
GCF_000597845.1|WP_000062312.1,1,1,1,1,1,1,1,1,1,1,1
GCF_000597845.1|WP_000062457.1,1,1,1,1,1,1,1,1,1,1,1
GCF_000597845.1|WP_000062611.1,1,1,1,1,1,1,1,1,1,1,1
GCF_000597845.1|WP_000062997.1,1,1,1,1,1,1,1,1,1,1,1
GCF_000597845.1|WP_000063517.1,1,1,1,1,1,1,1,1,1,1,1
GCF_000597845.1|WP_000063978.1,1,1,1,1,1,1,1,1,1,1,1
GCF_000597845.1|WP_000064738.1,1,1,1,1,1,1,1,1,1,1,1
GCF_000597845.1|WP_000065253.1,1,1,1,1,1,1,1,1,1,1,1
GCF_000597845.1|WP_000065430.1,1,1,1,1,1,1,1,1,1,1,1
GCF_000597845.1|WP_000066484.1,1,1,1,1,1,1,1,1,1,1,1
GCF_000597845.1|WP_000066628.1,1,1,1,1,1,1,1,1,1,1,1
GCF_000597845.1|WP_000067401.1,1,1,1,1,1,1,1,1,1,1,1
GCF_000597845.1|WP_000067755.1,1,1,1,1,1,1,1,1,1,1,1
GCF_000597845.1|WP_000067822.1,1,1,1,1,1,1,1,1,1,1,1
GCF_000597845.1|WP_000068079.1,1,1,1,1,1,1,1,1,1,1,1
GCF_000597845.1|WP_000068457.1,1,1,1,1,1,1,1,1,1,1,1
GCF_000597845.1|WP_000068679.1,1,1,1,1,1,1,1,1,1,1,1
GCF_000597845.1|WP_000068701.1,1,1,1,1,1,1,1,1,1,1,1
GCF_000597845.1|WP_000068828.1,1,1,1,1,1,1,1,1,1,1,1
GCF_000597845.1|WP_000068922.1,1,1,1,1,1,1,1,1,1,1,1
GCF_000597845.1|WP_000069375.1,1,1,1,1,1,1,1,1,1,1,1
GCF_000597845.1|WP_000070131.1,1,1,1,1,1,1,1,1,1,1,1
GCF_000597845.1|WP_000070621.1,1,1,1,1,1,1,1,1,1,1,1
GCF_000597845.1|WP_000071134.1,1,1,1,1,1,1,1,1,1,1,1
GCF_000597845.1|WP_000071554.1,1,1,1,1,0,0,1,1,1,1,1
GCF_000597845.1|WP_000072067.1,1,1,1,1,1,1,1,1,1,1,1
GCF_000597845.1|WP_000072850.1,1,1,0,1,1,1,1,1,1,1,0
GCF_000597845.1|WP_000073223.1,1,1,1,1,1,1,1,1,1,1,1
GCF_000597845.1|WP_000073393.1,1,1,1,1,0,0,1,1,1,1,1
GCF_000597845.1|WP_000073590.1,1,1,1,1,1,1,1,1,1,1,1
GCF_000597845.1|WP_000074172.1,1,1,1,1,1,1,1,1,1,1,1
GCF_000597845.1|WP_000074527.1,1,1,1,1,1,1,1,1,1,1,1
GCF_000597845.1|WP_000074859.1,1,1,1,1,1,1,1,1,1,1,0
GCF_000597845.1|WP_000075744.1,1,1,1,1,1,1,1,1,1,1,1
GCF_000597845.1|WP_000075876.1,1,1,1,1,1,1,1,1,1,1,1
GCF_000597845.1|WP_000076001.1,1,1,1,1,1,1,1,1,1,1,1
GCF_000597845.1|WP_000076233.1,1,1,1,1,1,1,0,0,1,1,1
GCF_000597845.1|WP_000076376.1,1,1,1,1,0,0,1,1,1,1,1
GCF_000597845.1|WP_000078043.1,1,1,1,1,1,1,1,1,1,1,1
GCF_000597845.1|WP_000078754.1,1,1,1,1,1,1,1,1,1,1,1
GCF_000597845.1|WP_000079520.1,1,1,1,1,1,1,1,1,1,1,1
GCF_000597845.1|WP_000080339.1,1,0,1,1,1,1,0,0,0,1,1
GCF_000597845.1|WP_000080885.1,1,1,1,1,1,1,1,1,1,1,1
GCF_000597845.1|WP_000080947.1,1,1,1,1,1,1,1,1,1,1,1
GCF_000597845.1|WP_000081418.1,1,1,1,1,1,1,1,1,0,1,1
GCF_000597845.1|WP_000081550.1,1,1,1,1,1,1,1,1,0,1,1
GCF_000597845.1|WP_000082101.1,1,1,1,1,1,1,1,1,1,1,1
GCF_000597845.1|WP_000082127.1,1,1,1,1,1,1,1,1,1,1,1
GCF_000597845.1|WP_000082201.1,1,1,1,1,1,1,1,1,1,1,1
GCF_000597845.1|WP_000082738.1,1,1,1,1,1,1,1,1,1,1,1
GCF_000597845.1|WP_000082846.1,1,1,1,1,1,1,1,1,1,1,1
GCF_000597845.1|WP_000083005.1,1,1,1,1,1,1,1,1,1,1,1
GCF_000597845.1|WP_000083057.1,1,1,1,1,1,1,1,1,1,1,1
GCF_000597845.1|WP_000083216.1,1,1,0,1,1,1,1,1,1,0,1
GCF_000597845.1|WP_000084131.1,1,1,1,1,1,1,1,1,1,1,1
GCF_000597845.1|WP_000084387.1,1,1,1,1,1,1,1,1,1,1,1
GCF_000597845.1|WP_000084469.1,1,1,1,1,1,1,1,1,1,1,1
GCF_000597845.1|WP_000084573.1,1,1,1,1,0,0,1,1,1,0,1
GCF_000597845.1|WP_000084622.1,1,1,1,1,1,1,1,1,1,1,1
GCF_000597845.1|WP_000084639.1,1,1,1,1,1,1,1,1,1,1,1
GCF_000597845.1|WP_000084764.1,1,1,1,1,1,1,1,1,1,1,1
GCF_000597845.1|WP_000085233.1,1,1,1,1,1,1,1,1,1,1,1
GCF_000597845.1|WP_000085982.1,1,1,1,1,1,1,1,1,1,1,1
GCF_000597845.1|WP_000086722.1,1,1,1,1,1,1,1,1,1,1,1
GCF_000597845.1|WP_000086905.1,1,1,1,1,1,1,1,1,1,1,1
GCF_000597845.1|WP_000087214.1,1,1,1,1,1,1,1,1,1,1,1
GCF_000597845.1|WP_000087280.1,1,1,1,1,1,1,1,1,1,1,1
GCF_000597845.1|WP_000088916.1,1,1,1,1,1,1,1,1,1,1,1
GCF_000597845.1|WP_000089364.1,1,1,1,1,0,0,1,1,1,1,1
GCF_000597845.1|WP_000089731.1,1,1,1,1,1,1,1,1,1,1,1
GCF_000597845.1|WP_000090097.1,1,1,1,1,1,1,1,1,1,1,1
GCF_000597845.1|WP_000090158.1,1,1,1,1,1,1,1,1,1,1,1
GCF_000597845.1|WP_000090611.1,1,1,1,1,1,1,1,1,1,1,1
GCF_000597845.1|WP_000090775.1,1,1,1,1,1,1,1,1,1,1,1
GCF_000597845.1|WP_000091016.1,1,1,1,1,1,1,1,1,1,1,1
GCF_000597845.1|WP_000091199.1,1,1,1,1,1,1,1,1,1,1,1
GCF_000597845.1|WP_000091291.1,1,1,1,1,1,1,1,1,1,1,1
GCF_000597845.1|WP_000091572.1,1,1,1,1,0,0,1,1,1,1,1
GCF_000597845.1|WP_000091700.1,1,1,1,1,1,1,1,1,1,1,1
GCF_000597845.1|WP_000091840.1,1,1,1,1,1,1,1,1,0,1,1
GCF_000597845.1|WP_000091945.1,1,1,1,1,1,1,1,1,1,1,1
GCF_000597845.1|WP_000091955.1,1,1,1,1,1,1,1,1,1,1,1
GCF_000597845.1|WP_000092069.1,1,1,1,1,1,1,1,1,1,1,1
GCF_000597845.1|WP_000092206.1,1,1,1,1,1,1,1,1,1,1,1
GCF_000597845.1|WP_000092696.1,1,1,1,1,1,1,1,1,1,1,1
GCF_000597845.1|WP_000093154.1,1,1,1,1,1,1,1,1,1,1,1
GCF_000597845.1|WP_000093247.1,1,1,1,1,1,1,1,1,1,1,1
GCF_000597845.1|WP_000093589.1,1,1,1,1,1,1,1,1,1,1,1
GCF_000597845.1|WP_000093812.1,1,1,1,1,1,1,1,1,1,1,1
GCF_000597845.1|WP_000094011.1,1,1,1,1,1,1,1,1,1,1,1
GCF_000597845.1|WP_000094721.1,1,1,1,1,1,1,1,1,1,1,1
GCF_000597845.1|WP_000095187.1,1,1,1,1,1,1,1,1,1,1,1
GCF_000597845.1|WP_000095707.1,1,1,1,1,1,1,1,1,1,1,1
GCF_000597845.1|WP_000096011.1,1,1,1,1,1,1,1,1,1,1,1
GCF_000597845.1|WP_000096086.1,1,1,1,1,1,1,1,1,1,1,1
GCF_000597845.1|WP_000096674.1,1,1,1,1,1,1,1,1,1,1,1
GCF_000597845.1|WP_000096692.1,1,1,1,1,1,1,1,1,1,1,1
GCF_000597845.1|WP_000096875.1,1,1,1,1,0,0,1,1,1,1,1
GCF_000597845.1|WP_000097369.1,1,1,1,1,1,1,1,1,1,1,1
GCF_000597845.1|WP_000097580.1,1,1,1,1,1,1,1,1,1,1,1
GCF_000597845.1|WP_000098438.1,1,1,1,1,1,1,1,1,1,1,1
GCF_000597845.1|WP_000098818.1,1,1,1,1,1,1,1,1,1,1,1
GCF_000597845.1|WP_000098896.1,1,1,1,1,1,1,1,1,1,1,1
GCF_000597845.1|WP_000099289.1,1,1,1,1,1,1,1,1,1,1,1
GCF_000597845.1|WP_000099823.1,1,1,1,1,1,1,1,1,1,1,1
GCF_000597845.1|WP_000100420.1,1,1,1,1,1,1,1,1,1,1,1
GCF_000597845.1|WP_000100800.1,1,1,1,1,1,1,1,1,1,1,1
GCF_000597845.1|WP_000101055.1,1,1,1,1,1,1,1,1,1,1,1
GCF_000597845.1|WP_000101685.1,1,1,1,1,1,1,1,1,1,1,1
GCF_000597845.1|WP_000101737.1,1,1,1,1,1,1,1,1,1,1,1
GCF_000597845.1|WP_000101984.1,1,1,1,1,0,0,1,1,1,1,1
GCF_000597845.1|WP_000102278.1,1,1,1,1,1,1,1,1,1,1,1
GCF_000597845.1|WP_000102319.1,1,1,1,1,1,1,1,1,0,1,1
GCF_000597845.1|WP_000102485.1,1,1,1,1,1,1,1,1,1,1,1
GCF_000597845.1|WP_000102564.1,1,1,1,1,1,1,1,1,1,1,1
GCF_000597845.1|WP_000102886.1,1,1,1,1,1,1,1,1,1,1,1
GCF_000597845.1|WP_000103754.1,1,1,1,1,1,1,1,1,1,1,1
GCF_000597845.1|WP_000104211.1,1,1,1,1,1,1,1,1,1,1,1
GCF_000597845.1|WP_000104521.1,1,1,1,1,1,1,1,1,1,1,1
GCF_000597845.1|WP_000105566.1,1,1,1,1,1,1,1,1,1,1,1
GCF_000597845.1|WP_000105636.1,1,0,0,0,0,0,0,0,0,0,0
GCF_000597845.1|WP_000105733.1,1,1,1,1,1,1,1,1,1,1,1
GCF_000597845.1|WP_000105851.1,1,1,1,1,1,1,1,1,1,1,1
GCF_000597845.1|WP_000106474.1,1,1,1,1,0,0,1,1,1,1,1
GCF_000597845.1|WP_000106560.1,1,1,1,1,1,1,1,1,1,1,1
GCF_000597845.1|WP_000106627.1,1,1,1,1,1,1,1,1,1,1,1
GCF_000597845.1|WP_000108160.1,1,1,1,1,1,1,1,1,1,1,1
GCF_000597845.1|WP_000108172.1,1,1,1,1,1,1,1,1,1,1,1
GCF_000597845.1|WP_000108294.1,1,1,1,1,1,1,1,1,1,1,1
GCF_000597845.1|WP_000108330.1,1,1,1,1,1,1,1,1,1,1,1
GCF_000597845.1|WP_000108626.1,1,1,1,1,1,1,1,1,1,1,1
GCF_000597845.1|WP_000109295.1,1,1,1,1,1,1,1,1,1,1,1
GCF_000597845.1|WP_000109526.1,1,1,1,1,1,1,1,1,1,1,1
GCF_000597845.1|WP_000109943.1,1,1,1,1,1,1,1,1,1,1,1
GCF_000597845.1|WP_000110501.1,1,1,1,1,1,1,1,1,1,1,1
GCF_000597845.1|WP_000111043.1,1,1,1,1,1,1,1,1,1,1,1
GCF_000597845.1|WP_000111269.1,1,1,1,1,1,1,1,1,1,1,1
GCF_000597845.1|WP_000113127.1,1,1,1,1,0,0,1,1,1,1,1
GCF_000597845.1|WP_000114272.1,1,1,1,1,1,1,1,1,1,1,1
GCF_000597845.1|WP_000114985.1,1,1,1,1,1,1,1,1,1,1,1
GCF_000597845.1|WP_000115199.1,1,1,1,1,1,1,1,1,1,1,1
GCF_000597845.1|WP_000115290.1,1,1,1,1,1,1,1,1,1,1,1
GCF_000597845.1|WP_000116090.1,1,1,1,1,1,1,1,1,1,1,1
GCF_000597845.1|WP_000116297.1,1,1,1,1,1,1,1,1,1,1,1
GCF_000597845.1|WP_000116565.1,1,1,1,1,1,1,1,1,1,1,1
GCF_000597845.1|WP_000116695.1,1,1,1,1,1,1,1,1,1,1,1
GCF_000597845.1|WP_000116772.1,1,0,1,1,1,1,1,1,1,1,1
GCF_000597845.1|WP_000117728.1,1,1,1,1,1,1,1,1,1,1,1
GCF_000597845.1|WP_000117881.1,1,1,1,1,1,1,1,1,1,1,1
GCF_000597845.1|WP_000118404.1,1,1,1,1,1,1,1,1,1,1,1
GCF_000597845.1|WP_000118507.1,1,1,1,1,1,1,1,1,1,1,1
GCF_000597845.1|WP_000118826.1,1,1,1,1,1,1,1,1,1,1,1
GCF_000597845.1|WP_000118901.1,1,1,1,1,0,0,1,1,1,1,1
GCF_000597845.1|WP_000119763.1,1,1,1,1,1,1,1,1,1,1,1
GCF_000597845.1|WP_000122013.1,1,1,1,1,1,1,1,1,1,1,1
GCF_000597845.1|WP_000122080.1,1,0,1,1,1,1,1,1,1,1,1
GCF_000597845.1|WP_000122253.1,1,1,1,1,1,1,1,1,1,1,1
GCF_000597845.1|WP_000122426.1,1,1,1,1,1,1,1,1,1,1,1
GCF_000597845.1|WP_000122884.1,1,1,1,1,1,1,1,1,1,1,1
GCF_000597845.1|WP_000123197.1,1,1,1,1,1,1,1,1,1,1,1
GCF_000597845.1|WP_000124421.1,1,1,1,1,1,1,1,1,1,1,1
GCF_000597845.1|WP_000124615.1,1,1,1,1,1,1,1,1,1,1,1
GCF_000597845.1|WP_000124700.1,1,1,1,1,1,1,1,1,1,1,1
GCF_000597845.1|WP_000124850.1,1,1,1,1,1,1,1,1,1,1,1
GCF_000597845.1|WP_000125016.1,1,1,1,1,1,1,1,1,1,1,1
GCF_000597845.1|WP_000125832.1,1,1,1,1,1,1,1,1,1,1,1
GCF_000597845.1|WP_000126500.1,1,1,1,1,1,1,1,1,1,1,1
GCF_000597845.1|WP_000126538.1,1,1,1,1,1,1,1,1,1,1,1
GCF_000597845.1|WP_000127356.1,1,1,1,1,1,1,1,1,1,1,1
GCF_000597845.1|WP_000127781.1,1,1,1,1,1,1,1,1,1,1,1
GCF_000597845.1|WP_000128491.1,1,1,1,1,1,1,1,1,1,1,1
GCF_000597845.1|WP_000128776.1,1,1,1,1,1,1,1,1,1,1,1
GCF_000597845.1|WP_000129558.1,1,1,1,1,1,1,1,1,1,1,1
GCF_000597845.1|WP_000130051.1,1,1,1,1,1,1,1,1,1,1,1
GCF_000597845.1|WP_000130100.1,1,1,1,1,1,1,1,1,1,1,1
GCF_000597845.1|WP_000130189.1,1,1,1,1,1,1,1,1,1,1,1
GCF_000597845.1|WP_000130217.1,1,1,1,1,1,1,1,1,1,1,1
GCF_000597845.1|WP_000130305.1,1,1,1,1,1,1,1,1,1,1,1
GCF_000597845.1|WP_000130380.1,1,1,1,1,1,1,1,1,1,1,1
GCF_000597845.1|WP_000130621.1,1,1,1,1,1,1,1,1,1,1,1
GCF_000597845.1|WP_000130843.1,1,1,1,1,1,1,1,1,1,1,1
GCF_000597845.1|WP_000131314.1,1,1,1,1,1,1,1,1,1,1,1
GCF_000597845.1|WP_000131702.1,1,1,1,1,1,1,1,1,1,1,1
GCF_000597845.1|WP_000131719.1,1,1,1,1,1,1,1,1,1,1,1
GCF_000597845.1|WP_000131782.1,1,1,1,1,1,1,1,1,1,1,1
GCF_000597845.1|WP_000131925.1,1,1,1,1,1,1,1,1,1,1,1
GCF_000597845.1|WP_000132231.1,1,1,1,1,1,1,1,1,1,1,1
GCF_000597845.1|WP_000132643.1,1,1,1,1,1,1,1,1,1,1,1
GCF_000597845.1|WP_000132961.1,1,1,1,1,1,1,1,1,1,1,1
GCF_000597845.1|WP_000133044.1,1,1,1,1,1,1,1,1,1,1,1
GCF_000597845.1|WP_000133193.1,1,1,1,1,1,1,1,1,1,1,1
GCF_000597845.1|WP_000133591.1,1,1,1,1,1,1,1,1,1,1,1
GCF_000597845.1|WP_000133631.1,1,1,1,1,1,1,1,1,1,1,1
GCF_000597845.1|WP_000134014.1,1,1,1,1,1,1,1,1,1,1,1
GCF_000597845.1|WP_000134636.1,1,1,1,1,0,0,1,1,1,1,1
GCF_000597845.1|WP_000134870.1,1,1,1,1,1,1,1,1,1,1,1
GCF_000597845.1|WP_000135040.1,1,1,1,1,1,1,1,1,1,1,1
GCF_000597845.1|WP_000135058.1,1,1,1,1,1,1,1,1,1,1,1
GCF_000597845.1|WP_000135199.1,1,1,1,1,1,1,1,1,1,1,1
GCF_000597845.1|WP_000135224.1,1,1,1,1,1,1,1,1,1,1,1
GCF_000597845.1|WP_000135625.1,1,1,1,1,1,1,1,1,1,1,1
GCF_000597845.1|WP_000135680.1,1,0,0,1,0,0,1,1,1,0,1
GCF_000597845.1|WP_000136192.1,1,1,1,1,1,1,1,1,1,1,1
GCF_000597845.1|WP_000136788.1,1,1,1,1,1,1,1,1,1,1,1
GCF_000597845.1|WP_000137280.1,1,1,1,1,1,1,1,1,1,1,1
GCF_000597845.1|WP_000137296.1,1,0,0,1,1,1,1,1,1,1,1
GCF_000597845.1|WP_000137657.1,1,1,1,1,1,1,1,1,1,1,1
GCF_000597845.1|WP_000138052.1,1,1,1,1,1,1,1,1,1,1,1
GCF_000597845.1|WP_000138282.1,1,1,1,1,1,1,1,1,1,1,1
GCF_000597845.1|WP_000138728.1,1,1,1,1,1,1,1,1,1,1,1
GCF_000597845.1|WP_000138905.1,1,1,1,1,1,1,1,1,1,1,1
GCF_000597845.1|WP_000139496.1,1,1,1,1,1,1,1,1,1,1,1
GCF_000597845.1|WP_000140327.1,1,1,1,1,1,1,1,1,1,1,1
GCF_000597845.1|WP_000140508.1,1,1,1,1,1,1,1,1,1,1,1
GCF_000597845.1|WP_000141275.1,1,1,1,1,1,1,1,1,1,1,1
GCF_000597845.1|WP_000144073.1,1,1,1,1,1,1,1,1,1,1,1
GCF_000597845.1|WP_000144361.1,1,1,1,1,1,1,1,1,1,1,1
GCF_000597845.1|WP_000145975.1,1,1,1,1,1,1,1,1,1,1,1
GCF_000597845.1|WP_000146159.1,1,1,1,1,1,1,1,1,1,1,1
GCF_000597845.1|WP_000146343.1,1,1,1,1,1,1,1,1,1,1,1
GCF_000597845.1|WP_000146689.1,1,0,0,0,0,0,0,0,0,1,0
GCF_000597845.1|WP_000146992.1,1,1,1,1,1,1,1,1,1,1,1
GCF_000597845.1|WP_000147624.1,1,1,1,1,1,1,1,1,1,1,1
GCF_000597845.1|WP_000147987.1,1,1,1,1,1,1,1,1,1,1,1
GCF_000597845.1|WP_000148063.1,1,1,1,1,1,1,1,1,1,1,1
GCF_000597845.1|WP_000148551.1,1,1,1,1,1,1,1,1,1,1,1
GCF_000597845.1|WP_000148875.1,1,1,1,1,1,1,1,1,1,1,1
GCF_000597845.1|WP_000148959.1,1,1,1,1,1,1,1,1,1,1,1
GCF_000597845.1|WP_000149639.1,1,1,1,1,1,1,1,1,1,1,1
GCF_000597845.1|WP_000149991.1,1,1,1,1,1,1,1,1,1,1,1
GCF_000597845.1|WP_000150118.1,1,1,1,1,1,1,0,1,1,1,1
GCF_000597845.1|WP_000150543.1,1,1,1,1,1,1,1,1,1,1,1
GCF_000597845.1|WP_000150637.1,1,1,1,1,1,1,1,1,1,1,1
GCF_000597845.1|WP_000151734.1,1,1,1,1,1,1,1,1,1,1,1
GCF_000597845.1|WP_000152305.1,1,1,1,1,1,1,1,1,1,1,1
GCF_000597845.1|WP_000152518.1,1,1,1,1,1,1,1,1,1,1,1
GCF_000597845.1|WP_000152933.1,1,1,1,1,1,1,1,1,1,1,1
GCF_000597845.1|WP_000153067.1,1,1,1,1,0,0,1,1,1,1,1
GCF_000597845.1|WP_000153129.1,1,1,1,1,1,1,1,1,1,1,1
GCF_000597845.1|WP_000153502.1,1,1,1,1,1,1,1,1,1,1,1
GCF_000597845.1|WP_000153910.1,1,1,1,1,1,1,1,1,1,1,1
GCF_000597845.1|WP_000154044.1,1,1,1,1,1,1,1,1,1,1,1
GCF_000597845.1|WP_000154398.1,1,1,1,1,1,1,1,1,1,1,1
GCF_000597845.1|WP_000155257.1,1,1,1,1,1,1,1,1,1,1,1
GCF_000597845.1|WP_000155657.1,1,1,1,1,1,1,1,1,1,1,1
GCF_000597845.1|WP_000156255.1,1,1,1,1,1,1,1,1,1,1,1
GCF_000597845.1|WP_000156518.1,1,1,1,1,1,1,1,1,1,1,1
GCF_000597845.1|WP_000156701.1,1,1,1,1,1,1,1,1,1,1,1
GCF_000597845.1|WP_000156811.1,1,1,1,1,1,1,1,1,1,1,1
GCF_000597845.1|WP_000157259.1,1,1,1,1,1,1,1,1,1,1,1
GCF_000597845.1|WP_000158056.1,1,1,1,1,1,1,1,1,1,1,1
GCF_000597845.1|WP_000158153.1,1,1,1,1,1,1,1,1,1,1,1
GCF_000597845.1|WP_000158547.1,1,1,1,1,1,1,1,1,1,1,1
GCF_000597845.1|WP_000160104.1,1,1,0,0,1,1,0,0,0,0,1
GCF_000597845.1|WP_000160808.1,1,1,1,1,1,1,1,1,1,1,1
GCF_000597845.1|WP_000161265.1,1,1,1,1,1,1,1,1,1,1,1
GCF_000597845.1|WP_000162569.1,1,1,1,1,1,1,1,1,1,1,1
GCF_000597845.1|WP_000162740.1,1,1,1,1,1,1,1,1,1,1,1
GCF_000597845.1|WP_000164033.1,1,0,1,1,1,1,1,1,1,1,1
GCF_000597845.1|WP_000164043.1,1,0,0,0,0,0,0,0,0,0,0
GCF_000597845.1|WP_000164439.1,1,1,1,1,1,1,1,1,1,1,1
GCF_000597845.1|WP_000165552.1,1,1,1,1,1,1,1,1,1,1,1
GCF_000597845.1|WP_000165699.1,1,1,1,1,1,1,0,0,0,1,1
GCF_000597845.1|WP_000165879.1,1,1,1,1,1,1,1,1,1,1,1
GCF_000597845.1|WP_000166270.1,1,1,1,1,1,1,1,1,1,1,1
GCF_000597845.1|WP_000166449.1,1,1,1,1,1,1,1,1,1,1,1
GCF_000597845.1|WP_000166961.1,1,0,0,0,0,0,0,0,0,0,0
GCF_000597845.1|WP_000167336.1,1,1,1,1,1,1,1,1,1,1,1
GCF_000597845.1|WP_000168797.1,1,1,1,1,1,1,1,1,1,1,1
GCF_000597845.1|WP_000169176.1,1,1,1,1,1,1,1,1,1,1,0
GCF_000597845.1|WP_000169728.1,1,1,1,1,1,1,1,1,1,1,1
GCF_000597845.1|WP_000170346.1,1,1,1,1,1,1,1,1,1,1,1
GCF_000597845.1|WP_000170963.1,1,1,1,1,1,1,1,1,1,1,1
GCF_000597845.1|WP_000171719.1,1,1,1,1,1,1,1,1,1,1,0
GCF_000597845.1|WP_000172005.1,1,1,1,1,1,1,1,1,1,1,1
GCF_000597845.1|WP_000172749.1,1,1,1,1,1,1,1,1,1,1,1
GCF_000597845.1|WP_000173291.1,1,1,1,1,1,1,1,1,1,1,1
GCF_000597845.1|WP_000174305.1,1,1,1,1,1,1,1,1,1,1,1
GCF_000597845.1|WP_000174677.1,1,1,1,1,1,1,0,1,1,1,1
GCF_000597845.1|WP_000175026.1,1,1,1,1,1,1,1,1,1,1,1
GCF_000597845.1|WP_000175286.1,1,1,1,1,1,1,1,1,1,1,1
GCF_000597845.1|WP_000175706.1,1,1,1,1,1,1,1,1,1,1,1
GCF_000597845.1|WP_000175943.1,1,1,1,1,1,1,1,1,1,1,1
GCF_000597845.1|WP_000176270.1,1,1,1,1,1,1,1,1,1,1,1
GCF_000597845.1|WP_000177057.1,1,0,0,1,1,1,1,1,1,0,0
GCF_000597845.1|WP_000177526.1,1,0,1,1,1,1,1,1,1,1,1
GCF_000597845.1|WP_000177732.1,1,1,1,1,1,1,1,1,1,1,1
GCF_000597845.1|WP_000178044.1,1,1,1,1,1,1,1,1,1,1,1
GCF_000597845.1|WP_000178677.1,1,1,1,1,1,1,1,1,1,1,1
GCF_000597845.1|WP_000179165.1,1,1,1,1,1,1,1,1,1,1,1
GCF_000597845.1|WP_000179409.1,1,1,1,1,1,1,1,1,1,1,1
GCF_000597845.1|WP_000179819.1,1,1,1,1,1,1,1,1,1,1,1
GCF_000597845.1|WP_000179845.1,1,0,0,0,0,0,0,0,0,0,0
GCF_000597845.1|WP_000180056.1,1,1,1,1,1,1,1,1,1,1,1
GCF_000597845.1|WP_000182053.1,1,1,1,1,1,1,1,1,1,1,1
GCF_000597845.1|WP_000183349.1,1,1,1,1,1,1,1,1,1,1,1
GCF_000597845.1|WP_000183505.1,1,1,1,1,1,1,1,1,1,1,1
GCF_000597845.1|WP_000183676.1,1,1,1,1,1,1,1,1,1,1,1
GCF_000597845.1|WP_000183907.1,1,1,1,1,1,1,1,1,1,1,1
GCF_000597845.1|WP_000183976.1,1,1,1,1,1,1,1,1,1,1,1
GCF_000597845.1|WP_000184830.1,1,1,1,1,1,1,1,1,1,1,1
GCF_000597845.1|WP_000185247.1,1,1,1,1,1,1,1,1,1,1,1
GCF_000597845.1|WP_000186369.1,1,1,1,1,1,1,1,1,1,1,1
GCF_000597845.1|WP_000186450.1,1,1,1,1,1,1,1,1,1,1,1
GCF_000597845.1|WP_000186540.1,1,1,1,1,1,1,1,1,1,1,1
GCF_000597845.1|WP_000187022.1,1,1,1,1,1,1,1,1,1,1,1
GCF_000597845.1|WP_000187442.1,1,1,1,1,1,1,1,1,1,1,1
GCF_000597845.1|WP_000187530.1,1,1,1,1,1,1,1,1,1,1,1
GCF_000597845.1|WP_000187776.1,1,1,1,1,1,1,1,1,1,1,1
GCF_000597845.1|WP_000188140.1,1,1,1,1,1,1,1,1,1,1,0
GCF_000597845.1|WP_000188287.1,1,0,0,1,1,1,1,1,1,0,1
GCF_000597845.1|WP_000189019.1,1,1,1,1,1,1,1,1,1,1,1
GCF_000597845.1|WP_000189207.1,1,1,1,1,1,1,1,1,1,1,1
GCF_000597845.1|WP_000189314.1,1,1,1,1,1,1,1,1,1,1,1
GCF_000597845.1|WP_000189541.1,1,1,1,1,1,1,0,1,1,1,1
GCF_000597845.1|WP_000189606.1,1,0,0,0,1,0,0,0,0,0,0
GCF_000597845.1|WP_000189743.1,1,1,1,1,1,1,1,1,1,1,1
GCF_000597845.1|WP_000190288.1,1,1,1,1,1,1,1,1,1,1,1
GCF_000597845.1|WP_000190506.1,1,1,1,1,1,1,1,1,1,1,1
GCF_000597845.1|WP_000190516.1,1,1,1,1,1,1,1,1,1,1,1
GCF_000597845.1|WP_000190577.1,1,1,1,1,1,1,1,1,1,1,1
GCF_000597845.1|WP_000190655.1,1,1,1,1,1,1,1,1,1,1,1
GCF_000597845.1|WP_000190854.1,1,1,1,1,1,1,1,1,1,1,1
GCF_000597845.1|WP_000191257.1,1,1,1,1,1,1,1,1,1,1,1
GCF_000597845.1|WP_000191497.1,1,1,1,1,0,0,1,1,1,1,1
GCF_000597845.1|WP_000191622.1,1,1,1,1,1,1,1,1,1,1,1
GCF_000597845.1|WP_000192245.1,1,1,1,1,1,1,1,1,1,1,1
GCF_000597845.1|WP_000192533.1,1,1,1,1,1,1,1,1,1,1,1
GCF_000597845.1|WP_000193447.1,1,1,1,1,1,1,1,1,1,1,1
GCF_000597845.1|WP_000193844.1,1,1,1,1,1,1,1,1,1,1,1
GCF_000597845.1|WP_000194928.1,1,1,1,1,1,1,1,1,1,1,1
GCF_000597845.1|WP_000195062.1,1,1,1,1,1,1,1,1,1,1,1
GCF_000597845.1|WP_000195171.1,1,1,1,1,1,1,1,1,1,1,1
GCF_000597845.1|WP_000195296.1,1,1,1,1,1,1,1,1,1,1,1
GCF_000597845.1|WP_000196256.1,1,1,1,1,1,1,1,1,1,1,1
GCF_000597845.1|WP_000196875.1,1,1,1,1,1,1,1,1,1,1,1
GCF_000597845.1|WP_000197340.1,1,1,1,1,1,1,1,1,1,1,1
GCF_000597845.1|WP_000197578.1,1,1,1,1,1,1,1,1,1,1,1
GCF_000597845.1|WP_000197686.1,1,1,1,1,1,1,1,1,1,1,1
GCF_000597845.1|WP_000197884.1,1,1,1,1,1,1,1,1,1,1,1
GCF_000597845.1|WP_000198328.1,1,1,1,1,1,1,1,1,1,1,1
GCF_000597845.1|WP_000198773.1,1,1,1,1,1,1,1,1,1,1,1
GCF_000597845.1|WP_000200120.1,1,1,1,1,1,1,1,1,1,1,1
GCF_000597845.1|WP_000200378.1,1,1,1,1,1,1,1,1,1,1,1
GCF_000597845.1|WP_000201819.1,1,1,1,1,1,1,1,1,1,1,1
GCF_000597845.1|WP_000202798.1,1,1,1,1,1,1,1,1,1,1,1
GCF_000597845.1|WP_000202902.1,1,1,1,1,1,1,1,1,1,1,1
GCF_000597845.1|WP_000202990.1,1,1,1,1,1,1,1,1,1,1,1
GCF_000597845.1|WP_000203025.1,1,1,1,1,1,1,1,1,1,1,1
GCF_000597845.1|WP_000203096.1,1,1,1,1,1,1,1,1,1,1,1
GCF_000597845.1|WP_000203741.1,1,1,1,1,1,1,1,1,1,1,1
GCF_000597845.1|WP_000203905.1,1,1,1,1,1,1,1,1,1,1,1
GCF_000597845.1|WP_000204018.1,1,1,1,1,1,1,1,1,1,1,1
GCF_000597845.1|WP_000204342.1,1,1,1,1,1,1,1,1,1,1,1
GCF_000597845.1|WP_000204658.1,1,1,1,1,1,1,1,1,1,1,1
GCF_000597845.1|WP_000206275.1,1,1,1,1,1,1,1,1,1,1,1
GCF_000597845.1|WP_000206388.1,1,1,1,1,0,0,1,1,1,1,1
GCF_000597845.1|WP_000206990.1,1,1,1,1,1,1,1,1,1,1,1
GCF_000597845.1|WP_000207680.1,1,1,1,1,1,1,1,1,1,1,1
GCF_000597845.1|WP_000208242.1,1,1,1,1,1,1,1,1,1,1,1
GCF_000597845.1|WP_000208520.1,1,1,1,1,1,1,1,1,1,1,1
GCF_000597845.1|WP_000208757.1,1,1,1,1,1,1,1,1,1,1,1
GCF_000597845.1|WP_000209520.1,1,1,1,1,1,1,1,1,1,1,1
GCF_000597845.1|WP_000209826.1,1,1,1,1,1,1,1,1,1,1,1
GCF_000597845.1|WP_000210739.1,1,1,1,1,1,1,1,1,1,1,1
GCF_000597845.1|WP_000210878.1,1,1,1,1,1,1,1,1,1,1,1
GCF_000597845.1|WP_000211045.1,1,1,1,1,1,1,1,1,1,1,1
GCF_000597845.1|WP_000211172.1,1,1,1,1,1,1,1,1,1,1,1
GCF_000597845.1|WP_000211237.1,1,1,1,1,1,1,1,1,1,1,1
GCF_000597845.1|WP_000211655.1,1,1,1,1,1,1,1,1,1,1,1
GCF_000597845.1|WP_000211858.1,1,1,1,1,1,1,1,1,1,1,1
GCF_000597845.1|WP_000211907.1,1,1,1,1,1,1,1,1,1,1,1
GCF_000597845.1|WP_000211971.1,1,1,1,1,1,1,1,1,1,1,1
GCF_000597845.1|WP_000212253.1,1,1,1,1,1,1,1,1,1,1,1
GCF_000597845.1|WP_000212426.1,1,1,1,1,1,1,1,1,1,1,1
GCF_000597845.1|WP_000212475.1,1,1,1,1,1,1,1,1,1,1,1
GCF_000597845.1|WP_000212680.1,1,1,1,1,1,1,1,1,1,1,1
GCF_000597845.1|WP_000214176.1,1,1,1,1,1,1,1,1,1,1,1
GCF_000597845.1|WP_000214516.1,1,1,1,1,1,1,1,1,1,1,1
GCF_000597845.1|WP_000214712.1,1,1,1,1,1,1,1,1,1,1,1
GCF_000597845.1|WP_000215137.1,1,1,1,1,1,1,1,1,1,1,1
GCF_000597845.1|WP_000215549.1,1,1,1,1,1,1,1,1,1,1,1
GCF_000597845.1|WP_000215657.1,1,0,0,0,0,0,0,0,0,0,0
GCF_000597845.1|WP_000216194.1,1,1,1,1,1,1,1,1,1,1,1
GCF_000597845.1|WP_000216791.1,1,1,1,1,1,1,1,1,1,1,1
GCF_000597845.1|WP_000217137.1,1,1,1,1,1,1,1,1,1,1,1
GCF_000597845.1|WP_000217859.1,1,1,1,1,1,1,1,1,1,1,1
GCF_000597845.1|WP_000217950.1,1,1,1,1,1,1,1,1,1,1,1
GCF_000597845.1|WP_000218362.1,1,1,1,1,1,1,1,1,1,1,1
GCF_000597845.1|WP_000219122.1,1,1,1,1,1,1,1,1,1,1,1
GCF_000597845.1|WP_000219687.1,1,1,1,1,1,1,1,1,1,1,1
GCF_000597845.1|WP_000220128.1,1,1,1,1,1,1,1,1,1,1,1
GCF_000597845.1|WP_000220281.1,1,1,1,1,1,1,1,1,1,1,1
GCF_000597845.1|WP_000220837.1,1,1,1,1,1,1,1,1,1,1,1
GCF_000597845.1|WP_000221855.1,1,1,1,1,1,1,1,1,1,1,0
GCF_000597845.1|WP_000222172.1,1,1,1,1,1,1,1,1,1,1,1
GCF_000597845.1|WP_000222495.1,1,1,1,1,1,1,1,1,1,1,1
GCF_000597845.1|WP_000224146.1,1,1,1,1,1,1,1,1,1,1,1
GCF_000597845.1|WP_000224470.1,1,1,1,1,1,1,1,1,1,1,1
GCF_000597845.1|WP_000224573.1,1,1,1,1,1,1,1,1,1,1,1
GCF_000597845.1|WP_000224659.1,1,1,1,1,1,1,1,1,1,1,1
GCF_000597845.1|WP_000224714.1,1,1,1,1,1,1,1,1,1,1,1
GCF_000597845.1|WP_000224879.1,1,1,1,1,1,1,1,1,1,1,1
GCF_000597845.1|WP_000224959.1,1,1,1,1,1,1,1,1,1,1,1
GCF_000597845.1|WP_000225221.1,1,1,1,1,1,1,1,1,1,1,1
GCF_000597845.1|WP_000225262.1,1,1,1,1,1,1,1,1,1,1,1
GCF_000597845.1|WP_000227281.1,1,0,0,0,0,0,0,0,0,0,0
GCF_000597845.1|WP_000227927.1,1,1,1,1,1,1,1,1,1,1,1
GCF_000597845.1|WP_000227958.1,1,1,1,1,1,1,1,1,1,1,1
GCF_000597845.1|WP_000228269.1,1,1,1,1,1,1,1,1,1,1,1
GCF_000597845.1|WP_000228555.1,1,1,1,1,1,1,1,1,1,1,1
GCF_000597845.1|WP_000228655.1,1,1,1,1,1,1,1,1,1,1,1
GCF_000597845.1|WP_000228937.1,1,1,1,1,1,1,1,1,1,1,1
GCF_000597845.1|WP_000230281.1,1,1,1,1,1,1,1,1,1,1,1
GCF_000597845.1|WP_000231927.1,1,1,1,1,1,1,1,1,1,1,1
GCF_000597845.1|WP_000233090.1,1,1,1,1,1,1,1,1,1,1,1
GCF_000597845.1|WP_000234514.1,1,1,1,1,1,1,1,1,1,1,1
GCF_000597845.1|WP_000234823.1,1,1,1,1,1,1,1,1,1,1,1
GCF_000597845.1|WP_000235203.1,1,1,1,1,1,1,1,1,1,1,1
GCF_000597845.1|WP_000235509.1,1,1,1,1,1,1,1,1,1,1,1
GCF_000597845.1|WP_000237005.1,1,1,1,1,1,1,1,1,1,1,1
GCF_000597845.1|WP_000237947.1,1,1,1,1,1,1,1,1,1,1,1
GCF_000597845.1|WP_000239529.1,1,0,0,0,0,0,0,0,0,0,0
GCF_000597845.1|WP_000239596.1,1,1,1,1,1,1,1,1,1,1,1
GCF_000597845.1|WP_000239730.1,1,1,1,1,1,1,1,1,1,1,1
GCF_000597845.1|WP_000239862.1,1,0,0,1,1,1,0,0,0,0,0
GCF_000597845.1|WP_000239928.1,1,1,1,1,1,1,1,1,1,1,1
GCF_000597845.1|WP_000240537.1,1,0,0,0,0,0,0,0,0,0,0
GCF_000597845.1|WP_000241011.1,1,1,1,1,1,1,1,1,1,1,1
GCF_000597845.1|WP_000241259.1,1,1,1,1,1,1,1,1,1,1,1
GCF_000597845.1|WP_000241660.1,1,1,1,1,1,1,1,1,1,1,1
GCF_000597845.1|WP_000242755.1,1,1,1,1,1,1,1,1,1,1,1
GCF_000597845.1|WP_000243741.1,1,1,1,1,1,1,1,1,1,1,1
GCF_000597845.1|WP_000244193.1,1,1,1,1,1,1,1,1,1,1,1
GCF_000597845.1|WP_000244777.1,1,1,1,1,1,1,1,1,1,1,1
GCF_000597845.1|WP_000246019.1,1,1,1,1,1,1,1,1,1,1,1
GCF_000597845.1|WP_000246138.1,1,1,1,1,1,1,1,1,1,1,1
GCF_000597845.1|WP_000246527.1,1,1,1,1,1,1,1,1,1,1,1
GCF_000597845.1|WP_000246636.1,1,0,0,0,0,0,0,0,0,0,0
GCF_000597845.1|WP_000246761.1,1,1,1,1,1,1,1,1,1,1,1
GCF_000597845.1|WP_000246815.1,1,1,1,1,1,1,1,1,1,1,1
GCF_000597845.1|WP_000246830.1,1,1,1,1,1,1,1,1,1,1,1
GCF_000597845.1|WP_000246882.1,1,1,1,1,1,1,1,1,1,1,1
GCF_000597845.1|WP_000247878.1,1,1,1,1,1,1,1,1,1,1,1
GCF_000597845.1|WP_000248097.1,1,1,1,1,1,1,0,0,0,1,1
GCF_000597845.1|WP_000248636.1,1,1,1,1,1,1,1,1,1,1,1
GCF_000597845.1|WP_000249104.1,1,1,1,1,1,1,1,1,1,1,1
GCF_000597845.1|WP_000249410.1,1,1,1,1,1,1,1,1,1,1,1
GCF_000597845.1|WP_000250006.1,1,1,1,1,1,1,1,1,1,1,1
GCF_000597845.1|WP_000250274.1,1,1,1,1,1,1,1,1,1,1,1
GCF_000597845.1|WP_000251727.1,1,1,1,1,1,1,1,1,1,1,1
GCF_000597845.1|WP_000252397.1,1,1,1,1,1,1,1,1,1,1,1
GCF_000597845.1|WP_000252908.1,1,1,1,1,1,1,1,1,1,1,1
GCF_000597845.1|WP_000252980.1,1,1,1,1,1,1,1,1,1,1,1
GCF_000597845.1|WP_000253975.1,1,1,1,1,1,1,1,1,1,1,1
GCF_000597845.1|WP_000254365.1,1,1,1,1,1,1,1,1,1,1,1
GCF_000597845.1|WP_000254633.1,1,1,1,1,1,1,1,1,1,1,1
GCF_000597845.1|WP_000254708.1,1,1,1,1,1,1,1,1,1,1,1
GCF_000597845.1|WP_000254738.1,1,0,1,1,1,1,1,1,1,1,1
GCF_000597845.1|WP_000254839.1,1,1,1,1,1,1,1,1,1,1,1
GCF_000597845.1|WP_000255997.1,1,1,1,1,1,1,1,1,1,1,1
GCF_000597845.1|WP_000256203.1,1,1,1,1,1,1,1,1,1,1,1
GCF_000597845.1|WP_000256450.1,1,1,1,1,1,1,1,1,1,1,1
GCF_000597845.1|WP_000256670.1,1,1,1,1,1,1,1,1,1,1,1
GCF_000597845.1|WP_000257192.1,1,1,1,1,1,1,1,1,1,1,1
GCF_000597845.1|WP_000257278.1,1,1,1,1,1,1,1,1,1,1,1
GCF_000597845.1|WP_000257293.1,1,1,1,1,1,1,1,1,1,1,1
GCF_000597845.1|WP_000257409.1,1,1,1,1,1,1,1,1,1,1,1
GCF_000597845.1|WP_000257738.1,1,1,1,1,1,1,1,1,1,1,1
GCF_000597845.1|WP_000258247.1,1,1,1,1,1,1,1,1,1,1,1
GCF_000597845.1|WP_000262113.1,1,1,1,1,1,1,1,1,1,1,1
GCF_000597845.1|WP_000263098.1,1,1,1,1,1,1,1,1,1,1,1
GCF_000597845.1|WP_000263347.1,1,1,1,1,1,1,1,1,1,1,1
GCF_000597845.1|WP_000264777.1,1,1,1,1,1,1,1,1,1,1,1
GCF_000597845.1|WP_000265933.1,1,1,1,1,1,1,1,1,1,1,0
GCF_000597845.1|WP_000267650.1,1,1,1,1,1,1,1,1,1,1,1
GCF_000597845.1|WP_000268232.1,1,1,1,1,1,1,1,1,1,1,1
GCF_000597845.1|WP_000270282.1,1,1,1,1,1,1,1,1,1,1,1
GCF_000597845.1|WP_000270305.1,1,1,1,1,1,1,1,1,1,1,1
GCF_000597845.1|WP_000270663.1,1,1,1,1,0,0,1,1,1,1,1
GCF_000597845.1|WP_000271401.1,1,1,1,1,1,1,1,1,1,1,1
GCF_000597845.1|WP_000271962.1,1,1,1,1,1,1,1,1,1,1,1
GCF_000597845.1|WP_000272188.1,1,1,1,1,1,1,1,1,1,1,1
GCF_000597845.1|WP_000273290.1,1,1,1,1,1,1,1,1,1,1,1
GCF_000597845.1|WP_000275380.1,1,1,1,1,1,1,1,1,1,1,1
GCF_000597845.1|WP_000275853.1,1,0,0,0,0,0,0,0,0,1,0
GCF_000597845.1|WP_000277917.1,1,1,1,1,1,1,1,1,1,1,1
GCF_000597845.1|WP_000278505.1,1,1,1,1,1,1,1,1,1,1,1
GCF_000597845.1|WP_000279599.1,1,1,1,1,1,1,1,1,1,1,1
GCF_000597845.1|WP_000280488.1,1,1,1,1,1,1,1,1,1,1,1
GCF_000597845.1|WP_000281320.1,1,1,1,1,1,1,1,1,1,1,1
GCF_000597845.1|WP_000281668.1,1,1,1,1,1,1,0,1,1,1,1
GCF_000597845.1|WP_000283664.1,1,1,1,1,1,1,1,1,1,1,1
GCF_000597845.1|WP_000284027.1,1,1,1,1,1,1,1,1,1,1,1
GCF_000597845.1|WP_000284050.1,1,1,1,1,1,1,1,1,1,1,1
GCF_000597845.1|WP_000284273.1,1,1,1,1,1,1,1,1,1,1,1
GCF_000597845.1|WP_000284783.1,1,1,1,1,1,1,1,1,1,1,1
GCF_000597845.1|WP_000285353.1,1,1,1,1,1,1,1,1,1,1,1
GCF_000597845.1|WP_000285607.1,1,1,1,1,1,1,1,1,1,1,1
GCF_000597845.1|WP_000285774.1,1,1,1,1,1,1,1,1,1,1,1
GCF_000597845.1|WP_000286500.1,1,1,1,1,1,1,1,1,1,1,1
GCF_000597845.1|WP_000288132.1,1,1,1,1,1,1,1,1,1,1,1
GCF_000597845.1|WP_000288621.1,1,1,1,1,1,1,1,1,1,1,1
GCF_000597845.1|WP_000288710.1,1,1,1,1,1,1,1,1,1,1,1
GCF_000597845.1|WP_000289085.1,1,1,1,1,1,1,1,1,1,1,1
GCF_000597845.1|WP_000290616.1,1,1,1,1,1,1,0,0,1,1,1
GCF_000597845.1|WP_000290727.1,1,1,1,1,1,1,1,1,1,1,1
GCF_000597845.1|WP_000301050.1,1,1,1,1,1,1,1,1,1,1,1
GCF_000597845.1|WP_000301727.1,1,1,1,1,1,1,1,1,1,1,1
GCF_000597845.1|WP_000301864.1,1,1,1,1,1,1,1,1,1,1,1
GCF_000597845.1|WP_000312488.1,1,1,1,1,1,1,1,1,1,1,1
GCF_000597845.1|WP_000323556.1,1,1,1,1,1,1,1,1,1,1,1
GCF_000597845.1|WP_000331377.1,1,1,1,1,1,1,1,1,1,1,1
GCF_000597845.1|WP_000331456.1,1,1,1,1,1,1,1,1,1,1,1
GCF_000597845.1|WP_000331559.1,1,1,1,1,1,1,1,1,1,1,1
GCF_000597845.1|WP_000331707.1,1,1,1,1,1,1,1,1,1,1,1
GCF_000597845.1|WP_000331776.1,1,1,1,1,1,1,1,1,1,1,1
GCF_000597845.1|WP_000332036.1,1,1,1,1,1,1,1,1,1,1,1
GCF_000597845.1|WP_000332890.1,1,1,1,0,1,1,0,0,0,1,0
GCF_000597845.1|WP_000333125.1,1,1,1,1,1,1,1,1,1,1,1
GCF_000597845.1|WP_000333176.1,1,1,1,1,1,1,1,1,1,1,1
GCF_000597845.1|WP_000333379.1,1,1,1,1,1,1,1,1,1,1,1
GCF_000597845.1|WP_000334221.1,1,1,1,1,1,1,1,1,1,1,1
GCF_000597845.1|WP_000334896.1,1,1,1,1,1,1,1,1,1,1,1
GCF_000597845.1|WP_000337665.1,1,1,1,1,1,1,1,1,1,1,1
GCF_000597845.1|WP_000339104.1,1,1,1,1,1,1,1,1,1,1,1
GCF_000597845.1|WP_000339283.1,1,1,1,1,1,1,1,1,1,1,1
GCF_000597845.1|WP_000339594.1,1,1,1,1,1,1,0,1,1,1,1
GCF_000597845.1|WP_000339804.1,1,1,1,1,1,1,1,1,1,1,1
GCF_000597845.1|WP_000340194.1,1,1,1,1,1,1,1,1,1,1,1
GCF_000597845.1|WP_000340758.1,1,1,1,1,1,1,1,1,1,1,1
GCF_000597845.1|WP_000340829.1,1,0,0,0,0,0,0,0,0,0,0
GCF_000597845.1|WP_000341004.1,1,1,1,1,0,0,0,0,0,1,1
GCF_000597845.1|WP_000342431.1,1,1,1,1,1,1,1,1,1,1,1
GCF_000597845.1|WP_000342643.1,1,1,1,1,1,1,1,1,1,1,1
GCF_000597845.1|WP_000342867.1,1,0,0,0,0,0,1,1,1,0,1
GCF_000597845.1|WP_000343195.1,1,1,1,1,1,1,1,1,1,1,1
GCF_000597845.1|WP_000344800.1,1,1,1,1,1,1,1,1,1,1,1
GCF_000597845.1|WP_000345410.1,1,1,1,1,1,1,1,1,1,1,1
GCF_000597845.1|WP_000347117.1,1,1,1,1,1,1,1,1,1,1,1
GCF_000597845.1|WP_000347217.1,1,1,1,1,1,1,1,1,1,1,1
GCF_000597845.1|WP_000347251.1,1,1,1,1,0,0,1,1,1,1,1
GCF_000597845.1|WP_000347717.1,1,1,1,1,1,1,1,1,1,1,1
GCF_000597845.1|WP_000349855.1,1,1,1,1,1,1,1,1,1,1,1
GCF_000597845.1|WP_000349924.1,1,1,1,1,0,0,1,1,1,1,1
GCF_000597845.1|WP_000350058.1,1,1,1,1,1,1,1,1,1,1,1
GCF_000597845.1|WP_000350095.1,1,1,1,1,1,1,1,1,1,1,1
GCF_000597845.1|WP_000350356.1,1,1,1,1,1,1,1,1,1,1,1
GCF_000597845.1|WP_000350635.1,1,0,0,0,0,0,0,0,0,0,0
GCF_000597845.1|WP_000350807.1,1,1,1,1,1,1,1,1,1,1,1
GCF_000597845.1|WP_000351315.1,1,1,1,1,1,1,1,1,1,1,1
GCF_000597845.1|WP_000351353.1,1,1,0,1,1,1,1,1,1,1,1
GCF_000597845.1|WP_000351464.1,1,1,1,1,1,1,1,1,1,1,1
GCF_000597845.1|WP_000354046.1,1,1,1,1,1,1,1,1,1,1,1
GCF_000597845.1|WP_000354622.1,1,1,1,1,1,1,1,1,1,1,1
GCF_000597845.1|WP_000356956.1,1,1,1,1,1,1,1,1,1,1,1
GCF_000597845.1|WP_000357056.1,1,0,0,0,0,0,0,0,0,0,0
GCF_000597845.1|WP_000357259.1,1,1,1,1,1,1,1,1,1,1,1
GCF_000597845.1|WP_000357740.1,1,1,1,1,1,1,1,1,1,1,1
GCF_000597845.1|WP_000358646.1,1,0,0,1,0,0,0,0,0,1,0
GCF_000597845.1|WP_000358930.1,1,1,1,1,1,1,1,1,1,1,1
GCF_000597845.1|WP_000358960.1,1,1,1,1,1,1,1,1,1,1,1
GCF_000597845.1|WP_000360900.1,1,1,1,1,1,1,1,1,1,1,1
GCF_000597845.1|WP_000360951.1,1,1,1,1,1,1,1,1,1,1,1
GCF_000597845.1|WP_000364335.1,1,1,1,1,1,1,1,1,1,1,1
GCF_000597845.1|WP_000364882.1,1,1,1,1,1,1,1,1,1,1,1
GCF_000597845.1|WP_000365173.1,1,1,1,1,1,1,1,1,1,1,1
GCF_000597845.1|WP_000365791.1,1,1,1,1,1,1,1,1,1,1,1
GCF_000597845.1|WP_000366028.1,1,1,1,1,1,1,1,1,1,1,1
GCF_000597845.1|WP_000366129.1,1,1,1,1,1,1,1,1,1,1,1
GCF_000597845.1|WP_000366501.1,1,1,1,1,1,1,1,1,1,1,1
GCF_000597845.1|WP_000366959.1,1,1,1,1,1,1,1,1,1,1,1
GCF_000597845.1|WP_000367023.1,1,0,1,1,1,1,1,1,1,1,1
GCF_000597845.1|WP_000368046.1,1,1,1,1,1,1,1,1,1,1,1
GCF_000597845.1|WP_000368117.1,1,1,1,1,1,1,1,1,1,1,1
GCF_000597845.1|WP_000368506.1,1,1,1,1,1,1,1,1,1,1,1
GCF_000597845.1|WP_000371325.1,1,0,0,0,0,0,0,0,0,0,0
GCF_000597845.1|WP_000371700.1,1,1,0,1,1,1,1,1,1,0,1
GCF_000597845.1|WP_000371928.1,1,1,1,1,1,1,1,1,1,1,1
GCF_000597845.1|WP_000372108.1,1,1,1,1,1,1,1,1,1,1,1
GCF_000597845.1|WP_000372364.1,1,1,1,1,1,1,1,1,1,1,1
GCF_000597845.1|WP_000373044.1,1,1,1,1,1,1,1,1,1,1,1
GCF_000597845.1|WP_000373101.1,1,1,1,1,1,1,1,1,1,1,1
GCF_000597845.1|WP_000373624.1,1,1,1,1,1,1,1,1,1,1,1
GCF_000597845.1|WP_000373940.1,1,1,1,1,1,1,1,1,1,1,1
GCF_000597845.1|WP_000375136.1,1,1,1,1,1,1,1,1,1,1,1
GCF_000597845.1|WP_000376337.1,1,1,1,1,1,1,1,1,1,1,1
GCF_000597845.1|WP_000377223.1,1,1,1,1,1,1,1,1,1,1,1
GCF_000597845.1|WP_000377786.1,1,1,1,1,1,1,1,1,1,1,1
GCF_000597845.1|WP_000378250.1,1,1,1,1,1,1,1,1,1,1,1
GCF_000597845.1|WP_000378442.1,1,1,1,1,1,1,1,1,1,1,1
GCF_000597845.1|WP_000379245.1,1,1,1,1,1,1,1,1,1,1,1
GCF_000597845.1|WP_000381173.1,1,1,1,1,1,1,1,1,1,1,1
GCF_000597845.1|WP_000381303.1,1,1,1,1,1,1,1,1,1,1,1
GCF_000597845.1|WP_000383096.1,1,1,1,1,1,1,1,1,1,1,1
GCF_000597845.1|WP_000383237.1,1,1,1,1,1,1,1,1,1,1,1
GCF_000597845.1|WP_000383836.1,1,1,1,1,1,1,1,1,1,1,1
GCF_000597845.1|WP_000384306.1,1,1,1,1,1,1,1,1,1,1,1
GCF_000597845.1|WP_000386551.1,1,1,1,1,1,1,1,1,1,1,1
GCF_000597845.1|WP_000386733.1,1,1,1,1,1,1,1,1,1,1,1
GCF_000597845.1|WP_000387388.1,1,1,1,1,1,1,1,1,0,1,1
GCF_000597845.1|WP_000388136.1,1,1,1,1,1,1,1,1,1,0,1
GCF_000597845.1|WP_000389030.1,1,1,1,1,1,1,1,1,1,1,1
GCF_000597845.1|WP_000389260.1,1,1,1,1,1,1,1,1,1,1,1
GCF_000597845.1|WP_000389818.1,1,1,1,1,1,1,1,1,1,1,1
GCF_000597845.1|WP_000393511.1,1,1,1,1,1,1,1,1,1,1,1
GCF_000597845.1|WP_000394125.1,1,1,1,1,1,1,1,1,1,1,1
GCF_000597845.1|WP_000394983.1,1,1,1,1,1,1,1,1,1,1,1
GCF_000597845.1|WP_000397144.1,1,1,1,1,1,1,1,1,1,1,1
GCF_000597845.1|WP_000398619.1,1,1,1,1,1,1,1,1,1,1,1
GCF_000597845.1|WP_000399404.1,1,1,1,1,1,1,1,1,1,1,1
GCF_000597845.1|WP_000402207.1,1,1,1,1,1,1,1,1,1,1,1
GCF_000597845.1|WP_000405647.1,1,1,1,1,1,1,1,1,1,1,1
GCF_000597845.1|WP_000405706.1,1,1,1,1,0,0,1,1,1,1,1
GCF_000597845.1|WP_000405996.1,1,1,1,1,1,1,1,1,1,1,1
GCF_000597845.1|WP_000406102.1,1,1,1,1,1,1,1,1,1,1,1
GCF_000597845.1|WP_000406214.1,1,1,1,1,1,1,1,1,1,1,1
GCF_000597845.1|WP_000406926.1,1,1,1,1,1,1,1,1,1,1,1
GCF_000597845.1|WP_000409205.1,1,1,1,1,1,1,1,1,1,1,1
GCF_000597845.1|WP_000409456.1,1,1,1,1,1,1,1,1,1,1,1
GCF_000597845.1|WP_000409911.1,1,1,1,1,1,1,1,1,1,1,1
GCF_000597845.1|WP_000410201.1,1,1,1,1,1,1,1,1,1,1,1
GCF_000597845.1|WP_000412379.1,1,1,1,1,1,1,1,1,1,1,1
GCF_000597845.1|WP_000412428.1,1,1,1,1,1,1,1,1,1,1,1
GCF_000597845.1|WP_000413677.1,1,1,1,1,1,1,1,1,1,1,1
GCF_000597845.1|WP_000414437.1,1,1,1,1,1,1,1,1,1,1,1
GCF_000597845.1|WP_000414564.1,1,1,1,1,1,1,1,1,1,1,1
GCF_000597845.1|WP_000415584.1,1,0,0,0,1,1,1,1,1,0,1
GCF_000597845.1|WP_000416407.1,1,1,1,1,1,1,1,1,1,1,1
GCF_000597845.1|WP_000417058.1,1,1,1,1,1,1,1,1,1,1,1
GCF_000597845.1|WP_000419042.1,1,1,1,1,1,1,1,1,1,1,1
GCF_000597845.1|WP_000420617.1,1,1,1,1,1,1,1,1,1,1,1
GCF_000597845.1|WP_000420966.1,1,1,1,1,1,1,1,1,1,1,1
GCF_000597845.1|WP_000421305.1,1,1,1,1,1,1,1,1,1,1,1
GCF_000597845.1|WP_000421763.1,1,1,1,1,1,1,1,1,1,1,1
GCF_000597845.1|WP_000422149.1,1,1,1,1,1,1,1,1,1,1,1
GCF_000597845.1|WP_000423257.1,1,1,1,1,1,1,1,1,1,1,1
GCF_000597845.1|WP_000423742.1,1,1,1,1,1,1,1,1,1,1,1
GCF_000597845.1|WP_000424181.1,1,1,1,1,1,1,1,1,1,1,1
GCF_000597845.1|WP_000424395.1,1,1,1,1,1,1,1,1,1,1,1
GCF_000597845.1|WP_000424548.1,1,0,1,1,0,0,0,0,0,1,0
GCF_000597845.1|WP_000424841.1,1,1,1,1,1,1,1,1,1,1,1
GCF_000597845.1|WP_000424924.1,1,1,1,1,1,1,1,1,1,1,1
GCF_000597845.1|WP_000426124.1,1,1,1,1,1,1,1,1,1,1,1
GCF_000597845.1|WP_000426292.1,1,1,1,1,1,1,1,1,1,1,1
GCF_000597845.1|WP_000426426.1,1,1,1,1,1,1,1,1,1,1,1
GCF_000597845.1|WP_000428805.1,1,1,1,1,1,1,1,1,1,1,1
GCF_000597845.1|WP_000429386.1,1,1,1,1,1,1,1,1,1,1,1
GCF_000597845.1|WP_000429656.1,1,1,1,1,1,1,1,1,1,1,1
GCF_000597845.1|WP_000431370.1,1,1,1,1,1,1,1,1,1,1,1
GCF_000597845.1|WP_000432970.1,1,1,1,1,1,1,1,1,1,1,1
GCF_000597845.1|WP_000433476.1,1,1,1,1,1,1,1,1,1,1,1
GCF_000597845.1|WP_000434026.1,1,1,1,1,1,1,1,1,1,1,1
GCF_000597845.1|WP_000436922.1,1,1,1,1,1,1,1,1,1,1,1
GCF_000597845.1|WP_000437375.1,1,1,1,1,1,1,1,1,1,1,1
GCF_000597845.1|WP_000437935.1,1,1,1,1,1,1,1,1,1,1,1
GCF_000597845.1|WP_000438245.1,1,1,1,1,1,1,1,1,1,1,1
GCF_000597845.1|WP_000438591.1,1,1,1,1,1,1,1,1,1,1,1
GCF_000597845.1|WP_000438725.1,1,1,1,1,1,1,1,1,1,1,1
GCF_000597845.1|WP_000438813.1,1,1,0,1,1,1,1,1,1,0,1
GCF_000597845.1|WP_000438953.1,1,1,1,1,1,1,1,1,1,1,1
GCF_000597845.1|WP_000439182.1,1,1,1,1,1,1,1,1,1,1,0
GCF_000597845.1|WP_000439331.1,1,1,1,1,1,1,1,1,1,1,1
GCF_000597845.1|WP_000439434.1,1,1,1,1,0,0,1,1,1,1,0
GCF_000597845.1|WP_000439850.1,1,1,1,1,1,1,1,1,1,1,1
GCF_000597845.1|WP_000440906.1,1,1,1,1,1,1,1,1,1,1,1
GCF_000597845.1|WP_000442860.1,1,1,1,1,1,1,1,1,1,1,1
GCF_000597845.1|WP_000442949.1,1,1,1,1,1,1,1,1,1,1,1
GCF_000597845.1|WP_000443067.1,1,1,1,1,1,1,1,1,1,1,1
GCF_000597845.1|WP_000443530.1,1,1,1,1,1,1,1,1,1,1,1
GCF_000597845.1|WP_000443665.1,1,1,1,1,1,1,1,1,1,1,1
GCF_000597845.1|WP_000444348.1,1,1,1,1,1,1,1,1,1,1,1
GCF_000597845.1|WP_000444488.1,1,1,1,1,1,1,1,1,1,1,1
GCF_000597845.1|WP_000444561.1,1,1,1,1,1,1,1,1,1,1,1
GCF_000597845.1|WP_000444747.1,1,1,1,1,1,1,1,1,1,1,1
GCF_000597845.1|WP_000445231.1,1,1,1,1,1,1,1,1,1,1,1
GCF_000597845.1|WP_000445413.1,1,1,1,1,1,1,1,1,1,1,1
GCF_000597845.1|WP_000445533.1,1,1,1,1,1,1,1,1,1,1,1
GCF_000597845.1|WP_000445658.1,1,1,1,1,1,1,1,1,1,1,1
GCF_000597845.1|WP_000446917.1,1,0,1,1,1,1,1,1,1,1,1
GCF_000597845.1|WP_000447361.1,1,1,1,1,1,1,1,1,1,1,1
GCF_000597845.1|WP_000447529.1,1,1,1,1,1,1,1,1,1,1,1
GCF_000597845.1|WP_000448381.1,1,1,1,1,1,1,1,1,1,1,1
GCF_000597845.1|WP_000449030.1,1,1,1,1,1,1,1,1,1,1,1
GCF_000597845.1|WP_000449965.1,1,1,1,1,1,1,1,1,1,1,1
GCF_000597845.1|WP_000450409.1,1,1,1,1,1,1,1,1,1,1,1
GCF_000597845.1|WP_000450476.1,1,1,1,1,1,1,1,1,1,1,1
GCF_000597845.1|WP_000450594.1,1,1,1,1,1,1,1,1,1,1,1
GCF_000597845.1|WP_000450735.1,1,0,0,0,1,0,0,0,0,0,1
GCF_000597845.1|WP_000455227.1,1,1,1,1,1,1,1,1,1,1,1
GCF_000597845.1|WP_000455798.1,1,1,1,1,1,1,1,1,1,1,1
GCF_000597845.1|WP_000456454.1,1,1,1,1,1,1,1,1,1,1,1
GCF_000597845.1|WP_000456723.1,1,1,1,1,1,1,1,1,1,1,1
GCF_000597845.1|WP_000457207.1,1,1,1,1,1,1,1,1,1,1,1
GCF_000597845.1|WP_000457334.1,1,1,1,1,1,1,1,1,1,1,1
GCF_000597845.1|WP_000457616.1,1,1,1,1,1,1,1,1,1,1,1
GCF_000597845.1|WP_000458809.1,1,1,1,1,1,1,1,1,1,1,1
GCF_000597845.1|WP_000459182.1,1,1,1,1,1,1,1,1,1,1,1
GCF_000597845.1|WP_000459750.1,1,1,1,1,1,1,0,0,1,1,1
GCF_000597845.1|WP_000460035.1,1,1,1,1,1,1,1,1,1,1,1
GCF_000597845.1|WP_000460145.1,1,1,1,1,1,1,1,1,1,1,1
GCF_000597845.1|WP_000460360.1,1,1,1,1,1,1,1,1,1,1,1
GCF_000597845.1|WP_000460514.1,1,1,1,1,1,1,1,1,1,1,1
GCF_000597845.1|WP_000460670.1,1,1,1,1,1,1,1,1,1,1,1
GCF_000597845.1|WP_000460803.1,1,1,1,1,1,1,1,1,1,1,1
GCF_000597845.1|WP_000461450.1,1,0,0,0,1,1,1,1,1,0,1
GCF_000597845.1|WP_000462687.1,1,1,1,1,1,1,1,1,1,1,1
GCF_000597845.1|WP_000462776.1,1,1,1,1,1,1,1,1,1,1,1
GCF_000597845.1|WP_000462905.1,1,1,1,1,1,1,1,1,1,1,1
GCF_000597845.1|WP_000466985.1,1,1,1,1,1,1,1,1,1,1,1
GCF_000597845.1|WP_000467098.1,1,1,1,1,1,1,1,1,1,1,1
GCF_000597845.1|WP_000467180.1,1,1,1,1,1,1,1,1,1,1,1
GCF_000597845.1|WP_000467687.1,1,1,1,1,1,1,1,1,1,1,1
GCF_000597845.1|WP_000467859.1,1,1,1,1,1,1,1,1,1,1,1
GCF_000597845.1|WP_000468186.1,1,1,1,1,1,1,1,1,1,1,1
GCF_000597845.1|WP_000468833.1,1,1,1,1,1,1,1,1,1,1,1
GCF_000597845.1|WP_000469031.1,1,1,1,1,1,1,1,1,1,1,1
GCF_000597845.1|WP_000469702.1,1,1,1,1,1,1,1,1,1,1,1
GCF_000597845.1|WP_000471866.1,1,1,1,1,1,1,1,1,1,1,1
GCF_000597845.1|WP_000472021.1,1,1,1,1,1,1,1,1,1,1,1
GCF_000597845.1|WP_000475719.1,1,1,1,1,1,1,1,1,1,1,1
GCF_000597845.1|WP_000476014.1,1,1,1,1,1,1,1,1,1,1,1
GCF_000597845.1|WP_000476093.1,1,1,1,1,1,1,1,1,1,1,1
GCF_000597845.1|WP_000476487.1,1,1,1,1,1,1,1,1,1,1,1
GCF_000597845.1|WP_000477009.1,1,1,1,1,1,1,1,1,1,1,1
GCF_000597845.1|WP_000477811.1,1,1,1,1,1,1,1,1,1,1,1
GCF_000597845.1|WP_000478619.1,1,1,1,1,1,1,1,1,1,1,1
GCF_000597845.1|WP_000478706.1,1,1,1,1,1,1,1,1,1,1,1
GCF_000597845.1|WP_000479624.1,1,1,1,1,1,1,1,1,1,1,1
GCF_000597845.1|WP_000480968.1,1,0,0,0,0,0,0,0,0,0,0
GCF_000597845.1|WP_000481505.1,1,1,1,1,1,1,1,1,1,1,1
GCF_000597845.1|WP_000483860.1,1,1,1,1,1,1,1,1,1,1,1
GCF_000597845.1|WP_000484048.1,1,1,1,1,1,1,1,1,1,1,1
GCF_000597845.1|WP_000484404.1,1,1,1,1,1,1,1,1,1,1,1
GCF_000597845.1|WP_000484985.1,1,1,1,1,1,1,1,1,1,1,1
GCF_000597845.1|WP_000487600.1,1,1,1,1,1,1,1,1,1,1,1
GCF_000597845.1|WP_000487654.1,1,1,1,1,1,1,1,1,1,1,1
GCF_000597845.1|WP_000489250.1,1,1,1,1,1,1,1,1,1,1,1
GCF_000597845.1|WP_000489667.1,1,1,1,1,1,1,1,1,1,1,1
GCF_000597845.1|WP_000489881.1,1,1,1,1,1,1,1,1,1,1,1
GCF_000597845.1|WP_000490275.1,1,1,1,1,1,1,1,1,1,1,1
GCF_000597845.1|WP_000490426.1,1,1,1,1,1,1,1,1,1,1,1
GCF_000597845.1|WP_000492321.1,1,0,1,1,1,1,1,1,1,1,1
GCF_000597845.1|WP_000492656.1,1,1,1,1,1,1,1,1,1,1,1
GCF_000597845.1|WP_000492914.1,1,1,1,1,1,1,1,1,1,1,1
GCF_000597845.1|WP_000493352.1,1,1,1,1,1,1,1,1,1,1,1
GCF_000597845.1|WP_000493556.1,1,1,1,1,1,1,1,1,1,1,1
GCF_000597845.1|WP_000493785.1,1,1,1,1,1,1,1,1,1,1,1
GCF_000597845.1|WP_000493947.1,1,1,1,1,1,1,1,1,1,1,1
GCF_000597845.1|WP_000494183.1,1,1,1,1,1,1,1,1,1,1,1
GCF_000597845.1|WP_000494244.1,1,1,1,1,1,1,1,1,1,1,1
GCF_000597845.1|WP_000494484.1,1,1,1,1,1,1,1,1,1,1,1
GCF_000597845.1|WP_000495771.1,1,1,1,1,1,1,1,1,1,1,1
GCF_000597845.1|WP_000497137.1,1,1,1,1,1,1,1,1,1,1,1
GCF_000597845.1|WP_000497334.1,1,1,1,1,1,1,1,1,1,1,1
GCF_000597845.1|WP_000497723.1,1,1,1,1,1,1,1,1,1,1,1
GCF_000597845.1|WP_000497942.1,1,1,1,1,1,1,0,0,0,1,1
GCF_000597845.1|WP_000498253.1,1,1,1,1,1,1,1,1,1,1,1
GCF_000597845.1|WP_000499788.1,1,1,1,1,1,1,1,1,1,1,1
GCF_000597845.1|WP_000501604.1,1,1,1,1,1,1,1,1,1,1,1
GCF_000597845.1|WP_000502395.1,1,1,1,1,1,1,1,1,1,1,1
GCF_000597845.1|WP_000502945.1,1,1,1,1,1,1,1,1,1,1,1
GCF_000597845.1|WP_000503280.1,1,1,1,1,0,0,0,0,0,1,1
GCF_000597845.1|WP_000503931.1,1,1,1,1,1,1,1,1,1,1,1
GCF_000597845.1|WP_000505866.1,1,1,1,1,1,1,1,1,1,1,1
GCF_000597845.1|WP_000506490.1,1,1,1,1,1,1,1,1,1,1,1
GCF_000597845.1|WP_000506882.1,1,0,0,0,0,0,0,0,0,0,0
GCF_000597845.1|WP_000508177.1,1,1,1,1,1,1,1,1,1,1,1
GCF_000597845.1|WP_000510962.1,1,1,1,1,1,1,1,1,1,1,1
GCF_000597845.1|WP_000511025.1,1,1,1,1,1,1,1,1,1,1,1
GCF_000597845.1|WP_000511313.1,1,1,1,1,1,1,1,1,1,1,1
GCF_000597845.1|WP_000511955.1,1,1,1,1,1,1,1,1,1,1,1
GCF_000597845.1|WP_000512372.1,1,1,1,1,1,1,1,1,1,1,1
GCF_000597845.1|WP_000513761.1,1,1,1,1,1,1,1,1,1,1,1
GCF_000597845.1|WP_000516990.1,1,1,1,0,1,1,0,0,0,1,0
GCF_000597845.1|WP_000517100.1,1,1,1,1,1,1,1,1,1,1,1
GCF_000597845.1|WP_000517476.1,1,1,1,1,1,1,1,1,1,1,1
GCF_000597845.1|WP_000520781.1,1,1,1,1,1,1,1,1,1,1,1
GCF_000597845.1|WP_000520804.1,1,1,1,1,1,1,1,1,1,1,1
GCF_000597845.1|WP_000522208.1,1,1,1,1,1,1,1,1,1,1,1
GCF_000597845.1|WP_000522247.1,1,1,1,1,1,1,1,1,1,1,1
GCF_000597845.1|WP_000522424.1,1,1,1,1,1,1,1,1,1,1,1
GCF_000597845.1|WP_000523616.1,1,1,1,1,1,1,1,1,1,1,1
GCF_000597845.1|WP_000523879.1,1,1,1,1,1,1,1,1,1,1,1
GCF_000597845.1|WP_000524097.1,1,1,1,1,1,1,1,1,1,1,1
GCF_000597845.1|WP_000524868.1,1,1,1,1,1,1,1,1,1,1,1
GCF_000597845.1|WP_000525176.1,1,1,1,1,1,1,1,1,1,1,1
GCF_000597845.1|WP_000525365.1,1,1,1,1,1,1,1,1,1,1,1
GCF_000597845.1|WP_000526503.1,1,1,1,1,1,1,1,1,1,1,1
GCF_000597845.1|WP_000527844.1,1,1,1,1,1,1,1,1,1,1,1
GCF_000597845.1|WP_000527955.1,1,1,1,1,1,1,1,1,1,1,1
GCF_000597845.1|WP_000528342.1,1,1,1,1,1,1,1,1,1,1,1
GCF_000597845.1|WP_000528376.1,1,1,1,1,1,1,1,1,1,1,1
GCF_000597845.1|WP_000528530.1,1,1,1,1,1,1,1,1,1,1,1
GCF_000597845.1|WP_000529576.1,1,1,1,1,1,1,1,1,1,1,1
GCF_000597845.1|WP_000529945.1,1,1,1,1,1,1,1,1,1,1,1
GCF_000597845.1|WP_000531205.1,1,1,1,1,1,1,1,1,1,1,1
GCF_000597845.1|WP_000532923.1,1,1,1,1,1,1,1,1,1,1,1
GCF_000597845.1|WP_000533522.1,1,1,1,1,1,1,1,1,1,1,1
GCF_000597845.1|WP_000534307.1,1,1,1,1,1,1,1,1,1,1,1
GCF_000597845.1|WP_000535469.1,1,1,1,1,0,0,1,1,1,1,1
GCF_000597845.1|WP_000535505.1,1,0,0,0,1,1,1,1,1,0,1
GCF_000597845.1|WP_000535976.1,1,1,1,1,1,1,1,1,1,1,1
GCF_000597845.1|WP_000537403.1,1,1,1,1,1,1,1,1,1,1,1
GCF_000597845.1|WP_000538176.1,1,1,1,1,1,1,1,1,1,1,1
GCF_000597845.1|WP_000539208.1,1,0,0,0,0,0,0,0,0,0,1
GCF_000597845.1|WP_000542790.1,1,1,1,1,1,1,1,1,1,1,1
GCF_000597845.1|WP_000543394.1,1,1,1,1,1,1,1,1,1,1,1
GCF_000597845.1|WP_000543457.1,1,1,1,1,1,1,0,0,1,1,1
GCF_000597845.1|WP_000543535.1,1,1,1,1,1,1,1,1,1,1,1
GCF_000597845.1|WP_000544359.1,1,1,1,1,1,1,1,1,1,1,1
GCF_000597845.1|WP_000544953.1,1,1,1,1,1,1,1,1,1,1,1
GCF_000597845.1|WP_000545677.1,1,1,1,1,1,1,1,1,1,1,1
GCF_000597845.1|WP_000545983.1,1,0,0,0,0,0,0,0,0,0,0
GCF_000597845.1|WP_000547760.1,1,1,1,1,1,1,1,1,1,1,1
GCF_000597845.1|WP_000547787.1,1,0,0,0,0,0,0,0,0,0,0
GCF_000597845.1|WP_000548294.1,1,1,1,1,1,1,1,1,1,1,1
GCF_000597845.1|WP_000548347.1,1,1,1,1,1,1,1,1,1,1,1
GCF_000597845.1|WP_000548675.1,1,1,1,1,1,1,1,1,1,1,1
GCF_000597845.1|WP_000550189.1,1,1,0,0,1,1,1,1,1,0,1
GCF_000597845.1|WP_000550675.1,1,1,1,1,1,1,1,1,1,1,1
GCF_000597845.1|WP_000551270.1,1,1,1,1,1,1,1,1,1,1,1
GCF_000597845.1|WP_000553451.1,1,1,1,1,1,1,1,1,1,1,1
GCF_000597845.1|WP_000553555.1,1,1,1,1,1,1,1,1,1,1,1
GCF_000597845.1|WP_000554757.1,1,1,0,0,1,1,0,1,1,0,1
GCF_000597845.1|WP_000555458.1,1,0,1,1,1,1,1,1,1,1,1
GCF_000597845.1|WP_000555849.1,1,1,1,1,1,1,1,1,1,1,1
GCF_000597845.1|WP_000556295.1,1,1,1,1,1,1,1,1,1,1,1
GCF_000597845.1|WP_000557378.1,1,1,1,1,1,1,1,1,1,1,1
GCF_000597845.1|WP_000558209.1,1,1,1,1,1,1,1,1,1,1,1
GCF_000597845.1|WP_000558527.1,1,1,1,1,1,1,1,1,1,1,1
GCF_000597845.1|WP_000559280.1,1,1,1,1,1,1,1,1,1,1,1
GCF_000597845.1|WP_000559764.1,1,1,1,1,1,1,1,1,1,1,1
GCF_000597845.1|WP_000559900.1,1,1,1,1,1,1,1,1,1,1,1
GCF_000597845.1|WP_000560597.1,1,1,1,1,1,1,1,1,1,1,1
GCF_000597845.1|WP_000560983.1,1,1,1,1,1,1,1,1,1,1,1
GCF_000597845.1|WP_000563058.1,1,1,1,1,1,1,1,1,1,1,1
GCF_000597845.1|WP_000564489.1,1,1,1,1,1,1,1,1,1,1,1
GCF_000597845.1|WP_000564726.1,1,1,1,1,1,1,1,1,1,1,1
GCF_000597845.1|WP_000565966.1,1,1,1,1,1,1,1,1,1,1,1
GCF_000597845.1|WP_000566376.1,1,1,1,1,1,1,1,1,1,1,1
GCF_000597845.1|WP_000566509.1,1,1,1,1,1,1,1,1,1,1,1
GCF_000597845.1|WP_000568339.1,1,1,0,1,0,0,1,1,1,1,1
GCF_000597845.1|WP_000568416.1,1,1,1,1,1,1,1,1,1,1,1
GCF_000597845.1|WP_000568519.1,1,1,1,1,1,1,1,1,1,1,1
GCF_000597845.1|WP_000568943.1,1,1,1,1,1,1,1,1,1,1,1
GCF_000597845.1|WP_000569356.1,1,1,1,1,1,1,1,1,1,1,1
GCF_000597845.1|WP_000569430.1,1,1,1,1,1,1,1,1,1,1,1
GCF_000597845.1|WP_000569679.1,1,1,1,1,1,1,1,1,1,1,1
GCF_000597845.1|WP_000570540.1,1,1,1,1,1,1,1,1,1,1,1
GCF_000597845.1|WP_000570668.1,1,1,1,1,1,1,1,1,1,1,1
GCF_000597845.1|WP_000571479.1,1,1,1,1,1,1,1,1,1,1,1
GCF_000597845.1|WP_000572176.1,1,1,1,1,1,1,1,1,1,1,1
GCF_000597845.1|WP_000572462.1,1,1,1,1,1,1,1,1,1,1,1
GCF_000597845.1|WP_000572670.1,1,1,1,1,1,1,1,1,1,1,1
GCF_000597845.1|WP_000573321.1,1,1,1,1,1,1,1,1,1,1,1
GCF_000597845.1|WP_000573621.1,1,1,1,1,1,1,1,1,1,1,1
GCF_000597845.1|WP_000573945.1,1,1,1,1,1,1,1,1,1,1,1
GCF_000597845.1|WP_000574091.1,1,1,1,1,1,1,1,1,1,1,1
GCF_000597845.1|WP_000577553.1,1,1,1,1,1,1,1,1,1,1,1
GCF_000597845.1|WP_000578083.1,1,1,1,1,1,1,1,1,1,1,1
GCF_000597845.1|WP_000579833.1,1,1,1,1,1,1,1,1,1,1,1
GCF_000597845.1|WP_000580316.1,1,1,1,1,1,1,1,1,1,1,1
GCF_000597845.1|WP_000580327.1,1,1,1,1,1,1,1,1,1,1,1
GCF_000597845.1|WP_000581937.1,1,1,1,1,1,1,1,1,1,1,1
GCF_000597845.1|WP_000583615.1,1,1,1,1,1,1,1,1,1,1,1
GCF_000597845.1|WP_000584109.1,1,1,1,1,1,1,1,1,1,1,1
GCF_000597845.1|WP_000584546.1,1,1,1,1,1,1,1,1,1,1,1
GCF_000597845.1|WP_000586324.1,1,1,1,1,1,1,1,1,1,1,1
GCF_000597845.1|WP_000586445.1,1,1,1,1,1,1,1,1,1,1,1
GCF_000597845.1|WP_000586744.1,1,1,1,1,1,1,1,1,1,1,1
GCF_000597845.1|WP_000586977.1,1,1,1,1,1,1,1,1,1,1,1
GCF_000597845.1|WP_000587764.1,1,1,1,1,1,1,1,1,1,1,1
GCF_000597845.1|WP_000587933.1,1,1,1,1,1,1,1,1,1,1,1
GCF_000597845.1|WP_000588474.1,1,1,1,1,1,1,1,1,1,1,1
GCF_000597845.1|WP_000589068.1,1,1,1,1,1,1,1,1,1,1,1
GCF_000597845.1|WP_000589359.1,1,0,1,1,1,1,0,0,0,1,0
GCF_000597845.1|WP_000589409.1,1,1,1,1,1,1,0,1,1,1,1
GCF_000597845.1|WP_000589847.1,1,1,1,1,1,1,1,1,1,1,1
GCF_000597845.1|WP_000590347.1,1,1,1,1,0,0,1,1,1,1,1
GCF_000597845.1|WP_000590403.1,1,0,1,1,1,1,1,1,1,1,1
GCF_000597845.1|WP_000591795.1,1,1,1,1,1,1,1,1,1,1,1
GCF_000597845.1|WP_000592826.1,1,1,1,1,1,1,1,1,1,1,0
GCF_000597845.1|WP_000593273.1,1,1,1,1,1,1,1,1,1,1,1
GCF_000597845.1|WP_000593938.1,1,1,1,1,0,0,1,1,1,1,1
GCF_000597845.1|WP_000593994.1,1,1,1,1,1,1,1,1,1,1,1
GCF_000597845.1|WP_000594911.1,1,0,0,0,0,0,0,0,0,0,0
GCF_000597845.1|WP_000595482.1,1,1,1,1,1,1,1,1,1,1,1
GCF_000597845.1|WP_000595505.1,1,1,1,1,1,1,1,1,1,1,1
GCF_000597845.1|WP_000596085.1,1,1,1,1,1,1,1,1,1,1,1
GCF_000597845.1|WP_000597196.1,1,1,1,1,1,1,1,1,1,1,1
GCF_000597845.1|WP_000597260.1,1,1,1,1,1,1,1,1,1,1,1
GCF_000597845.1|WP_000598619.1,1,1,1,1,1,1,1,1,1,1,1
GCF_000597845.1|WP_000598641.1,1,1,1,1,1,1,1,1,1,1,1
GCF_000597845.1|WP_000599806.1,1,1,1,1,1,1,1,1,1,1,1
GCF_000597845.1|WP_000600492.1,1,1,1,1,1,1,1,1,1,1,1
GCF_000597845.1|WP_000601847.1,1,1,1,1,1,1,1,1,1,1,1
GCF_000597845.1|WP_000604034.1,1,1,1,1,1,1,1,1,1,1,1
GCF_000597845.1|WP_000605090.1,1,1,1,1,1,1,1,1,0,1,1
GCF_000597845.1|WP_000605480.1,1,1,1,1,1,1,1,1,1,1,1
GCF_000597845.1|WP_000606257.1,1,1,1,1,1,1,1,1,1,1,1
GCF_000597845.1|WP_000606525.1,1,1,1,1,1,1,1,1,1,1,1
GCF_000597845.1|WP_000609275.1,1,1,1,1,1,1,1,1,1,1,1
GCF_000597845.1|WP_000609663.1,1,1,1,1,1,1,1,1,1,1,1
GCF_000597845.1|WP_000610451.1,1,0,0,1,1,1,1,1,1,0,1
GCF_000597845.1|WP_000610634.1,1,0,0,0,1,1,1,1,1,0,1
GCF_000597845.1|WP_000610901.1,1,1,1,1,1,1,1,1,1,1,1
GCF_000597845.1|WP_000611812.1,1,1,1,1,1,1,1,1,1,1,1
GCF_000597845.1|WP_000611859.1,1,0,0,1,0,0,1,1,1,0,1
GCF_000597845.1|WP_000611911.1,1,1,1,1,0,0,1,1,0,1,1
GCF_000597845.1|WP_000611928.1,1,0,0,1,0,0,0,0,0,0,1
GCF_000597845.1|WP_000612043.1,1,1,1,1,1,1,1,1,1,1,1
GCF_000597845.1|WP_000612644.1,1,1,1,1,1,1,1,1,1,1,1
GCF_000597845.1|WP_000613955.1,1,1,1,1,1,1,1,1,1,1,1
GCF_000597845.1|WP_000615067.1,1,0,1,1,1,1,1,1,1,1,1
GCF_000597845.1|WP_000615821.1,1,1,1,0,1,1,1,1,1,1,1
GCF_000597845.1|WP_000616554.1,1,1,1,1,1,1,1,1,1,1,1
GCF_000597845.1|WP_000617115.1,1,1,1,1,1,1,1,1,1,1,1
GCF_000597845.1|WP_000617544.1,1,1,1,1,1,1,1,1,1,1,1
GCF_000597845.1|WP_000617698.1,1,1,1,1,1,1,1,1,1,1,1
GCF_000597845.1|WP_000618110.1,1,0,1,1,0,0,0,0,0,1,0
GCF_000597845.1|WP_000619389.1,1,1,1,1,1,1,1,1,1,1,1
GCF_000597845.1|WP_000619493.1,1,1,1,1,1,1,1,1,1,1,1
GCF_000597845.1|WP_000620410.1,1,1,1,1,1,1,1,1,1,1,1
GCF_000597845.1|WP_000620888.1,1,1,1,1,1,1,1,1,1,1,1
GCF_000597845.1|WP_000621340.1,1,1,1,1,1,1,1,1,1,1,1
GCF_000597845.1|WP_000621515.1,1,1,1,1,1,1,1,1,1,1,1
GCF_000597845.1|WP_000621656.1,1,1,1,1,1,1,1,1,1,1,1
GCF_000597845.1|WP_000622290.1,1,1,1,1,1,1,1,1,1,1,1
GCF_000597845.1|WP_000622357.1,1,1,1,1,1,1,1,1,1,1,1
GCF_000597845.1|WP_000622418.1,1,1,1,1,1,1,1,1,1,1,1
GCF_000597845.1|WP_000623136.1,1,1,1,1,1,1,1,1,1,1,1
GCF_000597845.1|WP_000624375.1,1,1,1,1,1,1,1,1,1,1,1
GCF_000597845.1|WP_000625625.1,1,0,0,0,1,1,1,1,1,0,1
GCF_000597845.1|WP_000625658.1,1,1,1,1,1,1,1,1,1,1,1
GCF_000597845.1|WP_000626187.1,1,1,1,1,1,1,1,1,1,1,1
GCF_000597845.1|WP_000626410.1,1,1,1,1,1,1,1,1,1,1,1
GCF_000597845.1|WP_000626688.1,1,1,1,1,1,1,1,1,1,1,1
GCF_000597845.1|WP_000627807.1,1,1,1,1,1,1,1,1,1,1,1
GCF_000597845.1|WP_000627995.1,1,1,1,1,1,1,1,1,1,1,1
GCF_000597845.1|WP_000632293.1,1,1,1,1,0,0,1,1,1,1,1
GCF_000597845.1|WP_000633668.1,1,1,1,1,1,1,1,1,1,1,1
GCF_000597845.1|WP_000634159.1,1,1,1,1,1,1,1,1,1,1,1
GCF_000597845.1|WP_000635545.1,1,1,1,1,1,1,1,1,1,1,1
GCF_000597845.1|WP_000637041.1,1,1,1,1,1,1,1,1,1,1,1
GCF_000597845.1|WP_000637082.1,1,1,1,1,1,1,1,1,1,1,1
GCF_000597845.1|WP_000637848.1,1,1,1,1,1,1,1,1,1,1,1
GCF_000597845.1|WP_000637982.1,1,1,1,1,1,1,1,1,1,1,1
GCF_000597845.1|WP_000638031.1,1,1,1,1,1,1,1,1,1,1,1
GCF_000597845.1|WP_000638547.1,1,0,0,0,0,0,0,0,0,0,0
GCF_000597845.1|WP_000639208.1,1,0,0,0,1,1,0,0,0,0,0
GCF_000597845.1|WP_000639434.1,1,0,0,0,0,0,0,0,0,0,0
GCF_000597845.1|WP_000639811.1,1,1,1,1,1,1,1,1,1,1,1
GCF_000597845.1|WP_000642196.1,1,1,1,1,1,1,1,1,1,1,1
GCF_000597845.1|WP_000642433.1,1,1,1,1,1,1,1,1,1,1,1
GCF_000597845.1|WP_000642489.1,1,1,1,1,1,1,1,1,1,1,0
GCF_000597845.1|WP_000642771.1,1,0,0,0,0,0,0,0,0,0,0
GCF_000597845.1|WP_000642849.1,1,1,1,1,1,1,1,1,1,1,1
GCF_000597845.1|WP_000643332.1,1,1,1,1,1,1,0,1,1,1,1
GCF_000597845.1|WP_000643397.1,1,1,1,1,1,1,1,1,1,1,1
GCF_000597845.1|WP_000644685.1,1,1,1,1,1,1,1,1,1,1,1
GCF_000597845.1|WP_000644741.1,1,1,1,1,1,1,1,1,1,1,1
GCF_000597845.1|WP_000645420.1,1,1,1,1,1,1,1,1,1,1,1
GCF_000597845.1|WP_000646033.1,1,1,1,1,1,1,1,1,1,1,1
GCF_000597845.1|WP_000646078.1,1,1,1,1,1,1,1,1,1,1,1
GCF_000597845.1|WP_000648420.1,1,1,1,1,1,1,1,1,1,1,1
GCF_000597845.1|WP_000648572.1,1,1,1,1,1,1,1,1,1,1,1
GCF_000597845.1|WP_000648976.1,1,0,1,1,1,1,1,1,1,1,1
GCF_000597845.1|WP_000650107.1,1,0,0,0,1,1,1,1,1,0,1
GCF_000597845.1|WP_000651599.1,1,1,1,1,1,1,1,1,1,1,1
GCF_000597845.1|WP_000651752.1,1,1,1,1,0,0,1,1,1,0,1
GCF_000597845.1|WP_000653944.1,1,1,1,1,1,1,1,1,1,1,1
GCF_000597845.1|WP_000654614.1,1,1,1,1,1,1,1,1,1,1,1
GCF_000597845.1|WP_000657676.1,1,1,1,1,1,1,1,1,1,1,1
GCF_000597845.1|WP_000658652.1,1,1,1,1,1,1,0,0,1,1,1
GCF_000597845.1|WP_000660483.1,1,1,1,1,1,1,1,1,1,1,1
GCF_000597845.1|WP_000660586.1,1,0,1,1,1,1,1,1,1,1,1
GCF_000597845.1|WP_000660788.1,1,1,1,1,1,1,1,1,1,1,1
GCF_000597845.1|WP_000662258.1,1,1,1,1,1,1,0,1,1,1,1
GCF_000597845.1|WP_000665120.1,1,1,1,1,1,1,0,0,1,1,1
GCF_000597845.1|WP_000665676.1,1,1,1,1,1,1,1,1,1,1,1
GCF_000597845.1|WP_000667319.1,1,1,1,1,1,1,1,1,1,1,1
GCF_000597845.1|WP_000668682.1,1,1,1,1,1,1,1,1,1,1,1
GCF_000597845.1|WP_000669785.1,1,1,1,1,1,1,1,1,1,1,1
GCF_000597845.1|WP_000669834.1,1,1,1,1,1,1,1,1,1,1,1
GCF_000597845.1|WP_000670998.1,1,1,1,1,1,1,1,1,1,1,1
GCF_000597845.1|WP_000671574.1,1,1,1,1,1,1,1,1,1,1,1
GCF_000597845.1|WP_000671731.1,1,1,1,1,1,1,1,1,1,1,0
GCF_000597845.1|WP_000672417.1,1,1,1,1,1,1,1,1,1,1,1
GCF_000597845.1|WP_000673402.1,1,1,1,1,1,1,1,1,1,1,1
GCF_000597845.1|WP_000673464.1,1,1,1,1,1,1,1,1,1,1,1
GCF_000597845.1|WP_000673572.1,1,1,1,1,1,1,1,1,1,1,1
GCF_000597845.1|WP_000673918.1,1,1,1,1,1,1,1,1,1,1,1
GCF_000597845.1|WP_000675146.1,1,1,1,1,1,1,1,1,1,1,1
GCF_000597845.1|WP_000675504.1,1,1,1,1,1,1,1,1,1,1,1
GCF_000597845.1|WP_000675733.1,1,1,1,1,1,1,1,1,1,1,1
GCF_000597845.1|WP_000676919.1,1,0,0,0,0,0,1,1,1,0,1
GCF_000597845.1|WP_000678201.1,1,1,1,1,1,1,1,1,1,1,1
GCF_000597845.1|WP_000678646.1,1,1,1,1,1,1,1,1,1,1,1
GCF_000597845.1|WP_000679029.1,1,1,1,1,1,1,1,1,1,1,1
GCF_000597845.1|WP_000679090.1,1,1,1,0,1,1,0,0,0,1,0
GCF_000597845.1|WP_000680314.1,1,1,1,1,1,1,1,1,1,1,1
GCF_000597845.1|WP_000681108.1,1,1,1,1,1,1,1,1,1,1,1
GCF_000597845.1|WP_000681368.1,1,1,1,1,1,1,1,1,1,1,1
GCF_000597845.1|WP_000682514.1,1,1,1,1,1,1,1,1,1,1,1
GCF_000597845.1|WP_000683335.1,1,1,1,1,1,1,1,1,1,1,1
GCF_000597845.1|WP_000684321.1,1,1,1,1,1,1,1,1,1,1,1
GCF_000597845.1|WP_000684856.1,1,1,1,1,1,1,1,1,1,1,1
GCF_000597845.1|WP_000685029.1,1,1,1,1,1,1,1,1,1,1,1
GCF_000597845.1|WP_000686620.1,1,1,1,1,1,1,1,1,1,1,1
GCF_000597845.1|WP_000687141.1,1,1,1,1,1,1,1,1,1,1,1
GCF_000597845.1|WP_000687705.1,1,1,1,1,1,1,1,1,1,1,0
GCF_000597845.1|WP_000687870.1,1,0,0,0,0,0,0,0,0,0,0
GCF_000597845.1|WP_000689228.1,1,1,1,1,1,1,1,1,1,1,1
GCF_000597845.1|WP_000689844.1,1,1,1,1,1,1,1,1,1,1,1
GCF_000597845.1|WP_000691382.1,1,1,1,1,1,1,1,1,1,1,1
GCF_000597845.1|WP_000691619.1,1,1,1,1,1,1,1,1,1,1,1
GCF_000597845.1|WP_000691708.1,1,1,1,1,1,1,1,1,1,1,1
GCF_000597845.1|WP_000691930.1,1,1,1,1,1,1,1,1,1,1,1
GCF_000597845.1|WP_000692154.1,1,1,1,1,1,1,1,1,1,1,1
GCF_000597845.1|WP_000695220.1,1,1,1,1,1,1,1,1,1,1,1
GCF_000597845.1|WP_000695387.1,1,1,1,1,1,1,1,1,1,1,1
GCF_000597845.1|WP_000695655.1,1,1,1,1,1,1,1,1,1,1,1
GCF_000597845.1|WP_000695892.1,1,1,1,0,0,0,0,0,0,1,1
GCF_000597845.1|WP_000698145.1,1,1,1,1,1,1,1,1,1,1,1
GCF_000597845.1|WP_000699121.1,1,1,1,1,1,1,1,1,1,1,1
GCF_000597845.1|WP_000699225.1,1,1,1,1,1,1,1,1,1,1,1
GCF_000597845.1|WP_000700703.1,1,1,1,1,1,1,1,1,1,1,1
GCF_000597845.1|WP_000701040.1,1,1,1,1,1,1,1,1,1,1,1
GCF_000597845.1|WP_000702660.1,1,1,1,1,1,1,1,1,1,1,1
GCF_000597845.1|WP_000705211.1,1,1,1,1,1,1,1,1,0,1,1
GCF_000597845.1|WP_000705865.1,1,1,1,1,1,1,1,1,1,1,1
GCF_000597845.1|WP_000706344.1,1,1,1,1,1,1,1,1,1,1,1
GCF_000597845.1|WP_000709865.1,1,1,1,1,1,1,1,1,1,1,1
GCF_000597845.1|WP_000710375.1,1,1,1,1,1,1,1,1,1,1,0
GCF_000597845.1|WP_000710769.1,1,1,1,1,1,1,1,1,1,1,1
GCF_000597845.1|WP_000712658.1,1,1,1,1,1,1,1,1,1,1,1
GCF_000597845.1|WP_000714550.1,1,1,1,1,1,1,1,1,1,1,1
GCF_000597845.1|WP_000715214.1,1,1,1,1,1,1,1,1,1,1,1
GCF_000597845.1|WP_000715936.1,1,1,1,1,1,0,1,1,0,1,1
GCF_000597845.1|WP_000716398.1,1,1,1,1,1,1,0,1,1,1,1
GCF_000597845.1|WP_000716757.1,1,1,1,1,1,1,1,1,1,1,1
GCF_000597845.1|WP_000716794.1,1,1,0,1,1,1,1,1,1,0,1
GCF_000597845.1|WP_000716937.1,1,1,1,1,1,1,1,1,1,1,1
GCF_000597845.1|WP_000717157.1,1,1,1,1,1,1,1,1,1,1,1
GCF_000597845.1|WP_000717694.1,1,1,1,1,1,1,1,1,1,1,1
GCF_000597845.1|WP_000719051.1,1,0,0,0,0,0,0,0,0,0,0
GCF_000597845.1|WP_000719088.1,1,1,1,1,1,1,1,1,1,1,1
GCF_000597845.1|WP_000719728.1,1,1,1,1,1,1,1,1,1,1,1
GCF_000597845.1|WP_000719886.1,1,1,1,1,1,1,0,1,1,1,1
GCF_000597845.1|WP_000719962.1,1,1,1,1,1,1,1,1,1,1,1
GCF_000597845.1|WP_000719990.1,1,1,1,1,1,1,1,1,1,1,1
GCF_000597845.1|WP_000720960.1,1,0,0,0,0,0,0,0,0,0,0
GCF_000597845.1|WP_000721664.1,1,1,1,1,1,1,1,1,1,1,1
GCF_000597845.1|WP_000722957.1,1,1,1,1,1,1,0,0,1,1,1
GCF_000597845.1|WP_000723652.1,1,1,1,1,0,0,1,1,1,1,1
GCF_000597845.1|WP_000724173.1,1,1,1,1,1,1,1,1,1,1,1
GCF_000597845.1|WP_000725337.1,1,1,1,1,1,1,1,1,1,1,1
GCF_000597845.1|WP_000725700.1,1,0,0,0,0,0,0,0,0,0,0
GCF_000597845.1|WP_000726695.1,1,1,1,1,1,1,1,1,1,1,1
GCF_000597845.1|WP_000726974.1,1,1,1,1,1,1,1,1,1,1,1
GCF_000597845.1|WP_000729117.1,1,1,1,1,1,1,1,1,1,1,1
GCF_000597845.1|WP_000729160.1,1,1,1,1,1,1,1,1,1,1,1
GCF_000597845.1|WP_000729185.1,1,1,1,1,1,1,1,1,1,1,1
GCF_000597845.1|WP_000730252.1,1,1,1,1,1,1,1,1,1,1,1
GCF_000597845.1|WP_000730614.1,1,0,1,1,1,1,1,1,1,1,1
GCF_000597845.1|WP_000730806.1,1,1,1,1,1,1,1,1,1,1,1
GCF_000597845.1|WP_000731833.1,1,1,1,1,1,1,1,1,1,1,1
GCF_000597845.1|WP_000732240.1,1,1,1,1,1,1,1,1,1,1,1
GCF_000597845.1|WP_000732292.1,1,0,0,0,0,0,0,0,0,0,0
GCF_000597845.1|WP_000732510.1,1,1,1,1,1,1,1,1,1,1,1
GCF_000597845.1|WP_000733592.1,1,1,1,1,1,1,1,1,1,1,1
GCF_000597845.1|WP_000733916.1,1,1,1,1,1,1,1,1,1,1,1
GCF_000597845.1|WP_000734212.1,1,1,1,1,1,1,1,1,1,1,1
GCF_000597845.1|WP_000734287.1,1,1,1,1,1,1,1,1,1,1,1
GCF_000597845.1|WP_000734772.1,1,0,0,0,0,0,0,0,0,0,1
GCF_000597845.1|WP_000735257.1,1,0,1,1,1,1,1,1,1,1,1
GCF_000597845.1|WP_000735278.1,1,1,1,1,1,1,1,1,1,1,1
GCF_000597845.1|WP_000735411.1,1,1,1,1,1,1,1,1,1,1,1
GCF_000597845.1|WP_000736158.1,1,1,1,1,1,1,1,1,1,1,1
GCF_000597845.1|WP_000736860.1,1,1,1,1,1,1,1,1,1,1,1
GCF_000597845.1|WP_000737007.1,1,1,1,1,1,1,1,1,1,1,1
GCF_000597845.1|WP_000737226.1,1,1,1,1,1,1,1,1,1,1,1
GCF_000597845.1|WP_000737347.1,1,0,1,0,1,1,1,1,1,1,1
GCF_000597845.1|WP_000738423.1,1,0,1,1,1,1,1,1,1,1,0
GCF_000597845.1|WP_000738568.1,1,1,1,1,1,1,0,0,0,1,1
GCF_000597845.1|WP_000738723.1,1,1,1,1,1,1,1,1,1,1,1
GCF_000597845.1|WP_000740078.1,1,1,1,1,1,1,1,1,1,1,1
GCF_000597845.1|WP_000741131.1,1,1,1,1,1,1,1,1,1,1,1
GCF_000597845.1|WP_000741620.1,1,1,1,1,1,1,1,1,1,1,1
GCF_000597845.1|WP_000741828.1,1,1,1,1,1,1,1,1,1,1,1
GCF_000597845.1|WP_000742107.1,1,1,1,1,1,1,1,1,1,1,1
GCF_000597845.1|WP_000742141.1,1,1,1,1,1,1,1,1,1,1,1
GCF_000597845.1|WP_000743444.1,1,1,1,1,1,1,1,1,1,1,1
GCF_000597845.1|WP_000744778.1,1,1,1,1,1,1,1,1,1,1,1
GCF_000597845.1|WP_000745217.1,1,1,1,1,1,1,1,1,1,1,1
GCF_000597845.1|WP_000745534.1,1,0,0,0,1,1,1,1,1,0,1
GCF_000597845.1|WP_000746151.1,1,1,1,1,1,1,1,1,1,1,1
GCF_000597845.1|WP_000746460.1,1,1,1,1,1,1,1,1,1,1,1
GCF_000597845.1|WP_000747625.1,1,1,1,1,1,1,1,1,1,1,1
GCF_000597845.1|WP_000749261.1,1,1,1,1,1,1,1,1,1,1,1
GCF_000597845.1|WP_000752798.1,1,0,0,0,0,0,1,1,1,0,1
GCF_000597845.1|WP_000753617.1,1,1,1,1,1,1,1,1,1,1,1
GCF_000597845.1|WP_000753690.1,1,1,1,1,1,1,1,1,1,1,1
GCF_000597845.1|WP_000754737.1,1,1,1,1,1,1,1,1,1,1,1
GCF_000597845.1|WP_000755097.1,1,0,1,1,0,0,0,0,0,1,0
GCF_000597845.1|WP_000755173.1,1,1,1,1,1,1,1,1,1,1,1
GCF_000597845.1|WP_000756550.1,1,1,1,1,1,1,1,1,1,1,1
GCF_000597845.1|WP_000756569.1,1,1,1,1,1,1,1,1,1,1,1
GCF_000597845.1|WP_000756838.1,1,1,1,1,1,1,1,1,1,1,1
GCF_000597845.1|WP_000757333.1,1,1,1,1,1,1,1,1,1,1,1
GCF_000597845.1|WP_000758074.1,1,1,1,1,1,1,1,1,1,1,1
GCF_000597845.1|WP_000758422.1,1,1,1,1,1,1,1,1,1,1,1
GCF_000597845.1|WP_000758655.1,1,1,1,1,1,1,1,1,1,1,1
GCF_000597845.1|WP_000758956.1,1,1,1,1,1,1,1,1,1,1,1
GCF_000597845.1|WP_000759120.1,1,1,1,1,1,1,1,1,1,1,1
GCF_000597845.1|WP_000759317.1,1,1,1,1,1,1,1,1,1,1,1
GCF_000597845.1|WP_000761225.1,1,1,1,1,1,1,1,1,1,1,1
GCF_000597845.1|WP_000762229.1,1,1,1,1,1,1,1,1,1,1,1
GCF_000597845.1|WP_000762401.1,1,1,1,1,1,1,1,1,1,1,1
GCF_000597845.1|WP_000763151.1,1,1,1,1,1,1,1,1,1,1,1
GCF_000597845.1|WP_000763511.1,1,1,1,1,1,1,1,1,1,1,1
GCF_000597845.1|WP_000763724.1,1,1,1,1,1,1,1,1,1,1,1
GCF_000597845.1|WP_000763867.1,1,1,1,1,1,1,1,1,1,1,1
GCF_000597845.1|WP_000765604.1,1,1,1,1,1,1,1,1,1,1,1
GCF_000597845.1|WP_000765749.1,1,1,1,1,1,1,1,1,1,1,1
GCF_000597845.1|WP_000765839.1,1,1,1,1,1,1,1,1,1,1,1
GCF_000597845.1|WP_000767329.1,1,1,1,1,1,1,1,1,1,1,1
GCF_000597845.1|WP_000767389.1,1,1,1,1,1,1,1,1,1,1,1
GCF_000597845.1|WP_000767654.1,1,1,1,1,1,1,1,1,1,1,1
GCF_000597845.1|WP_000767829.1,1,1,1,1,0,0,1,1,1,1,1
GCF_000597845.1|WP_000767887.1,1,0,1,1,1,1,1,1,1,1,1
GCF_000597845.1|WP_000769322.1,1,1,1,1,1,1,1,1,1,1,1
GCF_000597845.1|WP_000769961.1,1,1,1,1,1,1,1,1,1,1,1
GCF_000597845.1|WP_000771391.1,1,1,1,1,1,1,1,1,1,1,1
GCF_000597845.1|WP_000771437.1,1,1,1,1,1,1,1,1,1,1,1
GCF_000597845.1|WP_000771748.1,1,1,1,1,1,1,1,1,1,1,1
GCF_000597845.1|WP_000772452.1,1,1,1,1,1,1,1,1,1,1,1
GCF_000597845.1|WP_000772731.1,1,1,1,1,1,1,1,1,1,1,1
GCF_000597845.1|WP_000774988.1,1,1,1,1,1,1,1,1,1,1,1
GCF_000597845.1|WP_000775794.1,1,0,1,1,1,1,1,1,1,1,1
GCF_000597845.1|WP_000775931.1,1,1,1,1,1,1,1,1,1,1,1
GCF_000597845.1|WP_000776104.1,1,1,1,1,1,1,1,1,1,1,1
GCF_000597845.1|WP_000776191.1,1,1,1,1,1,1,1,1,1,1,1
GCF_000597845.1|WP_000776388.1,1,1,1,1,1,1,1,1,1,1,1
GCF_000597845.1|WP_000776768.1,1,1,1,1,1,1,1,1,1,1,1
GCF_000597845.1|WP_000776887.1,1,1,1,1,1,1,1,1,1,1,1
GCF_000597845.1|WP_000777653.1,1,1,1,1,1,1,1,1,1,1,1
GCF_000597845.1|WP_000777969.1,1,1,1,1,1,1,1,1,1,1,1
GCF_000597845.1|WP_000778069.1,1,1,1,1,1,1,1,1,1,1,1
GCF_000597845.1|WP_000778795.1,1,1,1,1,1,1,1,1,1,1,1
GCF_000597845.1|WP_000779090.1,1,1,1,1,1,1,1,1,1,1,1
GCF_000597845.1|WP_000779429.1,1,1,1,1,1,1,1,1,1,1,1
GCF_000597845.1|WP_000779676.1,1,1,1,1,1,1,0,0,0,1,1
GCF_000597845.1|WP_000779792.1,1,1,1,1,1,1,1,1,1,1,1
GCF_000597845.1|WP_000779831.1,1,1,1,1,1,1,1,1,1,1,1
GCF_000597845.1|WP_000780912.1,1,1,1,1,1,1,1,1,1,1,1
GCF_000597845.1|WP_000781063.1,1,1,1,1,1,1,1,1,1,1,1
GCF_000597845.1|WP_000781370.1,1,1,1,1,1,1,1,1,1,1,0
GCF_000597845.1|WP_000783120.1,1,1,1,1,1,1,1,1,1,1,1
GCF_000597845.1|WP_000784351.1,1,1,1,1,1,1,1,1,1,1,1
GCF_000597845.1|WP_000784460.1,1,1,1,1,1,1,1,1,1,1,1
GCF_000597845.1|WP_000785124.1,1,1,1,1,1,1,1,1,1,1,1
GCF_000597845.1|WP_000785596.1,1,1,1,1,1,1,1,1,1,1,1
GCF_000597845.1|WP_000785722.1,1,1,1,1,1,1,1,1,1,1,1
GCF_000597845.1|WP_000785931.1,1,1,1,1,1,1,1,1,1,1,1
GCF_000597845.1|WP_000786320.1,1,1,1,1,1,1,1,1,1,1,1
GCF_000597845.1|WP_000786399.1,1,1,1,1,1,1,1,1,1,1,1
GCF_000597845.1|WP_000786911.1,1,1,1,1,1,1,1,1,1,1,1
GCF_000597845.1|WP_000789502.1,1,1,1,1,1,1,1,1,1,1,1
GCF_000597845.1|WP_000789986.1,1,1,1,1,1,1,1,1,1,1,1
GCF_000597845.1|WP_000790168.1,1,1,1,1,1,1,1,1,1,1,1
GCF_000597845.1|WP_000791650.1,1,1,1,1,1,1,1,1,1,1,1
GCF_000597845.1|WP_000792970.1,1,1,1,1,1,1,1,1,1,1,1
GCF_000597845.1|WP_000795630.1,1,1,1,1,1,1,1,1,1,1,1
GCF_000597845.1|WP_000796332.1,1,1,1,1,1,1,1,1,1,1,1
GCF_000597845.1|WP_000796528.1,1,0,0,1,1,1,1,1,1,1,1
GCF_000597845.1|WP_000797341.1,1,1,1,1,1,1,1,1,1,1,1
GCF_000597845.1|WP_000797657.1,1,1,1,1,1,1,1,1,1,1,1
GCF_000597845.1|WP_000798871.1,1,1,1,1,1,1,1,1,1,1,1
GCF_000597845.1|WP_000799889.1,1,1,1,1,1,1,1,1,1,1,1
GCF_000597845.1|WP_000799956.1,1,1,1,1,1,1,1,1,1,1,1
GCF_000597845.1|WP_000800457.1,1,1,1,1,1,1,1,1,1,1,1
GCF_000597845.1|WP_000800512.1,1,1,1,1,1,1,1,1,1,1,1
GCF_000597845.1|WP_000801125.1,1,1,1,1,1,1,1,1,1,1,1
GCF_000597845.1|WP_000801365.1,1,1,1,1,1,1,1,1,1,1,1
GCF_000597845.1|WP_000801473.1,1,1,1,0,1,1,0,0,0,1,0
GCF_000597845.1|WP_000802080.1,1,1,1,1,1,1,1,1,1,1,1
GCF_000597845.1|WP_000802214.1,1,1,1,1,1,1,1,1,1,1,1
GCF_000597845.1|WP_000802516.1,1,1,1,1,1,1,1,1,1,1,1
GCF_000597845.1|WP_000803366.1,1,1,1,1,1,1,1,1,1,1,1
GCF_000597845.1|WP_000803659.1,1,1,1,1,1,1,1,1,1,1,1
GCF_000597845.1|WP_000803797.1,1,1,1,1,1,1,1,1,1,1,1
GCF_000597845.1|WP_000804064.1,1,0,0,0,0,0,0,0,0,0,0
GCF_000597845.1|WP_000804379.1,1,1,1,1,0,0,1,1,1,1,1
GCF_000597845.1|WP_000804726.1,1,1,1,1,1,1,1,1,1,1,1
GCF_000597845.1|WP_000805011.1,1,1,1,1,1,1,1,1,1,1,1
GCF_000597845.1|WP_000805497.1,1,1,1,1,1,1,1,1,1,1,1
GCF_000597845.1|WP_000805509.1,1,1,1,1,1,1,1,1,1,1,1
GCF_000597845.1|WP_000806177.1,1,1,1,1,1,1,1,1,1,1,1
GCF_000597845.1|WP_000806442.1,1,0,1,1,1,1,1,1,1,1,1
GCF_000597845.1|WP_000806638.1,1,1,1,1,1,1,1,1,1,1,1
GCF_000597845.1|WP_000807125.1,1,1,1,1,1,1,1,1,1,1,1
GCF_000597845.1|WP_000807362.1,1,1,1,1,1,1,1,1,1,1,1
GCF_000597845.1|WP_000807651.1,1,1,1,1,1,1,1,1,1,1,1
GCF_000597845.1|WP_000808376.1,1,1,1,1,1,1,1,1,1,1,1
GCF_000597845.1|WP_000808667.1,1,1,1,1,1,1,1,1,1,1,1
GCF_000597845.1|WP_000809051.1,1,1,1,1,1,1,1,1,1,1,1
GCF_000597845.1|WP_000809774.1,1,1,1,1,1,1,1,1,1,1,1
GCF_000597845.1|WP_000811065.1,1,1,1,1,1,1,1,1,1,1,1
GCF_000597845.1|WP_000811923.1,1,1,1,1,1,1,1,1,1,1,1
GCF_000597845.1|WP_000812053.1,1,1,1,1,1,1,1,1,1,1,1
GCF_000597845.1|WP_000812796.1,1,1,1,1,1,1,1,1,1,1,1
GCF_000597845.1|WP_000812892.1,1,1,1,1,1,1,1,1,1,1,1
GCF_000597845.1|WP_000813037.1,1,1,1,1,1,1,1,1,1,1,1
GCF_000597845.1|WP_000813201.1,1,1,1,1,1,1,1,1,1,1,1
GCF_000597845.1|WP_000813862.1,1,1,1,1,1,1,1,1,1,1,1
GCF_000597845.1|WP_000815099.1,1,1,1,1,1,1,1,1,1,1,1
GCF_000597845.1|WP_000815362.1,1,1,1,1,1,1,1,1,1,1,1
GCF_000597845.1|WP_000815435.1,1,1,1,1,0,0,1,1,1,1,1
GCF_000597845.1|WP_000815987.1,1,1,1,1,1,1,1,1,1,1,1
GCF_000597845.1|WP_000816232.1,1,1,1,1,1,1,1,1,1,1,1
GCF_000597845.1|WP_000816280.1,1,1,1,1,1,1,1,1,1,1,1
GCF_000597845.1|WP_000816471.1,1,1,1,1,1,1,1,1,1,1,1
GCF_000597845.1|WP_000816992.1,1,0,1,1,1,1,1,1,1,1,1
GCF_000597845.1|WP_000817178.1,1,1,1,1,1,1,1,1,1,1,1
GCF_000597845.1|WP_000817229.1,1,1,1,1,1,1,1,1,1,1,1
GCF_000597845.1|WP_000818114.1,1,1,1,1,1,1,1,1,1,1,1
GCF_000597845.1|WP_000818228.1,1,1,1,1,1,1,1,1,1,1,1
GCF_000597845.1|WP_000818411.1,1,1,1,1,1,1,1,1,1,1,1
GCF_000597845.1|WP_000818601.1,1,1,1,1,1,1,1,1,1,1,1
GCF_000597845.1|WP_000818618.1,1,1,1,1,1,1,1,1,1,1,1
GCF_000597845.1|WP_000819746.1,1,1,1,1,1,1,1,1,1,1,1
GCF_000597845.1|WP_000820714.1,1,1,1,1,1,1,1,1,1,1,1
GCF_000597845.1|WP_000820782.1,1,1,1,1,1,1,1,1,1,1,1
GCF_000597845.1|WP_000822274.1,1,1,1,1,1,1,1,1,1,1,1
GCF_000597845.1|WP_000823885.1,1,1,1,1,1,1,1,1,1,1,1
GCF_000597845.1|WP_000824439.1,1,1,1,1,1,1,1,1,1,1,1
GCF_000597845.1|WP_000825452.1,1,1,1,1,1,1,1,1,1,1,1
GCF_000597845.1|WP_000825600.1,1,1,1,1,1,1,1,1,1,1,1
GCF_000597845.1|WP_000825639.1,1,1,1,1,1,1,1,1,1,1,1
GCF_000597845.1|WP_000825700.1,1,1,1,1,1,1,1,1,1,1,1
GCF_000597845.1|WP_000825775.1,1,1,1,1,1,1,1,1,1,1,1
GCF_000597845.1|WP_000827409.1,1,1,1,1,1,1,1,1,1,1,1
GCF_000597845.1|WP_000827696.1,1,1,1,1,1,1,1,1,1,1,1
GCF_000597845.1|WP_000828351.1,1,1,1,1,1,1,1,1,1,1,1
GCF_000597845.1|WP_000828648.1,1,1,1,1,1,1,1,1,1,1,1
GCF_000597845.1|WP_000828746.1,1,1,1,1,1,1,1,1,1,1,1
GCF_000597845.1|WP_000829013.1,1,1,1,1,1,1,1,1,1,1,1
GCF_000597845.1|WP_000829229.1,1,1,1,1,1,1,1,1,1,1,1
GCF_000597845.1|WP_000829398.1,1,1,1,1,1,1,1,1,1,1,1
GCF_000597845.1|WP_000829798.1,1,1,1,1,1,1,1,1,1,1,1
GCF_000597845.1|WP_000829818.1,1,1,1,1,1,1,1,1,1,1,1
GCF_000597845.1|WP_000830468.1,1,1,1,1,0,0,1,1,1,1,1
GCF_000597845.1|WP_000830550.1,1,1,1,1,1,1,1,1,1,1,0
GCF_000597845.1|WP_000830741.1,1,1,1,1,1,1,1,1,1,1,1
GCF_000597845.1|WP_000831330.1,1,1,1,1,1,1,1,1,1,1,1
GCF_000597845.1|WP_000831543.1,1,1,1,1,1,1,1,1,1,1,1
GCF_000597845.1|WP_000832338.1,1,1,0,0,1,1,1,1,1,0,1
GCF_000597845.1|WP_000832435.1,1,1,1,1,1,1,1,1,1,1,1
GCF_000597845.1|WP_000832573.1,1,1,1,1,1,1,1,1,1,1,1
GCF_000597845.1|WP_000833288.1,1,1,1,1,1,1,1,1,1,1,1
GCF_000597845.1|WP_000833393.1,1,1,1,1,1,1,1,1,1,1,1
GCF_000597845.1|WP_000834439.1,1,1,1,1,1,1,1,1,1,1,1
GCF_000597845.1|WP_000835077.1,1,1,1,1,1,1,1,1,1,1,1
GCF_000597845.1|WP_000835177.1,1,1,1,1,1,1,1,1,1,1,1
GCF_000597845.1|WP_000836768.1,1,1,1,1,1,1,1,1,1,1,0
GCF_000597845.1|WP_000838261.1,1,1,1,1,1,1,1,1,1,1,1
GCF_000597845.1|WP_000838889.1,1,1,1,1,1,1,1,1,1,1,1
GCF_000597845.1|WP_000838944.1,1,1,1,1,1,1,1,1,1,1,1
GCF_000597845.1|WP_000839153.1,1,1,1,1,1,1,1,1,1,1,1
GCF_000597845.1|WP_000839590.1,1,1,1,1,1,1,1,1,1,1,1
GCF_000597845.1|WP_000840481.1,1,1,1,1,1,1,1,1,1,1,1
GCF_000597845.1|WP_000841001.1,1,1,1,1,1,1,1,1,0,1,1
GCF_000597845.1|WP_000841103.1,1,1,1,1,1,1,1,1,1,1,1
GCF_000597845.1|WP_000841554.1,1,1,1,1,1,1,1,1,1,1,1
GCF_000597845.1|WP_000843419.1,1,1,1,1,1,1,1,1,1,1,1
GCF_000597845.1|WP_000843559.1,1,1,1,1,1,1,1,1,1,1,1
GCF_000597845.1|WP_000844431.1,1,0,0,0,0,0,1,1,1,0,1
GCF_000597845.1|WP_000845104.1,1,1,1,1,1,1,1,1,0,1,1
GCF_000597845.1|WP_000845394.1,1,1,1,1,1,1,1,1,1,1,1
GCF_000597845.1|WP_000846343.1,1,1,1,1,1,1,1,1,1,1,1
GCF_000597845.1|WP_000847559.1,1,1,1,1,1,1,1,1,1,1,1
GCF_000597845.1|WP_000847791.1,1,1,1,1,1,1,1,1,1,1,1
GCF_000597845.1|WP_000847837.1,1,0,0,0,1,1,1,1,1,0,1
GCF_000597845.1|WP_000847882.1,1,1,1,1,1,1,1,1,1,1,1
GCF_000597845.1|WP_000847985.1,1,0,1,1,1,1,1,1,1,1,1
GCF_000597845.1|WP_000848387.1,1,1,1,1,1,1,1,1,1,1,1
GCF_000597845.1|WP_000848528.1,1,1,1,1,1,1,1,1,1,1,1
GCF_000597845.1|WP_000848664.1,1,1,1,1,1,1,1,1,1,1,1
GCF_000597845.1|WP_000849301.1,1,1,1,1,1,1,1,1,1,1,1
GCF_000597845.1|WP_000850550.1,1,1,1,1,1,1,1,1,1,1,1
GCF_000597845.1|WP_000852296.1,1,1,1,1,1,1,1,1,1,1,1
GCF_000597845.1|WP_000852812.1,1,1,1,1,1,1,1,1,1,1,1
GCF_000597845.1|WP_000852835.1,1,1,1,1,1,1,0,1,1,1,1
GCF_000597845.1|WP_000853030.1,1,1,1,1,1,1,1,1,1,1,1
GCF_000597845.1|WP_000853256.1,1,1,1,1,1,1,1,1,1,1,1
GCF_000597845.1|WP_000853353.1,1,0,0,0,1,1,1,1,1,0,1
GCF_000597845.1|WP_000853753.1,1,1,1,1,1,1,1,1,1,1,1
GCF_000597845.1|WP_000853959.1,1,1,1,1,1,1,1,1,1,1,1
GCF_000597845.1|WP_000854624.1,1,1,1,1,1,1,1,1,1,1,1
GCF_000597845.1|WP_000854972.1,1,1,1,1,1,1,1,1,1,1,1
GCF_000597845.1|WP_000855388.1,1,1,1,1,1,1,1,1,1,1,1
GCF_000597845.1|WP_000856737.1,1,1,1,1,1,1,1,1,1,1,1
GCF_000597845.1|WP_000856829.1,1,1,1,1,1,1,1,1,1,1,1
GCF_000597845.1|WP_000857056.1,1,1,1,1,1,1,1,1,1,1,1
GCF_000597845.1|WP_000857257.1,1,1,1,1,1,1,1,1,1,1,1
GCF_000597845.1|WP_000857405.1,1,1,1,1,1,1,1,1,1,1,1
GCF_000597845.1|WP_000857856.1,1,1,1,1,1,1,1,1,1,1,1
GCF_000597845.1|WP_000859787.1,1,1,1,1,1,1,1,1,1,1,1
GCF_000597845.1|WP_000860444.1,1,1,1,1,0,0,1,1,1,1,1
GCF_000597845.1|WP_000861334.1,1,1,1,1,1,1,1,1,1,1,1
GCF_000597845.1|WP_000866436.1,1,1,1,1,1,1,0,1,1,1,1
GCF_000597845.1|WP_000866670.1,1,1,1,1,1,1,1,1,1,1,1
GCF_000597845.1|WP_000866812.1,1,1,1,1,1,1,1,1,1,1,1
GCF_000597845.1|WP_000867217.1,1,1,1,1,0,0,1,1,1,1,1
GCF_000597845.1|WP_000868187.1,1,1,1,1,1,1,1,1,1,1,1
GCF_000597845.1|WP_000869037.1,1,1,1,1,1,1,1,1,1,1,0
GCF_000597845.1|WP_000869178.1,1,1,1,1,1,1,1,1,1,1,1
GCF_000597845.1|WP_000869246.1,1,1,1,1,1,1,1,1,1,1,1
GCF_000597845.1|WP_000870037.1,1,1,1,1,1,1,1,1,1,1,1
GCF_000597845.1|WP_000870712.1,1,1,1,1,1,1,1,1,1,1,1
GCF_000597845.1|WP_000871512.1,1,1,1,1,1,1,1,1,1,1,1
GCF_000597845.1|WP_000871671.1,1,1,1,0,1,1,0,0,0,1,0
GCF_000597845.1|WP_000871982.1,1,1,1,1,1,1,1,1,1,1,1
GCF_000597845.1|WP_000872811.1,1,1,1,1,1,1,1,1,1,1,1
GCF_000597845.1|WP_000872908.1,1,1,1,1,1,1,1,1,1,1,1
GCF_000597845.1|WP_000873890.1,1,1,1,1,1,1,1,1,1,1,1
GCF_000597845.1|WP_000875487.1,1,1,1,1,1,1,1,1,1,1,1
GCF_000597845.1|WP_000876286.1,1,1,1,1,1,1,1,1,1,1,1
GCF_000597845.1|WP_000877116.1,1,1,1,1,1,1,1,1,1,1,1
GCF_000597845.1|WP_000877161.1,1,1,1,1,1,1,1,1,1,1,1
GCF_000597845.1|WP_000878140.1,1,1,1,1,1,1,1,1,1,1,1
GCF_000597845.1|WP_000879152.1,1,0,0,1,1,1,1,1,1,0,1
GCF_000597845.1|WP_000879277.1,1,1,1,1,1,1,1,1,1,1,1
GCF_000597845.1|WP_000879709.1,1,1,1,1,1,1,1,1,1,1,1
GCF_000597845.1|WP_000879833.1,1,1,1,0,1,1,0,1,1,0,0
GCF_000597845.1|WP_000880176.1,1,1,1,1,1,1,1,1,1,1,1
GCF_000597845.1|WP_000880559.1,1,0,0,0,0,0,0,0,0,0,0
GCF_000597845.1|WP_000880910.1,1,1,1,1,1,1,1,1,1,1,1
GCF_000597845.1|WP_000882235.1,1,0,0,1,1,1,1,1,1,0,1
GCF_000597845.1|WP_000883122.1,1,1,1,1,1,1,1,1,1,1,1
GCF_000597845.1|WP_000883400.1,1,1,1,1,1,1,1,1,1,1,1
GCF_000597845.1|WP_000884361.1,1,1,1,1,1,1,1,1,1,1,1
GCF_000597845.1|WP_000884589.1,1,1,1,1,1,1,1,1,1,1,1
GCF_000597845.1|WP_000885454.1,1,1,1,1,1,1,1,1,0,1,1
GCF_000597845.1|WP_000885798.1,1,1,1,1,1,1,1,1,1,1,1
GCF_000597845.1|WP_000886683.1,1,1,1,1,1,1,1,1,1,1,1
GCF_000597845.1|WP_000886900.1,1,1,1,1,1,1,1,1,1,1,1
GCF_000597845.1|WP_000889443.1,1,0,0,1,0,0,0,0,0,0,1
GCF_000597845.1|WP_000890941.1,1,0,1,1,1,1,1,1,1,1,1
GCF_000597845.1|WP_000891353.1,1,1,1,1,1,1,1,1,1,1,1
GCF_000597845.1|WP_000891404.1,1,1,1,1,1,1,1,1,1,1,1
GCF_000597845.1|WP_000891515.1,1,1,1,1,0,0,1,1,1,1,1
GCF_000597845.1|WP_000891562.1,1,1,1,1,1,1,1,1,1,1,1
GCF_000597845.1|WP_000891621.1,1,1,1,1,1,1,1,1,1,1,1
GCF_000597845.1|WP_000891692.1,1,1,1,1,0,0,1,1,1,1,1
GCF_000597845.1|WP_000892044.1,1,1,1,1,1,1,1,1,1,1,1
GCF_000597845.1|WP_000893278.1,1,1,1,1,1,1,0,1,1,1,1
GCF_000597845.1|WP_000893623.1,1,1,1,1,1,1,1,1,1,1,1
GCF_000597845.1|WP_000893994.1,1,1,1,1,1,1,1,1,1,1,1
GCF_000597845.1|WP_000895624.1,1,1,1,1,1,1,1,1,1,1,1
GCF_000597845.1|WP_000896498.1,1,1,1,1,1,1,1,1,1,1,1
GCF_000597845.1|WP_000896865.1,1,1,1,1,1,1,0,0,0,1,1
GCF_000597845.1|WP_000898741.1,1,1,1,1,1,1,1,1,1,1,1
GCF_000597845.1|WP_000899049.1,1,1,1,1,1,1,1,1,1,1,1
GCF_000597845.1|WP_000899600.1,1,1,1,1,1,1,1,1,1,1,1
GCF_000597845.1|WP_000901098.1,1,1,1,1,1,1,1,1,1,1,1
GCF_000597845.1|WP_000901367.1,1,1,1,1,1,1,1,1,1,1,1
GCF_000597845.1|WP_000902780.1,1,1,1,1,1,1,1,1,1,1,1
GCF_000597845.1|WP_000903373.1,1,1,1,1,1,1,1,1,1,1,1
GCF_000597845.1|WP_000904442.1,1,1,1,1,1,1,1,1,1,1,1
GCF_000597845.1|WP_000904502.1,1,1,1,1,1,1,1,1,1,1,1
GCF_000597845.1|WP_000905780.1,1,1,1,1,1,1,1,1,1,1,1
GCF_000597845.1|WP_000906203.1,1,1,1,1,1,1,1,1,1,1,1
GCF_000597845.1|WP_000906252.1,1,1,1,1,1,1,1,1,1,1,1
GCF_000597845.1|WP_000906486.1,1,1,1,1,1,1,1,1,1,1,1
GCF_000597845.1|WP_000906819.1,1,1,1,1,1,1,1,1,1,1,1
GCF_000597845.1|WP_000906961.1,1,1,1,1,1,1,1,1,1,1,1
GCF_000597845.1|WP_000907085.1,1,1,1,1,1,1,1,1,1,1,1
GCF_000597845.1|WP_000907387.1,1,1,1,1,1,1,1,1,1,1,1
GCF_000597845.1|WP_000907622.1,1,1,1,1,1,1,1,1,1,1,1
GCF_000597845.1|WP_000908052.1,1,1,0,1,0,0,0,0,0,0,0
GCF_000597845.1|WP_000908554.1,1,1,1,1,1,1,1,1,1,1,1
GCF_000597845.1|WP_000911982.1,1,0,0,0,0,0,0,0,0,0,0
GCF_000597845.1|WP_000912345.1,1,1,1,1,1,1,1,1,1,1,1
GCF_000597845.1|WP_000913396.1,1,1,1,1,1,1,1,1,1,1,1
GCF_000597845.1|WP_000917117.1,1,1,1,1,1,1,1,1,1,1,1
GCF_000597845.1|WP_000917208.1,1,1,1,1,1,1,1,1,1,1,1
GCF_000597845.1|WP_000917684.1,1,1,1,1,1,1,1,1,1,1,1
GCF_000597845.1|WP_000917883.1,1,1,1,1,1,1,1,1,1,1,1
GCF_000597845.1|WP_000918470.1,1,1,1,1,1,1,1,1,1,1,1
GCF_000597845.1|WP_000918506.1,1,1,1,1,1,1,1,1,1,1,1
GCF_000597845.1|WP_000918827.1,1,1,1,1,1,1,1,1,1,1,1
GCF_000597845.1|WP_000919159.1,1,1,1,1,1,1,1,1,1,1,1
GCF_000597845.1|WP_000919497.1,1,1,1,1,1,1,1,1,1,1,1
GCF_000597845.1|WP_000920132.1,1,1,1,1,1,1,1,1,1,1,1
GCF_000597845.1|WP_000920762.1,1,1,1,1,1,1,1,1,1,1,1
GCF_000597845.1|WP_000920784.1,1,1,1,1,1,1,1,1,1,1,1
GCF_000597845.1|WP_000920840.1,1,1,1,1,1,1,1,1,1,1,1
GCF_000597845.1|WP_000921621.1,1,1,1,1,1,1,1,1,1,1,1
GCF_000597845.1|WP_000921789.1,1,1,1,1,1,1,1,1,1,1,1
GCF_000597845.1|WP_000922446.1,1,1,1,1,1,1,1,1,1,1,1
GCF_000597845.1|WP_000922639.1,1,1,1,1,1,1,1,1,1,1,1
GCF_000597845.1|WP_000922683.1,1,1,1,1,0,0,1,1,1,1,1
GCF_000597845.1|WP_000922901.1,1,1,1,1,1,1,1,1,1,1,1
GCF_000597845.1|WP_000923727.1,1,1,1,1,1,1,1,1,1,1,1
GCF_000597845.1|WP_000924289.1,1,1,1,1,1,1,1,1,1,1,1
GCF_000597845.1|WP_000925795.1,1,1,1,1,1,1,1,1,1,1,1
GCF_000597845.1|WP_000925997.1,1,1,1,1,1,1,1,1,1,1,1
GCF_000597845.1|WP_000926441.1,1,1,1,1,1,1,1,1,1,1,1
GCF_000597845.1|WP_000928723.1,1,1,1,1,1,1,1,1,1,1,1
GCF_000597845.1|WP_000928829.1,1,1,1,1,1,1,1,1,1,1,1
GCF_000597845.1|WP_000929408.1,1,1,1,1,1,1,1,1,1,1,1
GCF_000597845.1|WP_000929439.1,1,1,1,0,1,1,1,1,1,1,0
GCF_000597845.1|WP_000931389.1,1,1,1,1,0,0,1,1,1,1,1
GCF_000597845.1|WP_000932342.1,1,1,1,1,1,1,1,1,1,1,1
GCF_000597845.1|WP_000932839.1,1,1,1,1,1,1,1,1,1,1,1
GCF_000597845.1|WP_000933736.1,1,1,1,1,1,1,1,1,1,1,1
GCF_000597845.1|WP_000934218.1,1,1,1,1,1,1,1,1,1,1,1
GCF_000597845.1|WP_000934302.1,1,1,1,1,1,1,1,1,1,1,1
GCF_000597845.1|WP_000934822.1,1,1,1,1,1,1,1,1,1,1,1
GCF_000597845.1|WP_000934920.1,1,1,1,1,1,1,1,1,1,1,1
GCF_000597845.1|WP_000935036.1,1,1,1,1,1,1,1,1,1,1,1
GCF_000597845.1|WP_000935370.1,1,1,1,1,1,1,1,1,1,1,1
GCF_000597845.1|WP_000936043.1,1,1,1,1,1,1,1,1,1,1,1
GCF_000597845.1|WP_000936370.1,1,1,1,1,1,1,1,1,1,1,1
GCF_000597845.1|WP_000936560.1,1,1,1,1,1,1,1,1,1,1,1
GCF_000597845.1|WP_000936635.1,1,1,1,1,1,1,1,1,1,1,1
GCF_000597845.1|WP_000937920.1,1,1,1,1,1,1,1,1,1,1,1
GCF_000597845.1|WP_000939212.1,1,1,1,1,0,0,1,1,1,1,1
GCF_000597845.1|WP_000939749.1,1,1,1,1,1,1,1,1,1,1,1
GCF_000597845.1|WP_000939767.1,1,1,1,1,1,1,1,1,1,1,1
GCF_000597845.1|WP_000940019.1,1,1,1,1,1,1,1,1,1,1,1
GCF_000597845.1|WP_000940121.1,1,1,1,1,1,1,1,1,1,1,1
GCF_000597845.1|WP_000940526.1,1,1,1,1,1,1,1,1,1,1,1
GCF_000597845.1|WP_000940595.1,1,1,1,1,1,1,1,1,1,1,1
GCF_000597845.1|WP_000941212.1,1,1,1,1,1,1,1,1,1,1,1
GCF_000597845.1|WP_000941942.1,1,1,1,1,1,1,1,1,1,1,1
GCF_000597845.1|WP_000942344.1,1,1,1,1,1,1,1,1,1,1,1
GCF_000597845.1|WP_000942548.1,1,1,1,1,1,1,1,1,1,1,1
GCF_000597845.1|WP_000943100.1,1,1,1,1,1,1,1,1,1,1,1
GCF_000597845.1|WP_000943459.1,1,1,1,1,1,1,1,1,1,1,1
GCF_000597845.1|WP_000944218.1,1,0,1,0,0,0,1,1,1,1,1
GCF_000597845.1|WP_000944256.1,1,1,1,1,1,1,1,1,1,1,1
GCF_000597845.1|WP_000945005.1,1,1,1,1,1,1,1,1,0,1,1
GCF_000597845.1|WP_000945561.1,1,0,0,1,1,1,1,1,1,0,1
GCF_000597845.1|WP_000945878.1,1,1,1,1,1,1,1,1,1,1,1
GCF_000597845.1|WP_000946947.1,1,1,1,1,1,1,1,1,1,1,1
GCF_000597845.1|WP_000947159.1,1,1,1,1,1,1,1,1,1,1,1
GCF_000597845.1|WP_000948824.1,1,1,1,1,1,1,1,1,1,1,1
GCF_000597845.1|WP_000948863.1,1,1,1,1,1,1,1,1,1,1,1
GCF_000597845.1|WP_000949265.1,1,1,1,1,1,1,1,1,1,1,1
GCF_000597845.1|WP_000950409.1,1,1,1,1,1,1,1,1,1,1,1
GCF_000597845.1|WP_000950963.1,1,0,0,0,0,0,0,0,0,0,0
GCF_000597845.1|WP_000951213.1,1,1,1,1,1,1,1,1,1,1,1
GCF_000597845.1|WP_000951777.1,1,1,1,1,1,1,1,1,1,1,1
GCF_000597845.1|WP_000952737.1,1,1,1,1,1,1,1,1,1,1,1
GCF_000597845.1|WP_000953278.1,1,1,1,1,1,1,1,1,1,1,1
GCF_000597845.1|WP_000953353.1,1,1,1,1,1,1,1,1,1,1,1
GCF_000597845.1|WP_000954225.1,1,1,1,1,1,1,1,1,1,1,1
GCF_000597845.1|WP_000955025.1,1,1,1,1,1,1,1,1,1,1,1
GCF_000597845.1|WP_000956313.1,1,1,1,1,1,1,1,1,1,1,1
GCF_000597845.1|WP_000956642.1,1,1,1,1,1,1,1,1,0,1,1
GCF_000597845.1|WP_000956830.1,1,1,1,1,1,1,1,1,1,1,1
GCF_000597845.1|WP_000957914.1,1,1,1,1,1,1,1,1,1,1,1
GCF_000597845.1|WP_000958598.1,1,1,1,1,1,1,1,1,1,1,1
GCF_000597845.1|WP_000959109.1,1,1,1,1,1,1,0,0,0,1,1
GCF_000597845.1|WP_000961458.1,1,1,1,1,1,1,1,1,1,1,1
GCF_000597845.1|WP_000961959.1,1,1,1,1,1,1,1,1,1,1,1
GCF_000597845.1|WP_000963143.1,1,1,1,1,1,1,1,1,1,1,1
GCF_000597845.1|WP_000963518.1,1,1,1,1,1,1,1,1,1,1,1
GCF_000597845.1|WP_000963837.1,1,1,1,1,1,1,1,1,1,1,1
GCF_000597845.1|WP_000964131.1,1,1,1,1,1,1,1,1,1,1,1
GCF_000597845.1|WP_000965518.1,1,1,1,1,1,1,1,1,1,1,1
GCF_000597845.1|WP_000965672.1,1,1,1,1,1,1,1,1,1,1,1
GCF_000597845.1|WP_000965722.1,1,1,1,1,1,1,1,1,1,1,1
GCF_000597845.1|WP_000965936.1,1,1,1,1,1,1,1,1,1,1,1
GCF_000597845.1|WP_000967595.1,1,1,1,1,1,1,1,1,1,1,1
GCF_000597845.1|WP_000968208.1,1,1,1,1,1,1,1,1,1,1,1
GCF_000597845.1|WP_000969032.1,1,1,1,1,1,1,1,1,1,1,1
GCF_000597845.1|WP_000969092.1,1,1,1,1,1,1,1,1,1,1,1
GCF_000597845.1|WP_000969372.1,1,1,1,1,1,1,1,1,1,1,1
GCF_000597845.1|WP_000970117.1,1,1,1,1,1,1,1,1,1,1,1
GCF_000597845.1|WP_000970330.1,1,1,1,1,1,1,1,1,1,1,1
GCF_000597845.1|WP_000970479.1,1,1,1,1,1,1,1,1,1,1,1
GCF_000597845.1|WP_000971336.1,1,1,1,1,1,1,1,1,1,1,1
GCF_000597845.1|WP_000971730.1,1,1,1,1,1,1,1,1,1,1,1
GCF_000597845.1|WP_000971886.1,1,1,1,1,1,1,1,1,1,1,1
GCF_000597845.1|WP_000972203.1,1,1,1,1,1,1,1,1,1,1,1
GCF_000597845.1|WP_000973083.1,1,1,1,1,1,1,1,1,1,1,1
GCF_000597845.1|WP_000973448.1,1,1,1,1,1,1,1,1,1,1,1
GCF_000597845.1|WP_000973663.1,1,1,1,1,1,1,1,1,1,1,1
GCF_000597845.1|WP_000974813.1,1,1,1,1,1,1,1,1,1,1,1
GCF_000597845.1|WP_000976004.1,1,1,1,1,1,1,1,1,1,1,1
GCF_000597845.1|WP_000976070.1,1,1,1,1,1,1,1,1,1,1,1
GCF_000597845.1|WP_000977757.1,1,1,1,1,1,1,1,1,1,1,1
GCF_000597845.1|WP_000978494.1,1,1,1,1,1,1,1,1,1,1,1
GCF_000597845.1|WP_000979516.1,1,1,1,1,1,1,1,1,1,1,1
GCF_000597845.1|WP_000979881.1,1,1,1,1,1,1,1,1,1,1,1
GCF_000597845.1|WP_000979977.1,1,1,1,1,1,1,1,1,1,1,1
GCF_000597845.1|WP_000980098.1,1,1,1,1,1,1,1,1,1,1,1
GCF_000597845.1|WP_000980107.1,1,1,1,1,1,1,1,1,1,1,1
GCF_000597845.1|WP_000980605.1,1,1,1,1,1,1,1,1,1,1,1
GCF_000597845.1|WP_000981977.1,1,1,1,1,1,1,1,1,1,1,1
GCF_000597845.1|WP_000982078.1,1,1,1,1,1,1,1,1,1,1,1
GCF_000597845.1|WP_000982172.1,1,1,1,1,1,1,1,1,1,1,1
GCF_000597845.1|WP_000982997.1,1,1,1,1,1,1,1,1,1,1,1
GCF_000597845.1|WP_000983255.1,1,1,1,1,1,1,1,1,1,1,1
GCF_000597845.1|WP_000983410.1,1,1,1,1,1,1,0,0,1,1,1
GCF_000597845.1|WP_000983609.1,1,1,1,1,1,1,1,1,1,1,1
GCF_000597845.1|WP_000983653.1,1,1,1,1,1,1,1,1,1,1,1
GCF_000597845.1|WP_000983865.1,1,1,1,1,1,1,1,1,1,1,1
GCF_000597845.1|WP_000984517.1,1,1,1,1,1,1,1,1,1,1,1
GCF_000597845.1|WP_000984796.1,1,1,1,1,1,1,1,1,1,1,1
GCF_000597845.1|WP_000984974.1,1,1,1,1,1,1,0,0,0,1,1
GCF_000597845.1|WP_000985273.1,1,0,1,1,1,1,1,1,1,1,1
GCF_000597845.1|WP_000985336.1,1,1,1,1,1,1,1,1,1,1,1
GCF_000597845.1|WP_000985483.1,1,1,1,1,1,1,1,1,1,1,1
GCF_000597845.1|WP_000985541.1,1,1,1,1,1,1,1,1,1,1,1
GCF_000597845.1|WP_000986023.1,1,1,1,1,1,1,1,1,1,1,1
GCF_000597845.1|WP_000986601.1,1,1,1,1,1,1,1,1,1,1,1
GCF_000597845.1|WP_000986797.1,1,1,1,1,1,1,1,1,1,1,1
GCF_000597845.1|WP_000987525.1,1,1,0,1,0,0,0,0,0,1,0
GCF_000597845.1|WP_000988308.1,1,1,1,1,1,1,1,1,1,1,1
GCF_000597845.1|WP_000988496.1,1,1,1,1,1,1,1,1,1,1,1
GCF_000597845.1|WP_000989419.1,1,1,1,1,1,1,1,1,1,1,1
GCF_000597845.1|WP_000990177.1,1,1,1,1,1,1,1,1,1,1,1
GCF_000597845.1|WP_000990333.1,1,1,1,1,1,1,1,1,1,1,1
GCF_000597845.1|WP_000990754.1,1,1,1,1,1,1,1,1,1,1,1
GCF_000597845.1|WP_000991370.1,1,1,1,1,1,1,1,1,1,1,1
GCF_000597845.1|WP_000991805.1,1,1,1,1,1,1,1,1,1,1,1
GCF_000597845.1|WP_000991832.1,1,0,0,0,0,0,0,0,0,0,0
GCF_000597845.1|WP_000992002.1,1,1,1,1,1,1,1,1,1,1,1
GCF_000597845.1|WP_000993087.1,1,1,1,1,1,1,1,1,1,1,1
GCF_000597845.1|WP_000993386.1,1,0,0,0,0,0,0,0,0,0,0
GCF_000597845.1|WP_000995016.1,1,1,1,1,1,1,1,1,1,1,1
GCF_000597845.1|WP_000996107.1,1,1,1,1,1,1,1,1,1,1,1
GCF_000597845.1|WP_000996856.1,1,1,1,1,1,1,1,1,1,1,1
GCF_000597845.1|WP_000997403.1,1,1,1,1,1,1,1,1,1,1,1
GCF_000597845.1|WP_000997795.1,1,1,1,1,1,1,1,1,1,1,1
GCF_000597845.1|WP_000999630.1,1,1,1,1,1,1,1,1,1,1,1
GCF_000597845.1|WP_000999947.1,1,1,1,1,1,1,1,1,1,1,1
GCF_000597845.1|WP_001000960.1,1,1,1,1,1,1,1,1,1,1,1
GCF_000597845.1|WP_001001166.1,1,1,1,1,1,1,1,1,1,1,1
GCF_000597845.1|WP_001001273.1,1,0,0,0,0,0,0,0,0,0,0
GCF_000597845.1|WP_001001761.1,1,1,1,1,1,1,1,1,1,1,1
GCF_000597845.1|WP_001001902.1,1,1,1,1,1,1,1,1,1,1,1
GCF_000597845.1|WP_001002544.1,1,1,1,1,1,1,1,1,1,1,1
GCF_000597845.1|WP_001005579.1,1,1,1,1,1,1,1,1,1,1,1
GCF_000597845.1|WP_001006866.1,1,1,1,1,1,1,1,1,1,1,1
GCF_000597845.1|WP_001007138.1,1,1,1,1,1,1,1,1,1,1,1
GCF_000597845.1|WP_001007447.1,1,1,1,1,1,1,0,0,1,1,1
GCF_000597845.1|WP_001007730.1,1,0,1,1,1,1,1,1,1,1,1
GCF_000597845.1|WP_001007759.1,1,1,1,1,1,1,1,1,1,1,1
GCF_000597845.1|WP_001008049.1,1,1,1,1,1,1,1,1,1,1,1
GCF_000597845.1|WP_001008535.1,1,1,1,1,1,1,1,1,1,1,1
GCF_000597845.1|WP_001008963.1,1,1,1,1,1,1,1,1,1,1,1
GCF_000597845.1|WP_001009885.1,1,1,1,1,1,1,1,1,1,1,1
GCF_000597845.1|WP_001010696.1,1,1,1,1,1,1,1,1,1,1,1
GCF_000597845.1|WP_001012899.1,1,1,1,1,1,1,1,1,1,1,1
GCF_000597845.1|WP_001013779.1,1,1,1,1,1,1,1,1,1,1,1
GCF_000597845.1|WP_001013890.1,1,1,1,1,1,1,0,1,1,1,1
GCF_000597845.1|WP_001014565.1,1,1,1,1,1,1,1,1,1,1,1
GCF_000597845.1|WP_001015028.1,1,1,1,1,0,0,1,1,1,1,1
GCF_000597845.1|WP_001015110.1,1,1,1,1,1,1,1,1,1,1,1
GCF_000597845.1|WP_001016605.1,1,1,1,1,1,1,1,1,1,1,1
GCF_000597845.1|WP_001016695.1,1,1,1,1,1,1,1,1,1,1,1
GCF_000597845.1|WP_001018040.1,1,1,1,1,1,1,1,1,1,1,1
GCF_000597845.1|WP_001018194.1,1,1,1,1,1,1,1,1,1,1,1
GCF_000597845.1|WP_001018416.1,1,1,1,1,1,1,1,1,1,1,1
GCF_000597845.1|WP_001018731.1,1,1,1,1,1,1,1,1,1,1,1
GCF_000597845.1|WP_001019197.1,1,1,1,1,1,1,1,1,1,1,1
GCF_000597845.1|WP_001019882.1,1,1,1,1,1,1,1,1,1,1,1
GCF_000597845.1|WP_001021161.1,1,1,1,1,1,1,1,1,1,1,1
GCF_000597845.1|WP_001021473.1,1,0,0,1,0,0,0,0,0,0,1
GCF_000597845.1|WP_001023104.1,1,1,1,1,1,1,1,1,1,1,1
GCF_000597845.1|WP_001024904.1,1,1,1,1,1,1,1,1,1,1,1
GCF_000597845.1|WP_001025193.1,1,1,1,1,1,1,1,1,1,1,1
GCF_000597845.1|WP_001025326.1,1,1,1,1,1,1,1,1,1,1,1
GCF_000597845.1|WP_001026276.1,1,1,1,1,1,1,1,1,1,1,1
GCF_000597845.1|WP_001026418.1,1,1,1,1,1,1,1,1,1,1,1
GCF_000597845.1|WP_001027452.1,1,1,1,1,1,1,1,1,1,1,1
GCF_000597845.1|WP_001027964.1,1,1,1,1,1,1,1,1,1,1,1
GCF_000597845.1|WP_001028083.1,1,1,1,1,1,1,1,1,1,1,1
GCF_000597845.1|WP_001028339.1,1,1,1,1,1,1,1,1,1,1,1
GCF_000597845.1|WP_001028614.1,1,1,1,1,1,1,1,1,1,1,1
GCF_000597845.1|WP_001029013.1,1,1,1,1,1,1,1,1,1,1,1
GCF_000597845.1|WP_001029684.1,1,1,1,1,1,1,1,1,1,1,1
GCF_000597845.1|WP_001029698.1,1,1,1,1,1,1,1,1,1,1,1
GCF_000597845.1|WP_001030339.1,1,1,1,1,1,1,1,1,1,1,1
GCF_000597845.1|WP_001030593.1,1,1,1,1,1,1,1,1,1,1,1
GCF_000597845.1|WP_001031057.1,1,1,1,1,1,1,1,1,1,1,1
GCF_000597845.1|WP_001031834.1,1,1,1,1,1,1,1,1,1,1,1
GCF_000597845.1|WP_001032936.1,1,1,1,1,1,1,1,1,1,1,1
GCF_000597845.1|WP_001033352.1,1,1,1,1,1,1,1,1,1,1,1
GCF_000597845.1|WP_001033694.1,1,1,1,1,1,1,1,1,1,1,1
GCF_000597845.1|WP_001035673.1,1,0,1,1,0,0,1,1,1,1,1
GCF_000597845.1|WP_001036475.1,1,1,1,1,1,1,1,1,1,1,1
GCF_000597845.1|WP_001036964.1,1,1,1,1,0,0,1,1,1,1,1
GCF_000597845.1|WP_001039044.1,1,1,1,1,1,1,1,1,1,1,1
GCF_000597845.1|WP_001040187.1,1,1,1,1,1,1,1,1,1,1,1
GCF_000597845.1|WP_001040205.1,1,1,1,1,1,1,1,1,1,1,1
GCF_000597845.1|WP_001040483.1,1,1,1,1,1,1,1,1,1,1,1
GCF_000597845.1|WP_001041743.1,1,0,0,0,1,1,1,1,1,0,1
GCF_000597845.1|WP_001042003.1,1,1,1,1,1,1,1,1,1,1,1
GCF_000597845.1|WP_001043265.1,1,1,1,1,1,1,1,1,1,1,1
GCF_000597845.1|WP_001043459.1,1,1,1,1,1,1,1,1,1,1,1
GCF_000597845.1|WP_001043816.1,1,1,1,1,1,1,1,1,1,1,1
GCF_000597845.1|WP_001043882.1,1,1,1,1,1,1,1,1,1,1,1
GCF_000597845.1|WP_001044880.1,1,1,1,1,1,1,1,1,1,1,1
GCF_000597845.1|WP_001045520.1,1,1,1,1,1,1,1,1,1,1,1
GCF_000597845.1|WP_001045689.1,1,1,1,1,1,1,1,1,1,1,1
GCF_000597845.1|WP_001046187.1,1,1,1,1,1,1,1,1,1,1,1
GCF_000597845.1|WP_001046453.1,1,1,1,1,1,1,1,1,1,1,1
GCF_000597845.1|WP_001046829.1,1,1,1,1,1,1,1,1,0,1,1
GCF_000597845.1|WP_001047336.1,1,1,1,1,1,1,1,1,1,1,1
GCF_000597845.1|WP_001048602.1,1,1,1,1,1,1,1,1,1,1,1
GCF_000597845.1|WP_001049550.1,1,1,1,1,1,1,0,0,0,1,0
GCF_000597845.1|WP_001049791.1,1,1,1,1,1,1,1,1,1,1,1
GCF_000597845.1|WP_001050745.1,1,1,1,1,1,1,1,1,1,1,1
GCF_000597845.1|WP_001051798.1,1,1,1,1,1,1,1,1,1,1,1
GCF_000597845.1|WP_001051883.1,1,1,1,1,1,1,1,1,1,1,1
GCF_000597845.1|WP_001052132.1,1,1,1,1,1,1,1,1,1,1,1
GCF_000597845.1|WP_001052181.1,1,1,1,1,1,1,1,1,1,1,1
GCF_000597845.1|WP_001052219.1,1,1,1,1,1,1,1,1,1,1,1
GCF_000597845.1|WP_001052715.1,1,1,1,1,1,1,1,1,1,1,1
GCF_000597845.1|WP_001053178.1,1,1,1,1,1,1,1,1,1,1,1
GCF_000597845.1|WP_001053305.1,1,1,1,1,1,1,1,1,1,1,1
GCF_000597845.1|WP_001054207.1,1,1,1,1,1,1,1,1,1,1,1
GCF_000597845.1|WP_001054420.1,1,1,1,1,1,1,1,1,1,1,1
GCF_000597845.1|WP_001054527.1,1,1,1,1,1,1,1,1,1,1,1
GCF_000597845.1|WP_001055760.1,1,1,1,1,1,1,1,1,1,1,1
GCF_000597845.1|WP_001055874.1,1,1,1,1,1,1,1,1,1,1,1
GCF_000597845.1|WP_001056384.1,1,1,1,1,1,1,1,1,1,1,1
GCF_000597845.1|WP_001056490.1,1,0,1,1,1,1,1,1,1,1,1
GCF_000597845.1|WP_001056706.1,1,1,1,1,1,1,1,1,1,1,1
GCF_000597845.1|WP_001057453.1,1,1,1,1,1,1,1,1,1,1,1
GCF_000597845.1|WP_001058209.1,1,1,1,1,1,1,1,1,1,1,1
GCF_000597845.1|WP_001058323.1,1,1,1,1,1,1,1,1,1,1,1
GCF_000597845.1|WP_001059136.1,1,1,1,1,1,1,1,1,1,1,1
GCF_000597845.1|WP_001059169.1,1,1,1,1,1,1,1,1,1,1,1
GCF_000597845.1|WP_001059398.1,1,1,1,1,1,1,1,1,1,1,1
GCF_000597845.1|WP_001059847.1,1,1,1,1,1,1,0,1,1,1,1
GCF_000597845.1|WP_001059939.1,1,1,1,1,1,1,1,1,1,1,1
GCF_000597845.1|WP_001060098.1,1,1,1,1,1,1,1,1,1,1,1
GCF_000597845.1|WP_001060231.1,1,1,1,1,1,1,1,1,1,1,1
GCF_000597845.1|WP_001061095.1,1,0,0,1,1,1,1,1,1,0,1
GCF_000597845.1|WP_001061445.1,1,0,0,0,0,0,0,0,0,0,1
GCF_000597845.1|WP_001061917.1,1,1,1,1,0,0,1,1,1,1,1
GCF_000597845.1|WP_001062128.1,1,1,1,1,1,1,1,1,1,1,1
GCF_000597845.1|WP_001063318.1,1,1,1,1,1,1,1,1,1,1,1
GCF_000597845.1|WP_001064038.1,1,1,1,1,1,1,1,1,1,1,1
GCF_000597845.1|WP_001065381.1,1,1,1,1,1,1,1,1,1,1,1
GCF_000597845.1|WP_001065497.1,1,1,1,1,1,1,1,1,1,1,1
GCF_000597845.1|WP_001065695.1,1,1,1,1,1,1,1,1,1,1,1
GCF_000597845.1|WP_001065861.1,1,1,1,1,1,1,1,1,1,1,1
GCF_000597845.1|WP_001066080.1,1,0,1,1,1,1,1,1,1,1,1
GCF_000597845.1|WP_001066494.1,1,1,1,1,1,1,1,1,1,1,1
GCF_000597845.1|WP_001067519.1,1,1,1,1,1,1,1,1,1,1,1
GCF_000597845.1|WP_001068343.1,1,1,1,1,1,1,1,1,1,1,1
GCF_000597845.1|WP_001068682.1,1,1,1,1,1,1,1,1,1,1,1
GCF_000597845.1|WP_001068910.1,1,0,0,1,1,1,1,1,1,0,1
GCF_000597845.1|WP_001069315.1,1,1,1,1,1,1,1,1,1,1,1
GCF_000597845.1|WP_001069487.1,1,1,1,1,1,1,1,1,1,1,1
GCF_000597845.1|WP_001069977.1,1,1,1,1,1,1,1,1,1,1,1
GCF_000597845.1|WP_001070177.1,1,1,1,1,1,1,1,1,1,1,1
GCF_000597845.1|WP_001070230.1,1,1,1,1,1,1,1,1,1,1,1
GCF_000597845.1|WP_001070350.1,1,1,1,1,1,1,1,1,1,1,1
GCF_000597845.1|WP_001070563.1,1,1,1,1,1,1,1,1,1,1,1
GCF_000597845.1|WP_001071648.1,1,1,1,1,1,1,1,1,1,1,1
GCF_000597845.1|WP_001072837.1,1,1,1,1,0,0,1,1,1,1,1
GCF_000597845.1|WP_001075170.1,1,1,1,1,1,1,1,1,1,1,1
GCF_000597845.1|WP_001075863.1,1,1,1,1,1,1,1,1,1,1,1
GCF_000597845.1|WP_001076044.1,1,0,0,0,1,1,1,1,1,0,1
GCF_000597845.1|WP_001076194.1,1,1,1,1,1,1,1,1,1,1,1
GCF_000597845.1|WP_001076535.1,1,1,1,1,1,1,1,1,1,1,1
GCF_000597845.1|WP_001076742.1,1,1,1,1,1,1,1,1,1,1,1
GCF_000597845.1|WP_001076997.1,1,1,1,1,1,1,1,1,1,1,1
GCF_000597845.1|WP_001077143.1,1,1,1,1,1,1,0,0,0,1,1
GCF_000597845.1|WP_001077358.1,1,1,1,1,1,1,0,1,1,1,1
GCF_000597845.1|WP_001078139.1,1,1,1,1,1,1,1,1,1,1,1
GCF_000597845.1|WP_001078777.1,1,1,1,1,1,1,1,1,1,1,1
GCF_000597845.1|WP_001079505.1,1,1,1,1,1,1,1,1,1,1,1
GCF_000597845.1|WP_001080102.1,1,1,1,1,1,1,1,1,1,1,1
GCF_000597845.1|WP_001080790.1,1,0,1,1,1,1,1,1,1,1,1
GCF_000597845.1|WP_001082229.1,1,1,1,1,1,1,1,1,1,1,1
GCF_000597845.1|WP_001082319.1,1,0,0,0,0,0,0,0,0,0,0
GCF_000597845.1|WP_001085926.1,1,1,1,1,1,1,1,1,1,1,1
GCF_000597845.1|WP_001086141.1,1,1,0,1,1,1,1,1,1,0,0
GCF_000597845.1|WP_001086388.1,1,0,1,1,1,1,1,1,1,1,1
GCF_000597845.1|WP_001086539.1,1,1,1,1,1,1,1,1,1,1,1
GCF_000597845.1|WP_001087741.1,1,1,0,1,0,0,0,0,0,0,0
GCF_000597845.1|WP_001088378.1,1,1,1,1,1,1,1,1,1,1,1
GCF_000597845.1|WP_001088621.1,1,1,1,1,1,1,1,1,1,1,1
GCF_000597845.1|WP_001089218.1,1,1,1,1,1,1,1,1,1,1,1
GCF_000597845.1|WP_001089295.1,1,1,1,1,1,1,1,1,1,1,1
GCF_000597845.1|WP_001090361.1,1,1,1,1,1,1,1,1,1,1,1
GCF_000597845.1|WP_001090506.1,1,1,1,1,1,1,1,1,1,1,1
GCF_000597845.1|WP_001090758.1,1,1,1,1,1,1,1,1,1,1,1
GCF_000597845.1|WP_001091569.1,1,1,1,1,1,1,1,1,1,1,1
GCF_000597845.1|WP_001092461.1,1,1,1,1,1,1,1,1,1,1,1
GCF_000597845.1|WP_001094300.1,1,1,1,1,1,1,1,1,1,1,1
GCF_000597845.1|WP_001094484.1,1,1,1,1,1,1,1,1,1,1,1
GCF_000597845.1|WP_001094588.1,1,1,1,1,1,1,1,1,1,1,1
GCF_000597845.1|WP_001094682.1,1,1,1,1,1,1,1,1,1,1,1
GCF_000597845.1|WP_001094831.1,1,1,1,1,1,1,1,1,1,1,1
GCF_000597845.1|WP_001096049.1,1,1,1,1,1,1,1,1,1,1,1
GCF_000597845.1|WP_001096200.1,1,1,1,1,1,1,1,1,1,1,1
GCF_000597845.1|WP_001096684.1,1,1,1,1,1,1,1,1,1,1,1
GCF_000597845.1|WP_001096707.1,1,1,1,1,1,1,1,1,1,1,1
GCF_000597845.1|WP_001097452.1,1,1,1,1,1,1,1,1,1,1,1
GCF_000597845.1|WP_001098384.1,1,1,1,1,1,1,1,1,1,1,1
GCF_000597845.1|WP_001098652.1,1,1,1,1,1,1,1,1,1,1,1
GCF_000597845.1|WP_001098726.1,1,1,1,1,1,1,1,1,1,1,1
GCF_000597845.1|WP_001098806.1,1,1,1,1,1,1,1,1,1,1,1
GCF_000597845.1|WP_001100469.1,1,1,1,1,1,1,1,1,1,1,1
GCF_000597845.1|WP_001102119.1,1,1,1,1,1,1,0,1,1,1,1
GCF_000597845.1|WP_001102358.1,1,1,1,1,1,1,1,1,1,1,1
GCF_000597845.1|WP_001103094.1,1,1,1,1,1,1,1,1,1,1,1
GCF_000597845.1|WP_001104448.1,1,0,0,0,0,0,0,0,0,0,0
GCF_000597845.1|WP_001104879.1,1,0,0,1,0,0,0,0,0,1,0
GCF_000597845.1|WP_001106226.1,1,1,1,1,1,1,1,1,1,1,1
GCF_000597845.1|WP_001107125.1,1,1,1,1,1,1,1,1,1,1,1
GCF_000597845.1|WP_001107167.1,1,1,1,1,1,1,1,1,1,1,1
GCF_000597845.1|WP_001107467.1,1,1,1,1,1,1,1,1,1,1,1
GCF_000597845.1|WP_001107564.1,1,1,1,1,1,1,1,1,1,1,1
GCF_000597845.1|WP_001107827.1,1,1,1,1,1,1,1,1,1,1,1
GCF_000597845.1|WP_001109486.1,1,1,1,1,1,1,1,1,1,1,1
GCF_000597845.1|WP_001109573.1,1,1,1,1,1,1,1,1,1,1,1
GCF_000597845.1|WP_001109816.1,1,1,1,1,1,1,1,1,1,1,1
GCF_000597845.1|WP_001110490.1,1,1,1,1,1,1,1,1,1,1,1
GCF_000597845.1|WP_001111038.1,1,1,1,1,1,1,1,1,1,1,1
GCF_000597845.1|WP_001111465.1,1,1,1,1,1,1,1,1,1,1,1
GCF_000597845.1|WP_001111993.1,1,1,1,1,1,1,1,1,1,1,1
GCF_000597845.1|WP_001112301.1,1,1,1,1,1,1,1,1,1,1,1
GCF_000597845.1|WP_001112563.1,1,1,1,1,1,1,1,1,1,1,1
GCF_000597845.1|WP_001113347.1,1,1,1,1,1,1,1,1,1,1,1
GCF_000597845.1|WP_001113432.1,1,1,1,1,1,1,1,1,1,1,1
GCF_000597845.1|WP_001113641.1,1,1,1,1,1,1,1,1,1,1,1
GCF_000597845.1|WP_001115238.1,1,0,0,0,1,1,1,1,1,0,1
GCF_000597845.1|WP_001115472.1,1,1,1,1,1,1,1,1,1,1,1
GCF_000597845.1|WP_001117011.1,1,1,1,1,1,1,1,1,1,1,1
GCF_000597845.1|WP_001117838.1,1,1,1,1,1,1,1,1,1,1,1
GCF_000597845.1|WP_001118241.1,1,1,1,1,1,1,1,1,1,1,1
GCF_000597845.1|WP_001118861.1,1,1,1,1,1,1,1,1,1,1,1
GCF_000597845.1|WP_001118930.1,1,1,1,1,1,1,1,1,1,1,1
GCF_000597845.1|WP_001119868.1,1,1,1,0,1,1,0,0,0,1,0
GCF_000597845.1|WP_001120143.1,1,1,1,1,1,1,1,1,1,1,1
GCF_000597845.1|WP_001120441.1,1,1,1,1,1,1,1,1,1,1,1
GCF_000597845.1|WP_001120535.1,1,1,1,1,1,1,1,1,1,1,1
GCF_000597845.1|WP_001120800.1,1,1,1,1,1,1,1,1,1,1,1
GCF_000597845.1|WP_001122505.1,1,1,1,1,1,1,1,1,1,1,1
GCF_000597845.1|WP_001122777.1,1,1,1,1,1,1,1,1,1,1,1
GCF_000597845.1|WP_001124225.1,1,1,1,1,1,1,1,1,1,1,1
GCF_000597845.1|WP_001124474.1,1,1,1,1,1,1,1,1,1,1,1
GCF_000597845.1|WP_001124894.1,1,1,1,1,1,1,1,1,1,1,1
GCF_000597845.1|WP_001124935.1,1,1,1,1,1,1,1,1,1,1,1
GCF_000597845.1|WP_001125202.1,1,1,1,1,1,1,1,1,1,1,1
GCF_000597845.1|WP_001125331.1,1,1,1,1,1,1,1,1,1,1,1
GCF_000597845.1|WP_001125439.1,1,1,1,1,1,1,1,1,1,1,1
GCF_000597845.1|WP_001126347.1,1,1,1,1,1,1,1,1,1,1,1
GCF_000597845.1|WP_001126780.1,1,1,1,1,1,1,1,1,1,1,1
GCF_000597845.1|WP_001127216.1,1,1,1,1,1,1,1,1,1,1,1
GCF_000597845.1|WP_001128215.1,1,1,1,1,0,0,1,1,1,1,1
GCF_000597845.1|WP_001128858.1,1,1,1,1,1,1,1,1,1,1,1
GCF_000597845.1|WP_001129723.1,1,1,1,1,1,1,1,1,1,1,1
GCF_000597845.1|WP_001129927.1,1,1,1,1,1,1,1,1,1,1,1
GCF_000597845.1|WP_001130211.1,1,1,1,1,1,1,1,1,0,1,1
GCF_000597845.1|WP_001130266.1,1,1,1,1,1,1,1,1,1,1,1
GCF_000597845.1|WP_001130654.1,1,1,1,1,1,1,1,1,1,1,1
GCF_000597845.1|WP_001130692.1,1,1,1,1,1,1,1,1,1,1,1
GCF_000597845.1|WP_001131091.1,1,1,1,1,1,1,0,1,1,1,1
GCF_000597845.1|WP_001131318.1,1,1,1,1,1,1,1,1,1,1,1
GCF_000597845.1|WP_001131446.1,1,1,1,1,1,1,1,1,1,1,1
GCF_000597845.1|WP_001132469.1,1,1,1,1,1,1,1,1,1,1,1
GCF_000597845.1|WP_001132956.1,1,1,1,1,1,1,1,1,1,1,1
GCF_000597845.1|WP_001135168.1,1,1,1,1,1,1,1,1,1,1,1
GCF_000597845.1|WP_001135574.1,1,1,1,1,1,1,1,1,1,1,1
GCF_000597845.1|WP_001135667.1,1,1,1,1,1,1,1,1,1,1,1
GCF_000597845.1|WP_001136229.1,1,1,1,1,1,1,1,1,1,1,1
GCF_000597845.1|WP_001136554.1,1,1,1,1,1,1,1,1,1,1,1
GCF_000597845.1|WP_001136827.1,1,1,1,1,1,1,1,1,1,1,1
GCF_000597845.1|WP_001137223.1,1,1,1,1,1,1,1,1,1,1,1
GCF_000597845.1|WP_001138014.1,1,0,0,0,0,0,0,0,0,0,0
GCF_000597845.1|WP_001138043.1,1,1,1,1,1,1,0,0,0,1,1
GCF_000597845.1|WP_001138117.1,1,1,1,1,1,1,1,1,1,1,1
GCF_000597845.1|WP_001138150.1,1,1,1,1,1,1,1,1,1,1,1
GCF_000597845.1|WP_001138581.1,1,1,1,1,1,1,1,1,0,1,1
GCF_000597845.1|WP_001138904.1,1,1,1,1,1,1,1,1,1,1,1
GCF_000597845.1|WP_001139279.1,1,1,1,1,1,1,1,1,1,1,1
GCF_000597845.1|WP_001139613.1,1,1,1,1,1,1,1,1,1,1,1
GCF_000597845.1|WP_001140251.1,1,1,1,1,1,1,1,1,1,1,1
GCF_000597845.1|WP_001140433.1,1,1,1,1,1,1,1,1,1,1,1
GCF_000597845.1|WP_001140641.1,1,1,1,1,1,1,1,1,1,1,1
GCF_000597845.1|WP_001141195.1,1,1,1,1,1,1,1,1,1,1,1
GCF_000597845.1|WP_001142439.1,1,1,1,1,1,1,1,1,1,1,1
GCF_000597845.1|WP_001142445.1,1,1,1,0,1,1,1,1,1,1,1
GCF_000597845.1|WP_001142708.1,1,0,0,0,1,1,1,1,1,0,1
GCF_000597845.1|WP_001143120.1,1,1,1,1,1,1,1,1,1,1,1
GCF_000597845.1|WP_001143237.1,1,1,1,1,1,1,1,1,1,1,1
GCF_000597845.1|WP_001143558.1,1,1,1,1,1,1,1,1,1,1,1
GCF_000597845.1|WP_001144069.1,1,1,1,1,1,1,1,1,1,1,1
GCF_000597845.1|WP_001144202.1,1,1,1,1,1,1,1,1,1,1,1
GCF_000597845.1|WP_001144297.1,1,1,1,1,1,1,1,1,1,1,1
GCF_000597845.1|WP_001144615.1,1,1,1,1,1,1,1,1,1,1,1
GCF_000597845.1|WP_001145126.1,1,0,1,1,1,1,1,1,1,1,1
GCF_000597845.1|WP_001145183.1,1,1,1,1,1,1,1,1,1,1,1
GCF_000597845.1|WP_001145827.1,1,1,1,1,1,1,1,1,1,1,1
GCF_000597845.1|WP_001146444.1,1,1,1,1,1,1,1,1,1,1,1
GCF_000597845.1|WP_001147279.1,1,0,1,1,1,1,0,1,1,1,1
GCF_000597845.1|WP_001147439.1,1,1,1,1,0,0,1,1,1,1,1
GCF_000597845.1|WP_001148001.1,1,1,1,1,1,1,1,1,1,1,1
GCF_000597845.1|WP_001148403.1,1,1,1,1,1,1,1,1,1,1,1
GCF_000597845.1|WP_001148481.1,1,1,1,1,1,1,1,1,1,1,1
GCF_000597845.1|WP_001149581.1,1,1,1,1,1,1,1,1,1,1,0
GCF_000597845.1|WP_001149756.1,1,1,1,1,1,1,1,1,1,1,1
GCF_000597845.1|WP_001150449.1,1,1,1,1,1,1,1,1,1,1,1
GCF_000597845.1|WP_001151437.1,1,1,1,1,1,1,1,1,1,1,1
GCF_000597845.1|WP_001151604.1,1,1,1,1,1,1,1,1,1,1,1
GCF_000597845.1|WP_001153148.1,1,1,1,1,1,1,1,1,1,1,1
GCF_000597845.1|WP_001153619.1,1,1,1,1,1,1,1,1,1,1,1
GCF_000597845.1|WP_001154167.1,1,1,1,1,1,1,1,1,1,1,1
GCF_000597845.1|WP_001154276.1,1,1,1,1,0,0,1,1,1,1,1
GCF_000597845.1|WP_001155227.1,1,1,1,1,1,1,1,1,1,1,1
GCF_000597845.1|WP_001156181.1,1,1,1,1,1,1,1,1,1,1,1
GCF_000597845.1|WP_001157751.1,1,1,1,1,1,1,1,1,1,1,1
GCF_000597845.1|WP_001157987.1,1,1,1,1,1,1,1,1,1,1,1
GCF_000597845.1|WP_001158220.1,1,1,1,1,1,1,1,1,1,1,1
GCF_000597845.1|WP_001158931.1,1,1,1,1,1,1,1,1,1,1,1
GCF_000597845.1|WP_001159160.1,1,1,1,1,1,1,1,1,1,1,1
GCF_000597845.1|WP_001160187.1,1,1,1,1,1,1,1,1,1,1,1
GCF_000597845.1|WP_001160654.1,1,1,1,1,1,1,1,1,1,1,1
GCF_000597845.1|WP_001160737.1,1,1,1,1,1,1,1,1,1,1,1
GCF_000597845.1|WP_001161664.1,1,1,1,1,1,1,1,1,1,1,1
GCF_000597845.1|WP_001161724.1,1,0,0,0,0,0,0,0,0,0,0
GCF_000597845.1|WP_001162094.1,1,1,1,1,1,1,1,1,1,1,1
GCF_000597845.1|WP_001163141.1,1,1,1,1,1,1,1,1,1,1,1
GCF_000597845.1|WP_001164544.1,1,1,1,1,1,1,1,1,1,1,1
GCF_000597845.1|WP_001165668.1,1,0,1,1,1,1,1,1,1,1,0
GCF_000597845.1|WP_001166232.1,1,1,1,1,1,1,1,1,1,1,1
GCF_000597845.1|WP_001166353.1,1,1,1,1,1,1,1,1,1,1,1
GCF_000597845.1|WP_001167676.1,1,1,1,1,1,1,1,1,1,1,1
GCF_000597845.1|WP_001168459.1,1,1,1,1,1,1,1,1,1,1,1
GCF_000597845.1|WP_001168544.1,1,1,1,1,1,1,1,1,1,1,1
GCF_000597845.1|WP_001169669.1,1,1,1,1,1,1,1,1,1,1,1
GCF_000597845.1|WP_001170162.1,1,1,1,1,1,1,1,1,1,1,1
GCF_000597845.1|WP_001170683.1,1,1,1,1,1,1,1,1,1,1,1
GCF_000597845.1|WP_001170848.1,1,1,1,1,1,1,1,1,1,1,1
GCF_000597845.1|WP_001171873.1,1,1,1,1,1,1,1,1,1,1,1
GCF_000597845.1|WP_001173343.1,1,1,1,1,1,1,1,1,1,1,1
GCF_000597845.1|WP_001173673.1,1,1,1,1,1,1,1,1,1,1,1
GCF_000597845.1|WP_001174735.1,1,1,1,1,1,1,1,1,1,1,1
GCF_000597845.1|WP_001175728.1,1,1,1,1,1,1,1,1,1,1,1
GCF_000597845.1|WP_001176295.1,1,1,1,1,1,1,1,1,1,1,1
GCF_000597845.1|WP_001176599.1,1,1,1,1,1,1,1,1,1,1,1
GCF_000597845.1|WP_001176745.1,1,1,1,1,1,1,1,1,1,1,1
GCF_000597845.1|WP_001177048.1,1,1,1,1,1,1,1,1,1,1,1
GCF_000597845.1|WP_001177639.1,1,1,1,1,1,1,1,1,1,1,1
GCF_000597845.1|WP_001180626.1,1,1,1,1,1,1,0,0,1,1,1
GCF_000597845.1|WP_001181004.1,1,1,1,1,1,1,1,1,1,1,1
GCF_000597845.1|WP_001181324.1,1,0,1,1,1,1,1,1,1,1,1
GCF_000597845.1|WP_001181473.1,1,1,1,1,1,1,1,1,1,1,1
GCF_000597845.1|WP_001181706.1,1,1,1,1,1,1,1,1,1,1,1
GCF_000597845.1|WP_001182363.1,1,1,1,1,1,1,1,1,1,1,1
GCF_000597845.1|WP_001182650.1,1,1,1,1,1,1,1,1,1,1,1
GCF_000597845.1|WP_001184045.1,1,1,1,1,1,1,1,1,1,1,1
GCF_000597845.1|WP_001185290.1,1,1,1,1,1,1,1,1,1,1,1
GCF_000597845.1|WP_001185665.1,1,1,1,1,1,1,1,1,1,1,1
GCF_000597845.1|WP_001185727.1,1,1,1,1,1,1,1,1,1,1,1
GCF_000597845.1|WP_001186374.1,1,1,1,1,1,1,1,1,1,1,1
GCF_000597845.1|WP_001186424.1,1,1,1,1,1,1,1,1,1,1,1
GCF_000597845.1|WP_001186469.1,1,1,1,1,0,0,1,1,1,1,1
GCF_000597845.1|WP_001186650.1,1,1,1,1,1,1,1,1,1,1,1
GCF_000597845.1|WP_001187173.1,1,1,1,1,1,1,1,1,1,1,1
GCF_000597845.1|WP_001187559.1,1,1,1,1,1,1,1,1,1,1,1
GCF_000597845.1|WP_001188343.1,1,1,1,1,1,1,1,1,1,1,1
GCF_000597845.1|WP_001188520.1,1,1,1,1,1,1,1,1,1,1,1
GCF_000597845.1|WP_001188905.1,1,1,1,1,1,1,1,1,1,1,1
GCF_000597845.1|WP_001189201.1,1,1,1,1,0,0,1,1,1,1,1
GCF_000597845.1|WP_001189321.1,1,1,1,1,1,1,1,1,1,1,1
GCF_000597845.1|WP_001190062.1,1,1,1,1,1,1,1,1,1,1,1
GCF_000597845.1|WP_001190363.1,1,0,1,1,1,1,1,1,1,1,1
GCF_000597845.1|WP_001191417.1,1,1,1,1,1,1,1,1,1,1,1
GCF_000597845.1|WP_001192185.1,1,1,1,1,1,1,1,1,1,1,1
GCF_000597845.1|WP_001192396.1,1,1,1,1,1,1,1,1,1,1,1
GCF_000597845.1|WP_001192790.1,1,1,1,1,1,1,1,1,1,1,1
GCF_000597845.1|WP_001193500.1,1,1,1,1,1,1,0,0,0,1,0
GCF_000597845.1|WP_001194534.1,1,1,1,1,1,1,1,1,1,1,1
GCF_000597845.1|WP_001194661.1,1,1,1,1,1,1,1,1,1,1,1
GCF_000597845.1|WP_001194734.1,1,1,1,1,1,1,1,1,1,1,1
GCF_000597845.1|WP_001195025.1,1,1,1,1,1,1,1,1,1,1,1
GCF_000597845.1|WP_001195231.1,1,1,1,1,1,1,1,1,1,1,1
GCF_000597845.1|WP_001195819.1,1,1,1,1,1,1,1,1,1,1,1
GCF_000597845.1|WP_001196062.1,1,1,1,1,1,1,1,1,1,1,1
GCF_000597845.1|WP_001196238.1,1,1,1,1,1,1,1,1,1,1,1
GCF_000597845.1|WP_001196283.1,1,1,1,1,1,1,1,1,1,1,1
GCF_000597845.1|WP_001196530.1,1,1,1,1,1,1,1,1,1,1,1
GCF_000597845.1|WP_001197646.1,1,1,1,1,1,1,1,1,1,1,1
GCF_000597845.1|WP_001198386.1,1,1,1,1,1,1,1,1,1,1,1
GCF_000597845.1|WP_001198722.1,1,1,1,1,1,1,1,1,1,1,1
GCF_000597845.1|WP_001198807.1,1,1,1,1,1,1,1,1,1,1,1
GCF_000597845.1|WP_001199295.1,1,1,1,1,1,1,1,1,1,1,1
GCF_000597845.1|WP_001199352.1,1,1,1,1,1,1,1,1,1,1,1
GCF_000597845.1|WP_001199471.1,1,1,1,1,1,1,1,1,1,1,1
GCF_000597845.1|WP_001199973.1,1,1,1,1,1,1,1,1,1,1,1
GCF_000597845.1|WP_001200455.1,1,1,1,1,1,1,1,1,1,1,1
GCF_000597845.1|WP_001200579.1,1,1,1,1,1,1,1,1,1,1,1
GCF_000597845.1|WP_001200766.1,1,1,1,1,1,1,1,1,1,1,1
GCF_000597845.1|WP_001201560.1,1,1,1,1,1,1,1,1,1,1,1
GCF_000597845.1|WP_001202329.1,1,1,1,1,1,1,1,1,1,1,1
GCF_000597845.1|WP_001203437.1,1,1,1,1,1,1,1,1,1,1,1
GCF_000597845.1|WP_001207201.1,1,1,1,1,1,1,1,1,1,1,1
GCF_000597845.1|WP_001207283.1,1,1,1,1,1,1,1,1,1,1,1
GCF_000597845.1|WP_001207634.1,1,1,1,1,1,1,1,1,1,1,1
GCF_000597845.1|WP_001208814.1,1,0,0,0,1,1,0,0,0,0,1
GCF_000597845.1|WP_001209680.1,1,1,1,1,1,1,1,1,1,1,1
GCF_000597845.1|WP_001209921.1,1,1,1,1,1,1,1,1,1,1,1
GCF_000597845.1|WP_001211011.1,1,1,1,1,1,1,1,1,1,1,1
GCF_000597845.1|WP_001211521.1,1,0,1,1,0,0,1,1,1,1,0
GCF_000597845.1|WP_001211587.1,1,1,1,1,1,1,1,1,1,1,1
GCF_000597845.1|WP_001212391.1,1,1,1,1,1,1,1,1,1,1,1
GCF_000597845.1|WP_001212619.1,1,1,1,1,1,1,1,1,1,1,1
GCF_000597845.1|WP_001212781.1,1,1,1,1,1,1,1,1,1,1,1
GCF_000597845.1|WP_001212981.1,1,1,1,1,1,1,1,1,1,1,1
GCF_000597845.1|WP_001214316.1,1,1,1,1,1,1,1,1,1,1,1
GCF_000597845.1|WP_001215339.1,1,0,1,1,1,1,1,1,1,1,1
GCF_000597845.1|WP_001215861.1,1,1,1,1,1,1,1,1,1,1,1
GCF_000597845.1|WP_001216257.1,1,1,1,1,1,1,1,1,1,1,1
GCF_000597845.1|WP_001216325.1,1,1,1,1,1,1,1,1,1,1,1
GCF_000597845.1|WP_001216368.1,1,1,1,1,1,1,1,1,1,1,1
GCF_000597845.1|WP_001216521.1,1,1,1,1,1,1,1,1,1,1,1
GCF_000597845.1|WP_001216675.1,1,1,1,1,1,1,1,1,1,1,1
GCF_000597845.1|WP_001216963.1,1,1,1,1,1,1,1,1,1,1,1
GCF_000597845.1|WP_001217337.1,1,1,1,1,1,1,1,1,1,1,1
GCF_000597845.1|WP_001219160.1,1,1,1,1,1,1,1,1,1,1,1
GCF_000597845.1|WP_001219242.1,1,1,1,1,1,1,1,1,1,1,1
GCF_000597845.1|WP_001219321.1,1,1,1,1,1,1,1,1,1,1,1
GCF_000597845.1|WP_001219350.1,1,1,1,1,1,1,1,1,1,1,1
GCF_000597845.1|WP_001219806.1,1,1,1,1,1,1,1,1,1,1,1
GCF_000597845.1|WP_001219954.1,1,1,1,1,1,1,1,1,1,1,1
GCF_000597845.1|WP_001220233.1,1,1,1,1,1,1,1,1,1,1,1
GCF_000597845.1|WP_001220966.1,1,1,1,1,1,1,1,1,1,1,1
GCF_000597845.1|WP_001221319.1,1,1,1,1,1,1,1,1,1,1,1
GCF_000597845.1|WP_001221939.1,1,1,1,1,1,1,1,1,1,1,1
GCF_000597845.1|WP_001222883.1,1,1,1,1,1,1,1,1,1,1,1
GCF_000597845.1|WP_001223181.1,1,1,1,1,1,1,1,1,1,1,0
GCF_000597845.1|WP_001223227.1,1,1,1,1,1,1,1,1,1,1,1
GCF_000597845.1|WP_001223800.1,1,1,1,1,1,1,1,1,1,1,1
GCF_000597845.1|WP_001224575.1,1,1,1,1,0,0,1,1,1,1,1
GCF_000597845.1|WP_001225279.1,1,1,1,1,1,1,1,1,1,1,1
GCF_000597845.1|WP_001225679.1,1,1,1,1,1,1,1,1,1,1,1
GCF_000597845.1|WP_001225855.1,1,1,1,1,1,1,1,1,1,1,1
GCF_000597845.1|WP_001226164.1,1,1,1,1,1,1,0,1,1,1,1
GCF_000597845.1|WP_001226602.1,1,1,1,1,1,1,1,1,1,1,1
GCF_000597845.1|WP_001226928.1,1,1,1,1,1,1,1,1,1,1,1
GCF_000597845.1|WP_001226955.1,1,1,1,1,1,1,1,1,1,1,1
GCF_000597845.1|WP_001228984.1,1,1,1,1,1,1,1,1,1,1,1
GCF_000597845.1|WP_001229445.1,1,1,1,1,1,1,1,1,1,1,1
GCF_000597845.1|WP_001230087.1,1,1,1,1,1,1,1,1,1,1,1
GCF_000597845.1|WP_001230983.1,1,1,1,1,1,1,1,1,1,1,1
GCF_000597845.1|WP_001231428.1,1,1,1,1,1,1,1,1,1,1,1
GCF_000597845.1|WP_001232255.1,1,1,1,1,1,1,1,1,1,1,1
GCF_000597845.1|WP_001232412.1,1,1,1,1,1,1,1,1,1,1,1
GCF_000597845.1|WP_001234053.1,1,1,1,1,1,1,1,1,1,1,1
GCF_000597845.1|WP_001234311.1,1,1,1,1,1,1,1,1,1,1,1
GCF_000597845.1|WP_001234777.1,1,1,1,1,1,1,1,1,1,1,1
GCF_000597845.1|WP_001234850.1,1,1,1,1,1,1,1,1,1,1,1
GCF_000597845.1|WP_001235263.1,1,1,1,1,1,1,1,1,1,1,1
GCF_000597845.1|WP_001236645.1,1,1,0,1,0,0,1,1,1,0,0
GCF_000597845.1|WP_001236847.1,1,1,1,1,1,1,1,1,1,1,1
GCF_000597845.1|WP_001237072.1,1,1,1,1,1,1,1,1,1,1,1
GCF_000597845.1|WP_001237205.1,1,1,1,1,1,1,1,1,1,1,1
GCF_000597845.1|WP_001237796.1,1,1,1,1,1,1,1,1,1,1,1
GCF_000597845.1|WP_001237875.1,1,1,1,1,1,1,1,1,1,1,1
GCF_000597845.1|WP_001238231.1,1,1,1,1,1,1,1,1,1,1,1
GCF_000597845.1|WP_001238890.1,1,1,1,1,1,1,1,1,1,1,1
GCF_000597845.1|WP_001238917.1,1,1,1,1,1,1,1,1,1,1,1
GCF_000597845.1|WP_001239441.1,1,1,1,1,1,1,1,1,1,1,1
GCF_000597845.1|WP_001239650.1,1,1,1,1,1,1,1,1,1,1,1
GCF_000597845.1|WP_001240088.1,1,1,1,1,1,1,1,1,1,1,1
GCF_000597845.1|WP_001240712.1,1,1,1,1,1,1,1,1,1,1,1
GCF_000597845.1|WP_001240896.1,1,1,1,1,1,1,1,1,1,1,1
GCF_000597845.1|WP_001241469.1,1,1,1,1,1,1,1,1,1,1,1
GCF_000597845.1|WP_001241561.1,1,1,1,1,1,1,1,1,1,1,1
GCF_000597845.1|WP_001241678.1,1,1,1,1,1,1,1,1,1,1,1
GCF_000597845.1|WP_001243355.1,1,0,0,0,0,0,0,0,0,0,0
GCF_000597845.1|WP_001243437.1,1,1,1,1,1,1,1,1,1,1,1
GCF_000597845.1|WP_001244308.1,1,1,1,1,1,1,1,1,1,1,1
GCF_000597845.1|WP_001244358.1,1,1,1,0,0,0,0,0,0,1,1
GCF_000597845.1|WP_001244735.1,1,1,1,1,1,1,1,1,1,1,1
GCF_000597845.1|WP_001244979.1,1,1,1,1,1,1,1,1,1,1,1
GCF_000597845.1|WP_001245295.1,1,1,1,1,1,1,1,1,1,1,1
GCF_000597845.1|WP_001245684.1,1,1,1,1,0,0,1,1,1,1,1
GCF_000597845.1|WP_001246104.1,1,1,1,1,1,1,1,1,1,1,1
GCF_000597845.1|WP_001246498.1,1,1,1,1,1,1,1,1,1,1,1
GCF_000597845.1|WP_001247089.1,1,1,1,1,1,1,1,1,0,1,1
GCF_000597845.1|WP_001248691.1,1,1,1,1,1,1,1,1,1,1,1
GCF_000597845.1|WP_001248770.1,1,1,1,1,1,1,1,1,1,1,1
GCF_000597845.1|WP_001249889.1,1,1,1,1,1,1,1,1,1,1,1
GCF_000597845.1|WP_001250088.1,1,1,1,1,1,1,1,1,1,1,1
GCF_000597845.1|WP_001250644.1,1,1,1,1,1,1,1,1,1,1,1
GCF_000597845.1|WP_001251313.1,1,1,1,1,1,1,1,1,1,1,1
GCF_000597845.1|WP_001251348.1,1,1,1,1,1,1,1,1,1,1,1
GCF_000597845.1|WP_001251538.1,1,1,1,1,1,1,1,1,1,1,1
GCF_000597845.1|WP_001251608.1,1,1,1,1,1,1,1,1,1,1,1
GCF_000597845.1|WP_001251965.1,1,1,1,1,1,1,1,1,1,1,1
GCF_000597845.1|WP_001251991.1,1,1,1,1,1,1,1,1,1,1,1
GCF_000597845.1|WP_001253418.1,1,1,1,1,1,1,1,1,1,1,1
GCF_000597845.1|WP_001253625.1,1,1,1,1,1,1,1,1,1,1,1
GCF_000597845.1|WP_001253696.1,1,1,1,1,1,1,1,1,1,1,1
GCF_000597845.1|WP_001254790.1,1,1,1,1,1,1,1,1,1,1,1
GCF_000597845.1|WP_001255226.1,1,1,1,1,1,1,1,1,1,1,1
GCF_000597845.1|WP_001255609.1,1,1,1,1,1,1,1,1,1,1,1
GCF_000597845.1|WP_001256540.1,1,1,1,1,1,1,1,1,1,1,1
GCF_000597845.1|WP_001257000.1,1,1,1,1,1,1,1,1,1,1,1
GCF_000597845.1|WP_001257044.1,1,1,1,1,1,1,1,1,1,1,1
GCF_000597845.1|WP_001257846.1,1,1,1,1,1,1,1,1,1,1,1
GCF_000597845.1|WP_001258678.1,1,1,1,1,1,1,1,1,1,1,1
GCF_000597845.1|WP_001258839.1,1,1,1,1,1,1,1,1,1,1,1
GCF_000597845.1|WP_001259255.1,1,1,1,1,0,0,1,1,1,1,1
GCF_000597845.1|WP_001259700.1,1,1,1,1,1,1,1,1,1,1,1
GCF_000597845.1|WP_001259811.1,1,1,1,1,1,1,1,1,1,1,1
GCF_000597845.1|WP_001260712.1,1,1,1,1,1,1,1,1,1,1,1
GCF_000597845.1|WP_001260865.1,1,1,1,1,1,1,1,1,1,1,1
GCF_000597845.1|WP_001261013.1,1,1,1,1,1,1,1,1,1,1,1
GCF_000597845.1|WP_001261211.1,1,1,1,1,1,1,1,1,1,1,1
GCF_000597845.1|WP_001261235.1,1,1,1,1,1,1,1,1,1,1,1
GCF_000597845.1|WP_001261287.1,1,0,0,0,0,0,0,0,0,0,0
GCF_000597845.1|WP_001262123.1,1,1,1,1,1,1,1,1,0,1,1
GCF_000597845.1|WP_001262716.1,1,1,1,1,1,1,1,1,1,1,1
GCF_000597845.1|WP_001262765.1,1,0,0,0,0,0,0,0,0,0,0
GCF_000597845.1|WP_001263493.1,1,1,0,0,1,1,0,1,1,0,1
GCF_000597845.1|WP_001263933.1,1,1,1,1,1,1,1,1,1,1,1
GCF_000597845.1|WP_001264088.1,1,1,1,1,1,1,1,1,1,1,1
GCF_000597845.1|WP_001264141.1,1,1,1,0,1,1,1,1,1,1,1
GCF_000597845.1|WP_001264352.1,1,1,1,1,1,1,1,1,1,1,1
GCF_000597845.1|WP_001264933.1,1,1,1,1,1,1,1,1,1,1,1
GCF_000597845.1|WP_001266293.1,1,1,1,1,1,1,1,1,1,1,1
GCF_000597845.1|WP_001266503.1,1,1,1,1,1,1,1,1,1,1,1
GCF_000597845.1|WP_001266908.1,1,1,1,1,1,1,1,1,1,1,1
GCF_000597845.1|WP_001267253.1,1,0,1,1,1,1,1,1,1,1,1
GCF_000597845.1|WP_001267448.1,1,1,1,1,1,1,1,1,1,1,1
GCF_000597845.1|WP_001267498.1,1,1,1,1,1,1,1,1,1,1,1
GCF_000597845.1|WP_001267941.1,1,1,1,1,1,1,1,1,1,1,1
GCF_000597845.1|WP_001268460.1,1,1,0,1,1,1,1,1,1,0,1
GCF_000597845.1|WP_001269197.1,1,1,1,1,1,1,1,1,1,1,1
GCF_000597845.1|WP_001269316.1,1,1,1,1,1,1,1,1,1,1,1
GCF_000597845.1|WP_001269520.1,1,1,1,1,1,1,1,1,1,1,1
GCF_000597845.1|WP_001270260.1,1,1,1,1,1,1,1,1,1,1,1
GCF_000597845.1|WP_001270542.1,1,1,1,1,1,1,1,1,1,1,1
GCF_000597845.1|WP_001270734.1,1,1,1,1,1,1,1,1,1,1,1
GCF_000597845.1|WP_001270809.1,1,1,1,1,1,1,1,1,1,1,1
GCF_000597845.1|WP_001271686.1,1,0,0,1,1,1,1,1,1,1,1
GCF_000597845.1|WP_001271717.1,1,1,1,1,1,1,1,1,1,1,1
GCF_000597845.1|WP_001272558.1,1,1,1,1,1,1,1,1,1,1,1
GCF_000597845.1|WP_001272653.1,1,1,1,1,1,1,1,1,1,1,1
GCF_000597845.1|WP_001272796.1,1,1,1,1,1,1,1,1,1,1,1
GCF_000597845.1|WP_001272898.1,1,1,1,1,1,1,1,1,1,1,1
GCF_000597845.1|WP_001273527.1,1,1,1,1,1,1,1,1,1,1,1
GCF_000597845.1|WP_001274021.1,1,1,1,1,1,1,1,1,1,1,1
GCF_000597845.1|WP_001274295.1,1,1,1,1,0,0,1,1,1,1,1
GCF_000597845.1|WP_001274388.1,1,1,1,1,1,1,1,1,1,1,1
GCF_000597845.1|WP_001274501.1,1,1,1,1,1,1,1,1,1,1,1
GCF_000597845.1|WP_001274680.1,1,1,1,1,1,1,1,1,1,1,1
GCF_000597845.1|WP_001274963.1,1,1,1,1,1,1,1,1,1,1,1
GCF_000597845.1|WP_001275210.1,1,1,1,1,1,1,1,1,1,1,1
GCF_000597845.1|WP_001275702.1,1,1,1,1,1,1,1,1,1,1,1
GCF_000597845.1|WP_001275861.1,1,1,1,1,1,1,0,0,1,1,1
GCF_000597845.1|WP_001276008.1,1,1,1,1,1,1,1,1,1,1,1
GCF_000597845.1|WP_001276076.1,1,1,1,1,1,1,1,1,1,1,1
GCF_000597845.1|WP_001276180.1,1,0,0,0,0,0,1,1,1,0,1
GCF_000597845.1|WP_001276305.1,1,1,1,1,1,1,1,1,1,1,1
GCF_000597845.1|WP_001276478.1,1,1,1,1,1,1,1,1,1,1,1
GCF_000597845.1|WP_001276847.1,1,0,0,0,1,1,1,1,1,0,1
GCF_000597845.1|WP_001276928.1,1,1,1,1,1,1,1,1,1,1,1
GCF_000597845.1|WP_001277142.1,1,1,1,1,1,1,1,1,1,1,1
GCF_000597845.1|WP_001277222.1,1,1,1,1,1,1,1,1,1,1,1
GCF_000597845.1|WP_001277456.1,1,0,0,0,0,0,0,0,0,0,0
GCF_000597845.1|WP_001277561.1,1,1,1,1,1,1,1,1,1,1,1
GCF_000597845.1|WP_001277801.1,1,1,1,1,1,1,1,1,1,1,1
GCF_000597845.1|WP_001278497.1,1,1,1,1,1,1,1,1,1,1,1
GCF_000597845.1|WP_001278605.1,1,1,1,1,1,1,1,1,1,1,1
GCF_000597845.1|WP_001278727.1,1,1,1,1,1,1,1,1,1,1,1
GCF_000597845.1|WP_001278907.1,1,1,1,1,1,1,1,1,1,1,1
GCF_000597845.1|WP_001279752.1,1,1,1,1,1,1,1,1,1,1,1
GCF_000597845.1|WP_001280345.1,1,1,1,1,1,1,1,1,1,1,1
GCF_000597845.1|WP_001280624.1,1,1,1,1,1,1,1,1,1,1,1
GCF_000597845.1|WP_001280776.1,1,1,1,1,1,1,1,1,1,1,1
GCF_000597845.1|WP_001281377.1,1,1,1,1,1,1,1,1,1,1,1
GCF_000597845.1|WP_001281881.1,1,1,1,1,1,1,1,1,1,1,1
GCF_000597845.1|WP_001281927.1,1,1,1,1,1,1,1,1,1,1,1
GCF_000597845.1|WP_001282281.1,1,1,1,1,1,1,1,1,1,1,1
GCF_000597845.1|WP_001282319.1,1,1,1,1,1,1,1,1,1,1,1
GCF_000597845.1|WP_001282346.1,1,1,1,1,1,1,1,1,1,1,1
GCF_000597845.1|WP_001283421.1,1,1,1,1,1,1,1,1,1,1,1
GCF_000597845.1|WP_001283547.1,1,0,1,1,1,1,0,0,0,1,1
GCF_000597845.1|WP_001283585.1,1,1,1,1,1,1,1,1,1,1,1
GCF_000597845.1|WP_001283626.1,1,0,0,1,1,1,1,1,1,0,1
GCF_000597845.1|WP_001283723.1,1,1,1,1,1,1,1,1,1,1,1
GCF_000597845.1|WP_001284199.1,1,1,0,1,0,0,0,0,0,0,0
GCF_000597845.1|WP_001284618.1,1,1,1,1,1,1,1,1,1,1,1
GCF_000597845.1|WP_001285288.1,1,1,1,1,1,1,0,1,1,1,1
GCF_000597845.1|WP_001285432.1,1,1,1,1,1,1,1,1,1,1,1
GCF_000597845.1|WP_001285661.1,1,1,1,1,1,1,1,1,1,1,1
GCF_000597845.1|WP_001285833.1,1,1,1,1,1,1,1,1,1,1,1
GCF_000597845.1|WP_001285927.1,1,1,1,1,1,1,1,1,1,1,1
GCF_000597845.1|WP_001286216.1,1,1,1,1,1,1,1,1,1,1,1
GCF_000597845.1|WP_001286597.1,1,1,1,1,1,1,1,1,1,1,1
GCF_000597845.1|WP_001286873.1,1,1,1,1,1,1,1,1,1,1,1
GCF_000597845.1|WP_001287031.1,1,1,1,1,1,1,1,1,1,1,1
GCF_000597845.1|WP_001287154.1,1,1,1,1,1,1,1,1,1,1,1
GCF_000597845.1|WP_001287420.1,1,1,1,1,1,1,1,1,1,1,1
GCF_000597845.1|WP_001287454.1,1,1,1,1,1,1,1,1,1,1,1
GCF_000597845.1|WP_001287516.1,1,1,1,1,1,1,1,1,1,1,1
GCF_000597845.1|WP_001288228.1,1,0,1,1,1,1,1,1,1,1,0
GCF_000597845.1|WP_001288587.1,1,1,1,1,1,1,1,1,1,1,1
GCF_000597845.1|WP_001288850.1,1,1,1,1,1,1,1,1,1,1,1
GCF_000597845.1|WP_001289167.1,1,1,1,1,1,1,1,1,1,1,1
GCF_000597845.1|WP_001289652.1,1,1,1,1,1,1,1,1,1,1,1
GCF_000597845.1|WP_001290706.1,1,1,1,1,1,1,1,1,1,1,1
GCF_000597845.1|WP_001291268.1,1,1,1,1,1,1,1,1,1,1,1
GCF_000597845.1|WP_001291435.1,1,1,1,1,1,1,1,1,1,1,1
GCF_000597845.1|WP_001291603.1,1,1,1,1,1,1,1,1,1,1,1
GCF_000597845.1|WP_001291772.1,1,1,1,1,1,1,1,1,1,1,1
GCF_000597845.1|WP_001291921.1,1,1,1,1,1,1,1,1,1,1,1
GCF_000597845.1|WP_001291990.1,1,1,1,1,1,1,0,1,1,1,1
GCF_000597845.1|WP_001292353.1,1,1,1,1,1,1,1,1,1,1,1
GCF_000597845.1|WP_001292676.1,1,1,1,1,1,1,1,1,1,1,1
GCF_000597845.1|WP_001293009.1,1,1,1,1,1,1,0,1,1,1,1
GCF_000597845.1|WP_001293282.1,1,1,1,1,1,1,1,1,1,1,1
GCF_000597845.1|WP_001293341.1,1,1,1,1,1,1,1,1,1,1,1
GCF_000597845.1|WP_001294219.1,1,1,1,1,1,1,1,1,1,1,1
GCF_000597845.1|WP_001294600.1,1,1,1,1,1,1,1,1,1,1,1
GCF_000597845.1|WP_001294663.1,1,0,0,0,0,0,0,0,0,0,0
GCF_000597845.1|WP_001294674.1,1,1,1,1,1,1,1,1,1,1,1
GCF_000597845.1|WP_001294757.1,1,1,1,1,1,1,1,1,1,1,1
GCF_000597845.1|WP_001295111.1,1,1,1,1,1,1,1,1,1,1,1
GCF_000597845.1|WP_001295154.1,1,1,1,1,0,0,1,1,1,1,1
GCF_000597845.1|WP_001295161.1,1,0,0,0,1,1,1,1,1,0,1
GCF_000597845.1|WP_001295162.1,1,1,1,1,1,1,1,1,1,1,1
GCF_000597845.1|WP_001295163.1,1,0,0,0,1,1,1,1,1,0,1
GCF_000597845.1|WP_001295165.1,1,1,1,1,1,1,1,1,1,1,1
GCF_000597845.1|WP_001295168.1,1,1,1,1,1,1,1,1,1,1,1
GCF_000597845.1|WP_001295177.1,1,1,1,1,1,1,1,1,1,1,1
GCF_000597845.1|WP_001295182.1,1,1,1,1,1,1,1,1,1,1,1
GCF_000597845.1|WP_001295188.1,1,1,1,1,1,1,1,1,1,1,1
GCF_000597845.1|WP_001295190.1,1,1,1,1,1,1,1,1,1,1,1
GCF_000597845.1|WP_001295196.1,1,1,1,1,1,1,1,1,1,1,1
GCF_000597845.1|WP_001295199.1,1,1,1,1,1,1,1,1,1,1,1
GCF_000597845.1|WP_001295207.1,1,1,1,1,1,1,1,1,1,1,1
GCF_000597845.1|WP_001295215.1,1,1,1,1,1,1,1,1,1,1,1
GCF_000597845.1|WP_001295219.1,1,1,1,1,1,1,1,1,1,1,1
GCF_000597845.1|WP_001295222.1,1,1,1,1,1,1,1,1,1,1,1
GCF_000597845.1|WP_001295225.1,1,1,1,1,1,1,1,1,1,1,1
GCF_000597845.1|WP_001295228.1,1,1,1,1,1,1,1,1,1,1,1
GCF_000597845.1|WP_001295235.1,1,1,1,1,1,1,1,1,1,1,1
GCF_000597845.1|WP_001295237.1,1,1,1,1,1,1,1,1,1,1,1
GCF_000597845.1|WP_001295238.1,1,1,1,1,1,1,1,1,1,1,1
GCF_000597845.1|WP_001295239.1,1,1,1,1,1,1,1,1,1,1,1
GCF_000597845.1|WP_001295241.1,1,1,1,1,1,1,1,1,1,1,1
GCF_000597845.1|WP_001295243.1,1,1,1,1,1,1,1,1,1,1,1
GCF_000597845.1|WP_001295247.1,1,1,1,1,1,1,1,1,1,1,1
GCF_000597845.1|WP_001295249.1,1,0,1,1,1,1,1,1,1,1,1
GCF_000597845.1|WP_001295251.1,1,0,1,1,1,1,1,1,1,1,1
GCF_000597845.1|WP_001295255.1,1,1,1,1,1,1,1,1,1,1,1
GCF_000597845.1|WP_001295256.1,1,1,1,1,1,1,1,1,1,1,1
GCF_000597845.1|WP_001295259.1,1,1,1,1,1,1,1,1,1,1,1
GCF_000597845.1|WP_001295260.1,1,1,1,1,1,1,1,1,1,1,1
GCF_000597845.1|WP_001295263.1,1,1,1,1,1,1,1,1,1,1,1
GCF_000597845.1|WP_001295266.1,1,1,1,1,1,1,1,1,1,1,1
GCF_000597845.1|WP_001295269.1,1,1,1,1,1,1,1,1,1,1,1
GCF_000597845.1|WP_001295270.1,1,1,1,1,1,1,1,1,1,1,1
GCF_000597845.1|WP_001295271.1,1,1,1,1,1,1,1,1,1,1,1
GCF_000597845.1|WP_001295272.1,1,1,1,1,1,1,1,1,1,1,1
GCF_000597845.1|WP_001295275.1,1,1,1,1,1,1,1,1,1,1,1
GCF_000597845.1|WP_001295279.1,1,1,1,1,1,1,1,1,1,1,1
GCF_000597845.1|WP_001295285.1,1,1,1,1,1,1,1,1,1,1,1
GCF_000597845.1|WP_001295291.1,1,1,1,1,1,1,1,1,1,1,1
GCF_000597845.1|WP_001295292.1,1,1,1,1,1,1,1,1,1,1,1
GCF_000597845.1|WP_001295297.1,1,1,1,1,1,1,1,1,1,1,1
GCF_000597845.1|WP_001295299.1,1,1,1,1,1,1,1,1,1,1,1
GCF_000597845.1|WP_001295301.1,1,1,1,1,1,1,1,1,1,1,1
GCF_000597845.1|WP_001295302.1,1,1,1,1,1,1,1,1,1,1,1
GCF_000597845.1|WP_001295305.1,1,1,1,1,1,1,1,1,1,1,1
GCF_000597845.1|WP_001295306.1,1,1,1,1,1,1,1,1,1,1,1
GCF_000597845.1|WP_001295307.1,1,1,1,1,1,1,1,1,1,1,1
GCF_000597845.1|WP_001295318.1,1,1,1,1,1,1,1,1,1,1,1
GCF_000597845.1|WP_001295323.1,1,1,1,1,1,1,1,1,1,1,1
GCF_000597845.1|WP_001295325.1,1,1,1,1,1,1,1,1,1,1,1
GCF_000597845.1|WP_001295326.1,1,1,1,1,1,1,1,1,1,1,1
GCF_000597845.1|WP_001295327.1,1,0,1,1,1,1,1,1,1,1,1
GCF_000597845.1|WP_001295328.1,1,1,1,1,1,1,1,1,1,1,1
GCF_000597845.1|WP_001295331.1,1,1,1,1,1,1,1,1,1,1,1
GCF_000597845.1|WP_001295332.1,1,1,1,1,1,1,1,1,1,1,1
GCF_000597845.1|WP_001295334.1,1,1,1,1,1,1,1,1,1,1,1
GCF_000597845.1|WP_001295335.1,1,1,1,1,1,1,1,1,1,1,1
GCF_000597845.1|WP_001295337.1,1,1,1,1,1,1,1,1,1,1,1
GCF_000597845.1|WP_001295343.1,1,1,1,1,1,1,1,1,1,1,1
GCF_000597845.1|WP_001295344.1,1,1,1,1,1,1,1,1,1,1,1
GCF_000597845.1|WP_001295345.1,1,1,1,1,1,1,1,1,1,1,1
GCF_000597845.1|WP_001295352.1,1,1,1,1,1,1,1,1,1,1,1
GCF_000597845.1|WP_001295353.1,1,1,1,1,1,1,1,1,1,1,1
GCF_000597845.1|WP_001295356.1,1,1,1,1,1,1,1,1,1,1,1
GCF_000597845.1|WP_001295357.1,1,1,1,1,1,1,1,1,1,1,1
GCF_000597845.1|WP_001295358.1,1,0,1,1,1,1,1,1,1,1,1
GCF_000597845.1|WP_001295363.1,1,1,1,1,1,1,1,1,1,1,1
GCF_000597845.1|WP_001295364.1,1,1,1,1,1,1,1,1,1,1,1
GCF_000597845.1|WP_001295373.1,1,1,1,1,1,1,1,1,1,1,1
GCF_000597845.1|WP_001295378.1,1,1,1,1,1,1,1,1,1,1,1
GCF_000597845.1|WP_001295383.1,1,1,1,1,1,1,1,1,1,1,1
GCF_000597845.1|WP_001295384.1,1,1,1,1,1,1,1,1,1,1,1
GCF_000597845.1|WP_001295387.1,1,1,1,1,1,1,1,1,1,1,1
GCF_000597845.1|WP_001295388.1,1,1,1,1,1,1,1,1,1,1,1
GCF_000597845.1|WP_001295389.1,1,1,1,1,1,1,1,1,1,1,1
GCF_000597845.1|WP_001295391.1,1,1,1,1,1,1,1,1,1,1,1
GCF_000597845.1|WP_001295400.1,1,1,1,1,1,1,1,1,1,1,1
GCF_000597845.1|WP_001295403.1,1,1,1,1,1,1,1,1,1,1,1
GCF_000597845.1|WP_001295412.1,1,1,1,1,1,1,1,1,1,1,1
GCF_000597845.1|WP_001295417.1,1,1,1,1,1,1,1,1,1,1,1
GCF_000597845.1|WP_001295424.1,1,1,1,1,1,1,1,1,1,1,1
GCF_000597845.1|WP_001295427.1,1,1,1,1,1,1,1,1,1,1,1
GCF_000597845.1|WP_001295429.1,1,1,1,1,1,1,1,1,1,1,1
GCF_000597845.1|WP_001295431.1,1,1,1,1,1,1,1,1,1,1,1
GCF_000597845.1|WP_001295441.1,1,1,1,1,1,1,1,1,1,1,1
GCF_000597845.1|WP_001295442.1,1,1,1,1,1,1,1,1,1,1,1
GCF_000597845.1|WP_001295443.1,1,1,1,1,1,1,1,1,1,1,1
GCF_000597845.1|WP_001295445.1,1,1,1,1,1,1,1,1,1,1,1
GCF_000597845.1|WP_001295447.1,1,1,1,1,1,1,1,1,1,1,1
GCF_000597845.1|WP_001295452.1,1,1,1,1,1,1,1,1,1,1,1
GCF_000597845.1|WP_001295467.1,1,1,1,1,1,1,1,1,1,1,1
GCF_000597845.1|WP_001295469.1,1,1,1,1,1,1,1,1,1,1,1
GCF_000597845.1|WP_001295473.1,1,1,1,1,1,1,1,1,1,1,1
GCF_000597845.1|WP_001295474.1,1,1,1,1,1,1,1,1,1,1,1
GCF_000597845.1|WP_001295476.1,1,1,1,1,1,1,1,1,1,1,1
GCF_000597845.1|WP_001295479.1,1,1,1,1,1,1,1,1,1,1,1
GCF_000597845.1|WP_001295485.1,1,1,1,1,1,1,1,1,1,1,1
GCF_000597845.1|WP_001295488.1,1,1,1,1,1,1,1,1,1,1,1
GCF_000597845.1|WP_001295489.1,1,1,1,1,1,1,1,1,1,1,1
GCF_000597845.1|WP_001295493.1,1,1,1,1,1,1,1,1,1,1,1
GCF_000597845.1|WP_001295496.1,1,1,1,1,1,1,1,1,1,1,1
GCF_000597845.1|WP_001295499.1,1,1,1,1,1,1,1,1,1,1,1
GCF_000597845.1|WP_001295500.1,1,1,1,1,1,1,1,1,1,1,1
GCF_000597845.1|WP_001295503.1,1,1,1,1,1,1,1,1,1,1,1
GCF_000597845.1|WP_001295504.1,1,1,1,1,1,1,1,1,1,1,1
GCF_000597845.1|WP_001295515.1,1,1,1,1,1,1,1,1,1,1,1
GCF_000597845.1|WP_001295541.1,1,1,1,1,1,1,1,1,1,1,1
GCF_000597845.1|WP_001295543.1,1,1,1,1,1,1,1,1,1,1,1
GCF_000597845.1|WP_001295544.1,1,1,1,1,1,1,1,1,1,1,1
GCF_000597845.1|WP_001295547.1,1,1,1,1,1,1,1,1,1,1,1
GCF_000597845.1|WP_001295552.1,1,1,1,1,1,1,1,1,1,1,1
GCF_000597845.1|WP_001295553.1,1,1,1,1,1,1,1,1,1,1,1
GCF_000597845.1|WP_001295562.1,1,1,1,1,1,1,1,1,1,1,1
GCF_000597845.1|WP_001295568.1,1,1,1,1,1,1,1,1,1,1,1
GCF_000597845.1|WP_001295575.1,1,1,1,1,1,1,1,1,1,1,1
GCF_000597845.1|WP_001295576.1,1,1,1,1,1,1,1,1,1,1,1
GCF_000597845.1|WP_001295580.1,1,1,1,1,1,1,1,1,1,1,1
GCF_000597845.1|WP_001295619.1,1,1,1,1,1,1,1,1,1,1,1
GCF_000597845.1|WP_001295620.1,1,1,1,1,1,1,1,1,1,1,1
GCF_000597845.1|WP_001295626.1,1,1,1,1,1,1,1,1,1,1,1
GCF_000597845.1|WP_001295627.1,1,1,1,1,1,1,1,1,1,1,1
GCF_000597845.1|WP_001295642.1,1,1,1,1,0,0,1,1,1,1,1
GCF_000597845.1|WP_001295643.1,1,1,1,1,0,0,1,1,1,1,1
GCF_000597845.1|WP_001295646.1,1,1,1,1,1,1,1,1,1,1,1
GCF_000597845.1|WP_001295647.1,1,1,1,1,1,1,1,1,1,1,1
GCF_000597845.1|WP_001295666.1,1,1,1,1,1,1,1,1,1,1,1
GCF_000597845.1|WP_001295676.1,1,1,1,1,1,1,1,1,1,1,1
GCF_000597845.1|WP_001295677.1,1,1,1,1,1,1,1,1,1,1,1
GCF_000597845.1|WP_001295681.1,1,1,1,1,1,1,1,1,1,1,1
GCF_000597845.1|WP_001295683.1,1,1,1,1,1,1,1,1,1,1,1
GCF_000597845.1|WP_001295684.1,1,1,1,1,1,1,1,1,1,1,1
GCF_000597845.1|WP_001295687.1,1,0,0,0,1,1,0,0,1,0,1
GCF_000597845.1|WP_001295689.1,1,1,1,1,1,1,1,1,1,1,1
GCF_000597845.1|WP_001295691.1,1,1,1,1,1,1,1,1,1,1,1
GCF_000597845.1|WP_001295692.1,1,1,1,1,1,1,1,1,1,1,1
GCF_000597845.1|WP_001295693.1,1,1,1,1,1,1,1,1,1,1,1
GCF_000597845.1|WP_001295694.1,1,1,1,1,1,1,1,1,1,1,1
GCF_000597845.1|WP_001295704.1,1,1,1,1,1,1,1,1,1,0,1
GCF_000597845.1|WP_001295715.1,1,1,1,1,1,1,1,1,1,1,1
GCF_000597845.1|WP_001295748.1,1,1,1,1,1,1,1,1,1,1,1
GCF_000597845.1|WP_001295770.1,1,1,1,1,1,1,1,1,1,1,1
GCF_000597845.1|WP_001295932.1,1,1,1,1,1,1,1,1,1,1,1
GCF_000597845.1|WP_001295992.1,1,1,1,1,1,1,1,1,1,1,1
GCF_000597845.1|WP_001296046.1,1,0,1,1,1,1,1,1,0,1,1
GCF_000597845.1|WP_001296104.1,1,1,1,1,1,1,1,1,1,1,1
GCF_000597845.1|WP_001296134.1,1,1,1,1,1,1,1,1,1,1,1
GCF_000597845.1|WP_001296140.1,1,1,1,1,1,1,1,1,1,1,1
GCF_000597845.1|WP_001296310.1,1,1,1,1,1,1,1,1,1,1,1
GCF_000597845.1|WP_001296448.1,1,1,1,1,1,1,1,1,1,1,1
GCF_000597845.1|WP_001296623.1,1,1,1,1,1,1,1,1,1,1,1
GCF_000597845.1|WP_001296681.1,1,1,1,1,1,1,1,1,1,1,1
GCF_000597845.1|WP_001296693.1,1,1,1,1,1,1,1,1,1,1,1
GCF_000597845.1|WP_001296778.1,1,1,1,1,1,1,1,1,1,1,1
GCF_000597845.1|WP_001296785.1,1,1,1,1,1,1,1,1,1,1,1
GCF_000597845.1|WP_001296808.1,1,1,1,1,1,1,1,1,1,1,1
GCF_000597845.1|WP_001296814.1,1,1,1,1,1,1,1,1,1,1,1
GCF_000597845.1|WP_001296821.1,1,1,1,1,1,1,1,1,1,1,1
GCF_000597845.1|WP_001296837.1,1,1,1,1,1,1,1,1,1,1,1
GCF_000597845.1|WP_001296861.1,1,1,1,1,1,1,1,1,1,1,1
GCF_000597845.1|WP_001296867.1,1,1,1,1,1,1,1,1,1,1,1
GCF_000597845.1|WP_001296937.1,1,1,1,1,1,1,1,1,1,1,1
GCF_000597845.1|WP_001296943.1,1,1,1,1,1,1,1,1,1,1,1
GCF_000597845.1|WP_001296991.1,1,1,1,1,1,1,1,1,1,1,1
GCF_000597845.1|WP_001297003.1,1,1,1,1,1,1,1,1,1,1,1
GCF_000597845.1|WP_001297052.1,1,1,1,1,1,1,1,1,1,1,1
GCF_000597845.1|WP_001297068.1,1,1,1,1,1,1,1,1,1,1,1
GCF_000597845.1|WP_001297144.1,1,1,1,1,1,1,1,1,1,1,1
GCF_000597845.1|WP_001297228.1,1,1,1,1,1,1,1,1,1,1,1
GCF_000597845.1|WP_001297236.1,1,1,1,1,1,1,1,1,1,1,1
GCF_000597845.1|WP_001297249.1,1,1,1,1,1,1,1,1,1,1,1
GCF_000597845.1|WP_001297290.1,1,1,1,1,1,1,1,1,1,1,1
GCF_000597845.1|WP_001297320.1,1,1,1,1,1,1,1,1,1,1,1
GCF_000597845.1|WP_001297375.1,1,1,1,1,1,1,1,1,1,1,1
GCF_000597845.1|WP_001297404.1,1,1,1,1,1,1,1,1,1,1,1
GCF_000597845.1|WP_001297406.1,1,1,1,1,1,1,1,1,1,1,1
GCF_000597845.1|WP_001297409.1,1,1,1,1,1,1,1,1,1,1,1
GCF_000597845.1|WP_001297412.1,1,1,1,1,1,1,1,1,1,1,1
GCF_000597845.1|WP_001297427.1,1,1,1,1,1,1,1,1,1,1,1
GCF_000597845.1|WP_001297484.1,1,1,1,1,1,1,1,1,1,1,1
GCF_000597845.1|WP_001297612.1,1,1,1,1,1,1,1,1,1,1,1
GCF_000597845.1|WP_001297640.1,1,1,1,1,1,1,1,1,1,1,1
GCF_000597845.1|WP_001297653.1,1,1,1,1,1,1,1,1,1,1,1
GCF_000597845.1|WP_001297709.1,1,1,1,1,1,1,1,1,1,1,1
GCF_000597845.1|WP_001297957.1,1,1,1,1,1,1,1,1,1,1,1
GCF_000597845.1|WP_001298109.1,1,1,1,1,1,1,1,1,1,1,1
GCF_000597845.1|WP_001298201.1,1,1,1,1,1,1,1,1,1,1,1
GCF_000597845.1|WP_001298300.1,1,1,1,1,1,1,1,1,1,1,1
GCF_000597845.1|WP_001298382.1,1,1,1,1,1,1,1,1,1,1,1
GCF_000597845.1|WP_001298717.1,1,1,1,1,1,1,1,1,1,1,1
GCF_000597845.1|WP_001298719.1,1,1,1,1,1,1,1,1,1,1,1
GCF_000597845.1|WP_001298790.1,1,1,1,1,1,1,1,1,1,1,1
GCF_000597845.1|WP_001298916.1,1,1,1,1,1,1,1,1,1,1,1
GCF_000597845.1|WP_001298932.1,1,1,1,1,1,1,1,1,1,1,1
GCF_000597845.1|WP_001298964.1,1,1,1,1,1,1,1,1,1,1,1
GCF_000597845.1|WP_001299246.1,1,0,1,1,1,1,0,0,0,1,1
GCF_000597845.1|WP_001299507.1,1,1,1,1,1,1,1,1,1,1,1
GCF_000597845.1|WP_001299515.1,1,1,1,1,1,1,1,1,1,1,1
GCF_000597845.1|WP_001299523.1,1,1,1,1,1,1,1,1,1,1,0
GCF_000597845.1|WP_001299652.1,1,1,1,1,1,1,1,1,1,1,1
GCF_000597845.1|WP_001299662.1,1,1,1,1,1,1,1,1,1,1,1
GCF_000597845.1|WP_001299664.1,1,1,1,1,1,1,1,1,1,1,1
GCF_000597845.1|WP_001299673.1,1,1,1,1,1,1,1,1,1,1,1
GCF_000597845.1|WP_001299676.1,1,0,1,1,1,1,1,1,1,1,1
GCF_000597845.1|WP_001299721.1,1,0,0,0,0,0,0,0,0,0,0
GCF_000597845.1|WP_001299740.1,1,0,0,0,1,1,0,0,0,0,1
GCF_000597845.1|WP_001299799.1,1,1,1,1,1,1,1,1,1,1,1
GCF_000597845.1|WP_001299914.1,1,1,1,1,1,1,1,1,0,1,1
GCF_000597845.1|WP_001300064.1,1,1,1,1,1,1,1,1,1,1,1
GCF_000597845.1|WP_001300163.1,1,1,0,1,1,1,1,1,1,0,1
GCF_000597845.1|WP_001300294.1,1,0,0,0,0,0,0,0,0,0,0
GCF_000597845.1|WP_001300356.1,1,1,1,1,1,1,1,1,1,1,1
GCF_000597845.1|WP_001300367.1,1,1,1,1,1,1,1,1,1,1,1
GCF_000597845.1|WP_001300381.1,1,1,1,1,1,1,1,1,1,1,1
GCF_000597845.1|WP_001300383.1,1,1,1,1,1,1,1,1,1,1,1
GCF_000597845.1|WP_001300395.1,1,1,1,1,1,1,1,1,1,1,1
GCF_000597845.1|WP_001300397.1,1,1,1,1,1,1,1,1,1,1,1
GCF_000597845.1|WP_001300406.1,1,1,1,1,1,1,1,1,1,1,1
GCF_000597845.1|WP_001300409.1,1,1,1,1,1,1,1,1,1,1,1
GCF_000597845.1|WP_001300411.1,1,1,1,1,1,1,1,1,1,1,1
GCF_000597845.1|WP_001300415.1,1,1,1,1,1,1,1,1,1,1,1
GCF_000597845.1|WP_001300421.1,1,1,1,1,1,1,1,1,1,1,1
GCF_000597845.1|WP_001300438.1,1,1,1,1,1,1,1,1,1,1,1
GCF_000597845.1|WP_001300467.1,1,1,1,1,1,1,1,1,1,1,1
GCF_000597845.1|WP_001300480.1,1,1,1,1,1,1,1,1,1,1,1
GCF_000597845.1|WP_001300486.1,1,1,1,1,1,1,1,1,1,1,1
GCF_000597845.1|WP_001300509.1,1,1,1,1,1,1,1,1,1,1,1
GCF_000597845.1|WP_001300526.1,1,1,1,1,1,1,1,1,1,1,1
GCF_000597845.1|WP_001300536.1,1,1,1,1,1,1,1,1,1,1,1
GCF_000597845.1|WP_001300540.1,1,1,1,1,1,1,1,1,1,1,1
GCF_000597845.1|WP_001300547.1,1,1,1,1,1,1,1,1,1,1,1
GCF_000597845.1|WP_001300554.1,1,1,1,1,1,1,1,1,1,1,1
GCF_000597845.1|WP_001300563.1,1,0,0,0,1,1,1,1,1,0,1
GCF_000597845.1|WP_001300573.1,1,1,1,1,1,1,1,1,1,1,1
GCF_000597845.1|WP_001300600.1,1,1,1,1,1,1,1,1,1,1,1
GCF_000597845.1|WP_001300605.1,1,1,1,1,1,1,1,1,1,1,1
GCF_000597845.1|WP_001300620.1,1,1,1,1,0,0,1,1,1,1,1
GCF_000597845.1|WP_001300634.1,1,1,1,0,0,0,1,1,1,0,0
GCF_000597845.1|WP_001300638.1,1,1,1,1,1,1,1,1,1,1,1
GCF_000597845.1|WP_001300644.1,1,1,1,1,1,1,1,1,1,1,1
GCF_000597845.1|WP_001300651.1,1,1,1,1,1,1,1,1,1,1,1
GCF_000597845.1|WP_001300654.1,1,1,1,1,1,1,1,1,1,1,1
GCF_000597845.1|WP_001300656.1,1,1,1,1,1,1,1,1,1,1,1
GCF_000597845.1|WP_001300658.1,1,1,1,1,1,1,1,1,1,1,1
GCF_000597845.1|WP_001300664.1,1,1,1,1,1,1,1,1,1,1,1
GCF_000597845.1|WP_001300666.1,1,1,1,1,0,0,1,1,1,1,1
GCF_000597845.1|WP_001300681.1,1,1,1,1,1,1,1,1,1,1,1
GCF_000597845.1|WP_001300687.1,1,1,1,1,1,1,1,1,1,1,1
GCF_000597845.1|WP_001300695.1,1,1,1,1,1,1,1,1,1,1,1
GCF_000597845.1|WP_001300742.1,1,1,1,1,1,1,1,1,1,1,1
GCF_000597845.1|WP_001300748.1,1,1,1,1,1,1,1,1,1,1,1
GCF_000597845.1|WP_001300750.1,1,1,1,1,1,1,1,1,1,1,1
GCF_000597845.1|WP_001300769.1,1,1,1,1,1,1,1,1,1,1,1
GCF_000597845.1|WP_001300785.1,1,1,1,1,1,1,1,1,1,1,1
GCF_000597845.1|WP_001300811.1,1,1,1,1,1,1,1,1,1,1,1
GCF_000597845.1|WP_001300818.1,1,1,1,1,1,1,1,1,1,1,1
GCF_000597845.1|WP_001300821.1,1,1,1,1,1,1,1,1,1,1,1
GCF_000597845.1|WP_001300829.1,1,1,1,1,1,1,1,1,1,1,1
GCF_000597845.1|WP_001300832.1,1,1,1,1,1,1,1,1,1,1,1
GCF_000597845.1|WP_001300834.1,1,1,1,1,1,1,1,1,1,1,1
GCF_000597845.1|WP_001300836.1,1,1,1,1,1,1,1,1,0,1,1
GCF_000597845.1|WP_001300855.1,1,1,1,1,1,1,1,1,1,1,1
GCF_000597845.1|WP_001300858.1,1,1,1,1,1,1,0,0,0,1,1
GCF_000597845.1|WP_001300888.1,1,1,1,1,1,1,1,1,1,1,1
GCF_000597845.1|WP_001300891.1,1,1,1,1,1,1,1,1,1,1,1
GCF_000597845.1|WP_001300904.1,1,1,1,1,1,1,1,1,1,1,1
GCF_000597845.1|WP_001300912.1,1,1,1,1,1,1,1,1,1,1,1
GCF_000597845.1|WP_001300957.1,1,1,1,1,1,1,1,1,1,1,0
GCF_000597845.1|WP_001301003.1,1,1,1,1,1,1,1,1,1,1,1
GCF_000597845.1|WP_001301023.1,1,1,1,1,1,1,1,1,1,1,1
GCF_000597845.1|WP_001301046.1,1,1,1,1,1,1,1,1,1,1,1
GCF_000597845.1|WP_001301104.1,1,1,1,1,1,1,1,1,1,1,1
GCF_000597845.1|WP_001301105.1,1,1,1,1,1,1,1,1,1,1,1
GCF_000597845.1|WP_001301119.1,1,1,1,1,1,1,1,1,1,1,1
GCF_000597845.1|WP_001301177.1,1,0,1,1,1,1,1,1,1,1,1
GCF_000597845.1|WP_001301257.1,1,1,1,1,1,1,0,1,1,1,1
GCF_000597845.1|WP_001301263.1,1,1,1,1,1,1,0,0,1,1,1
GCF_000597845.1|WP_001301305.1,1,1,1,1,1,1,1,1,1,1,1
GCF_000597845.1|WP_001301311.1,1,1,1,1,1,1,1,1,1,1,1
GCF_000597845.1|WP_001301318.1,1,1,1,1,1,1,1,1,1,1,1
GCF_000597845.1|WP_001301320.1,1,1,1,1,1,1,1,1,1,1,1
GCF_000597845.1|WP_001301370.1,1,1,1,1,1,1,1,1,1,1,0
GCF_000597845.1|WP_001301418.1,1,1,1,1,1,1,1,1,1,1,1
GCF_000597845.1|WP_001301419.1,1,1,1,1,1,1,1,1,1,1,1
GCF_000597845.1|WP_001302302.1,1,1,1,1,1,1,1,1,1,1,1
GCF_000597845.1|WP_001302318.1,1,1,1,1,1,1,1,1,1,1,1
GCF_000597845.1|WP_001302767.1,1,1,1,1,1,1,1,1,1,1,1
GCF_000597845.1|WP_001303494.1,1,1,1,1,1,1,1,1,1,1,1
GCF_000597845.1|WP_001303517.1,1,1,1,1,1,1,1,1,1,1,1
GCF_000597845.1|WP_001303621.1,1,1,1,1,1,1,1,1,1,1,1
GCF_000597845.1|WP_001303782.1,1,1,1,1,1,1,1,1,1,1,1
GCF_000597845.1|WP_001303787.1,1,1,1,1,1,1,1,1,1,1,1
GCF_000597845.1|WP_001303809.1,1,1,1,1,1,1,0,1,1,1,1
GCF_000597845.1|WP_001305582.1,1,1,1,1,1,1,1,1,1,1,1
GCF_000597845.1|WP_001305805.1,1,1,1,1,1,1,1,1,1,1,1
GCF_000597845.1|WP_001306169.1,1,1,1,1,1,1,1,1,1,1,1
GCF_000597845.1|WP_001306825.1,1,1,1,1,1,1,1,1,1,1,1
GCF_000597845.1|WP_001306921.1,1,1,1,1,1,1,0,1,1,1,1
GCF_000597845.1|WP_001307078.1,1,1,1,1,0,0,1,1,1,1,1
GCF_000597845.1|WP_001307100.1,1,1,1,1,1,1,1,1,1,1,1
GCF_000597845.1|WP_001307158.1,1,1,1,1,1,1,1,1,1,1,1
GCF_000597845.1|WP_001307229.1,1,1,1,1,1,1,1,1,1,1,1
GCF_000597845.1|WP_001307333.1,1,1,1,1,1,1,1,1,1,1,1
GCF_000597845.1|WP_001307405.1,1,1,1,1,1,1,1,1,1,1,1
GCF_000597845.1|WP_001307436.1,1,0,1,1,1,1,1,1,1,1,1
GCF_000597845.1|WP_001307474.1,1,1,1,1,1,1,1,1,1,1,1
GCF_000597845.1|WP_001307570.1,1,1,1,1,1,1,1,1,1,1,1
GCF_000597845.1|WP_001307697.1,1,1,1,1,1,1,1,1,1,1,1
GCF_000597845.1|WP_001307714.1,1,1,1,1,1,1,1,1,1,1,1
GCF_000597845.1|WP_001308167.1,1,1,1,1,1,1,1,1,1,1,1
GCF_000597845.1|WP_001308243.1,1,1,1,1,1,1,1,1,1,1,1
GCF_000597845.1|WP_001308392.1,1,1,1,1,1,1,1,1,1,1,1
GCF_000597845.1|WP_001309117.1,1,1,1,1,1,1,1,1,1,1,1
GCF_000597845.1|WP_001309467.1,1,1,1,1,1,1,1,1,1,1,1
GCF_000597845.1|WP_001309484.1,1,1,1,1,1,1,1,1,1,1,1
GCF_000597845.1|WP_001310756.1,1,1,1,1,1,1,1,1,1,1,1
GCF_000597845.1|WP_001310941.1,1,0,0,0,0,0,0,0,0,0,0
GCF_000597845.1|WP_001311238.1,1,1,1,1,1,1,1,1,1,1,1
GCF_000597845.1|WP_001311244.1,1,1,1,1,1,1,1,1,1,1,1
GCF_000597845.1|WP_001311257.1,1,1,1,1,1,1,1,1,1,1,1
GCF_000597845.1|WP_001311268.1,1,1,1,1,1,1,1,1,1,1,1
GCF_000597845.1|WP_001312198.1,1,1,1,1,1,1,1,1,1,1,1
GCF_000597845.1|WP_001312672.1,1,0,1,1,1,1,1,1,1,1,1
GCF_000597845.1|WP_001312851.1,1,1,1,1,1,1,1,1,1,1,1
GCF_000597845.1|WP_001315679.1,1,1,1,1,1,1,1,1,1,1,1
GCF_000597845.1|WP_001315880.1,1,1,1,1,1,1,1,1,1,1,1
GCF_000597845.1|WP_001316982.1,1,1,1,1,1,1,1,1,1,1,1
GCF_000597845.1|WP_001318538.1,1,1,1,1,1,1,1,1,1,1,1
GCF_000597845.1|WP_001321287.1,1,1,1,1,1,1,1,1,0,1,1
GCF_000597845.1|WP_001321419.1,1,1,1,1,1,1,1,1,1,1,1
GCF_000597845.1|WP_001321562.1,1,0,0,0,1,1,1,1,1,0,1
GCF_000597845.1|WP_001322018.1,1,0,1,1,1,1,1,1,1,1,1
GCF_000597845.1|WP_001324645.1,1,1,1,1,1,1,1,1,1,1,1
GCF_000597845.1|WP_001324699.1,1,0,0,0,0,0,0,0,0,0,0
GCF_000597845.1|WP_001324749.1,1,1,1,1,1,1,0,1,1,1,1
GCF_000597845.1|WP_001324851.1,1,1,1,1,0,0,1,1,1,1,1
GCF_000597845.1|WP_001325005.1,1,1,1,1,1,1,1,1,1,1,1
GCF_000597845.1|WP_001325097.1,1,0,0,1,1,1,1,1,1,0,0
GCF_000597845.1|WP_001325230.1,1,1,1,1,1,1,1,1,1,1,1
GCF_000597845.1|WP_001326496.1,1,1,1,1,1,1,1,1,1,1,1
GCF_000597845.1|WP_001326512.1,1,1,1,1,1,1,1,1,1,1,1
GCF_000597845.1|WP_001326641.1,1,1,1,1,1,1,1,1,1,1,1
GCF_000597845.1|WP_001326702.1,1,1,1,1,1,1,1,1,1,1,1
GCF_000597845.1|WP_001326970.1,1,1,1,1,1,1,1,1,1,1,1
GCF_000597845.1|WP_001327808.1,1,1,1,1,1,1,1,1,1,1,1
GCF_000597845.1|WP_001329186.1,1,1,1,1,1,1,1,1,1,1,1
GCF_000597845.1|WP_001333507.1,1,1,1,1,1,1,1,1,1,1,1
GCF_000597845.1|WP_001333892.1,1,1,1,1,1,1,1,1,1,1,1
GCF_000597845.1|WP_001335988.1,1,1,1,1,1,1,1,1,1,1,1
GCF_000597845.1|WP_001336393.1,1,1,0,1,1,1,1,1,1,0,0
GCF_000597845.1|WP_001338156.1,1,1,1,1,1,1,1,1,1,1,1
GCF_000597845.1|WP_001338236.1,1,1,1,1,1,1,1,1,1,1,1
GCF_000597845.1|WP_001338420.1,1,1,1,1,1,1,1,1,1,1,1
GCF_000597845.1|WP_001338421.1,1,1,1,1,1,1,1,1,1,1,1
GCF_000597845.1|WP_001338644.1,1,1,1,1,1,1,1,1,1,1,1
GCF_000597845.1|WP_001338825.1,1,1,1,1,1,1,1,1,1,1,1
GCF_000597845.1|WP_001340191.1,1,1,1,1,1,1,1,1,1,1,1
GCF_000597845.1|WP_001340364.1,1,1,1,1,1,1,1,1,1,1,1
GCF_000597845.1|WP_001340474.1,1,1,1,1,1,1,1,1,1,1,1
GCF_000597845.1|WP_001340589.1,1,0,0,0,0,0,0,0,0,0,0
GCF_000597845.1|WP_001340895.1,1,1,1,1,1,1,1,1,1,1,1
GCF_000597845.1|WP_001341279.1,1,1,1,1,1,1,1,1,1,1,1
GCF_000597845.1|WP_001341281.1,1,1,1,1,1,1,1,1,1,1,1
GCF_000597845.1|WP_001341573.1,1,1,1,1,1,1,0,1,1,1,1
GCF_000597845.1|WP_001343212.1,1,1,1,1,1,1,1,1,1,1,1
GCF_000597845.1|WP_001343446.1,1,1,1,1,1,1,1,1,1,1,1
GCF_000597845.1|WP_001344112.1,1,0,0,1,0,0,0,0,0,0,1
GCF_000597845.1|WP_001351729.1,1,0,0,0,0,0,0,0,0,0,0
GCF_000597845.1|WP_001351967.1,1,1,1,1,1,1,1,1,1,1,1
GCF_000597845.1|WP_001352334.1,1,1,1,1,1,1,1,1,1,1,1
GCF_000597845.1|WP_001352489.1,1,1,1,1,1,1,1,1,1,1,1
GCF_000597845.1|WP_001353906.1,1,1,1,1,1,1,1,1,1,1,1
GCF_000597845.1|WP_001355621.1,1,1,1,1,1,1,1,1,1,1,1
GCF_000597845.1|WP_001360132.1,1,1,1,1,1,1,1,1,1,1,1
GCF_000597845.1|WP_001364200.1,1,1,1,1,1,1,1,1,1,1,0
GCF_000597845.1|WP_001364348.1,1,1,1,1,1,1,1,1,1,1,1
GCF_000597845.1|WP_001375205.1,1,1,1,1,1,1,1,1,1,1,1
GCF_000597845.1|WP_001380605.1,1,1,1,1,1,1,1,1,1,1,1
GCF_000597845.1|WP_001381673.1,1,1,1,1,1,1,0,0,1,1,1
GCF_000597845.1|WP_001381927.1,1,1,1,1,1,1,1,1,1,1,0
GCF_000597845.1|WP_001386572.1,1,1,1,1,1,1,1,1,1,1,1
GCF_000597845.1|WP_001386830.1,1,1,1,1,1,1,1,1,1,1,1
GCF_000597845.1|WP_001386836.1,1,1,1,1,1,1,1,1,1,1,1
GCF_000597845.1|WP_001386977.1,1,1,1,1,1,1,1,1,1,1,1
GCF_000597845.1|WP_001387081.1,1,1,1,1,1,1,1,1,1,1,1
GCF_000597845.1|WP_001387183.1,1,1,1,1,1,1,1,1,1,1,1
GCF_000597845.1|WP_001387276.1,1,1,1,1,1,1,1,1,1,1,1
GCF_000597845.1|WP_001400233.1,1,1,1,1,1,1,1,1,1,1,1
GCF_000597845.1|WP_001400571.1,1,1,1,1,1,1,1,1,1,1,1
GCF_000597845.1|WP_001400611.1,1,1,1,1,1,1,1,1,1,1,1
GCF_000597845.1|WP_001400728.1,1,1,1,1,1,1,1,1,1,1,1
GCF_000597845.1|WP_001401234.1,1,1,1,1,1,1,1,1,1,1,1
GCF_000597845.1|WP_001403592.1,1,1,0,0,0,0,1,1,1,0,1
GCF_000597845.1|WP_001403902.1,1,1,1,1,1,1,1,1,1,1,1
GCF_000597845.1|WP_001406719.1,1,1,1,1,1,1,1,1,1,1,1
GCF_000597845.1|WP_001406816.1,1,1,1,1,1,1,1,1,1,1,1
GCF_000597845.1|WP_001408255.1,1,1,1,1,1,1,1,1,1,1,1
GCF_000597845.1|WP_001408509.1,1,1,1,1,1,1,1,1,1,1,1
GCF_000597845.1|WP_001408512.1,1,1,1,1,1,1,1,1,1,1,1
GCF_000597845.1|WP_001408701.1,1,1,1,1,1,1,1,1,1,1,1
GCF_000597845.1|WP_001411955.1,1,1,1,1,1,1,1,1,1,1,1
GCF_000597845.1|WP_001427063.1,1,0,0,0,0,0,1,0,0,1,0
GCF_000597845.1|WP_001445699.1,1,1,1,1,1,1,1,1,1,1,1
GCF_000597845.1|WP_001446926.1,1,1,1,1,1,1,1,1,1,1,1
GCF_000597845.1|WP_001454499.1,1,0,0,0,0,0,0,0,0,0,0
GCF_000597845.1|WP_001469706.1,1,1,1,1,1,1,1,1,1,1,1
GCF_000597845.1|WP_001469838.1,1,1,1,1,1,1,0,0,1,1,1
GCF_000597845.1|WP_001505085.1,1,0,0,0,0,0,0,0,0,0,0
GCF_000597845.1|WP_001505086.1,1,0,0,0,0,0,0,0,0,0,0
GCF_000597845.1|WP_001514514.1,1,1,1,1,1,1,1,1,1,1,1
GCF_000597845.1|WP_001514522.1,1,1,1,1,1,1,1,1,1,1,1
GCF_000597845.1|WP_001514524.1,1,1,1,1,1,1,1,1,1,1,1
GCF_000597845.1|WP_001514525.1,1,1,1,1,1,1,1,1,1,1,1
GCF_000597845.1|WP_001514564.1,1,1,1,1,1,1,1,1,1,1,1
GCF_000597845.1|WP_001514565.1,1,1,1,1,1,1,1,1,1,1,1
GCF_000597845.1|WP_001514652.1,1,1,1,1,1,1,1,1,1,1,1
GCF_000597845.1|WP_001514764.1,1,1,1,1,0,0,1,1,1,1,1
GCF_000597845.1|WP_001514985.1,1,1,1,1,1,1,1,1,1,1,1
GCF_000597845.1|WP_001514995.1,1,1,1,1,1,1,1,1,1,1,1
GCF_000597845.1|WP_001515020.1,1,0,1,1,1,1,1,1,1,1,1
GCF_000597845.1|WP_001515148.1,1,1,1,1,1,1,1,1,1,1,1
GCF_000597845.1|WP_001515447.1,1,1,1,1,1,1,1,1,1,1,1
GCF_000597845.1|WP_001543383.1,1,1,1,1,1,1,1,1,1,1,1
GCF_000597845.1|WP_001543437.1,1,1,1,1,1,1,1,1,1,1,1
GCF_000597845.1|WP_001543447.1,1,1,1,1,1,1,1,1,1,1,1
GCF_000597845.1|WP_001543451.1,1,1,1,1,1,1,1,1,1,1,1
GCF_000597845.1|WP_001543516.1,1,1,1,1,1,1,0,1,1,1,1
GCF_000597845.1|WP_001543517.1,1,1,1,1,1,1,0,1,1,1,1
GCF_000597845.1|WP_001543518.1,1,1,1,1,1,1,0,1,1,1,1
GCF_000597845.1|WP_001543522.1,1,1,1,1,1,1,0,1,1,1,1
GCF_000597845.1|WP_001543524.1,1,1,1,1,1,1,0,1,1,1,1
GCF_000597845.1|WP_001543534.1,1,1,1,1,1,1,1,1,1,1,1
GCF_000597845.1|WP_001543539.1,1,1,1,1,1,1,1,1,1,1,1
GCF_000597845.1|WP_001543543.1,1,1,1,1,1,1,1,1,1,1,1
GCF_000597845.1|WP_001543550.1,1,1,1,1,1,1,1,1,1,1,1
GCF_000597845.1|WP_001543560.1,1,1,1,1,1,1,1,1,1,1,1
GCF_000597845.1|WP_001543561.1,1,1,1,1,1,1,1,1,1,1,1
GCF_000597845.1|WP_001543569.1,1,0,1,1,0,0,1,1,1,1,1
GCF_000597845.1|WP_001543577.1,1,1,1,1,1,1,1,1,1,1,1
GCF_000597845.1|WP_001543582.1,1,1,1,1,1,1,1,1,1,1,1
GCF_000597845.1|WP_001543583.1,1,1,1,1,1,1,1,1,1,1,1
GCF_000597845.1|WP_001543600.1,1,1,1,1,1,1,1,1,1,1,1
GCF_000597845.1|WP_001543604.1,1,0,1,1,1,1,1,1,1,1,1
GCF_000597845.1|WP_001543624.1,1,1,1,1,1,1,1,1,1,1,1
GCF_000597845.1|WP_001543635.1,1,1,1,1,1,1,1,1,1,1,1
GCF_000597845.1|WP_001543641.1,1,1,1,1,1,1,1,1,1,1,1
GCF_000597845.1|WP_001543643.1,1,1,1,1,1,1,1,1,1,1,1
GCF_000597845.1|WP_001543699.1,1,1,1,1,1,1,1,1,1,1,1
GCF_000597845.1|WP_001543709.1,1,0,1,1,1,1,1,1,1,1,1
GCF_000597845.1|WP_001543712.1,1,1,1,1,1,1,0,1,0,1,1
GCF_000597845.1|WP_001543713.1,1,1,1,1,1,1,1,1,0,1,0
GCF_000597845.1|WP_001543716.1,1,1,1,1,1,1,1,1,1,1,1
GCF_000597845.1|WP_001543724.1,1,1,1,1,1,1,1,1,1,1,1
GCF_000597845.1|WP_001543798.1,1,1,1,1,1,1,1,1,1,1,1
GCF_000597845.1|WP_001543805.1,1,1,1,1,1,1,1,1,1,1,1
GCF_000597845.1|WP_001543807.1,1,1,1,1,1,1,1,1,1,1,1
GCF_000597845.1|WP_001544006.1,1,1,1,1,1,1,1,1,1,1,1
GCF_000597845.1|WP_001544017.1,1,1,1,1,1,1,1,1,1,1,1
GCF_000597845.1|WP_001544029.1,1,1,1,1,1,1,1,1,1,1,1
GCF_000597845.1|WP_001544044.1,1,1,1,1,1,1,1,1,1,1,1
GCF_000597845.1|WP_001544050.1,1,1,1,1,1,1,1,1,1,1,1
GCF_000597845.1|WP_001544114.1,1,1,1,1,1,1,1,1,1,1,1
GCF_000597845.1|WP_001544127.1,1,1,1,1,1,1,1,1,1,1,1
GCF_000597845.1|WP_001544138.1,1,1,1,1,1,1,1,1,1,1,1
GCF_000597845.1|WP_001544144.1,1,1,1,1,1,1,1,1,1,1,1
GCF_000597845.1|WP_001544152.1,1,1,1,1,1,1,1,1,1,1,1
GCF_000597845.1|WP_001544155.1,1,1,1,1,1,1,1,1,1,1,1
GCF_000597845.1|WP_001544198.1,1,1,1,1,1,1,1,1,1,1,1
GCF_000597845.1|WP_001544201.1,1,1,1,1,1,1,1,1,1,1,1
GCF_000597845.1|WP_001544240.1,1,1,1,1,1,1,1,1,1,1,1
GCF_000597845.1|WP_001544252.1,1,1,1,1,1,1,1,1,1,1,1
GCF_000597845.1|WP_001544260.1,1,1,1,1,1,1,1,1,1,1,1
GCF_000597845.1|WP_001544261.1,1,1,1,1,1,1,1,1,1,1,1
GCF_000597845.1|WP_001544262.1,1,1,1,1,1,1,1,1,1,1,1
GCF_000597845.1|WP_001544297.1,1,1,1,1,1,1,1,1,1,1,1
GCF_000597845.1|WP_001548452.1,1,0,0,0,0,0,0,0,0,0,0
GCF_000597845.1|WP_001548453.1,1,0,0,0,0,0,0,0,0,0,0
GCF_000597845.1|WP_001568478.1,1,1,1,1,1,1,1,1,1,1,1
GCF_000597845.1|WP_001568488.1,1,1,1,1,1,1,1,1,1,1,1
GCF_000597845.1|WP_001568489.1,1,1,1,1,1,1,1,1,1,1,1
GCF_000597845.1|WP_001568495.1,1,1,1,1,1,1,1,1,1,1,1
GCF_000597845.1|WP_001581832.1,1,1,1,1,0,0,1,1,1,1,1
GCF_000597845.1|WP_001614242.1,1,1,1,1,1,1,1,1,1,1,1
GCF_000597845.1|WP_001700591.1,1,1,1,1,1,1,1,1,1,1,1
GCF_000597845.1|WP_001700733.1,1,1,1,1,1,1,1,1,1,1,1
GCF_000597845.1|WP_001741958.1,1,0,0,0,0,0,0,0,0,0,0
GCF_000597845.1|WP_001742602.1,1,1,1,1,1,1,1,1,1,1,1
GCF_000597845.1|WP_001749708.1,1,1,1,1,1,1,1,1,1,1,1
GCF_000597845.1|WP_001752545.1,1,1,1,1,1,1,1,1,1,1,1
GCF_000597845.1|WP_001774176.1,1,0,0,0,0,0,0,0,0,0,0
GCF_000597845.1|WP_001774943.1,1,1,1,1,1,1,1,1,1,1,0
GCF_000597845.1|WP_001774944.1,1,1,1,0,1,1,0,0,0,1,0
GCF_000597845.1|WP_002435181.1,1,0,0,0,0,0,0,0,0,0,0
GCF_000597845.1|WP_004015950.1,1,1,1,1,1,1,1,1,1,1,1
GCF_000597845.1|WP_004218030.1,1,0,0,0,0,0,0,0,0,0,0
GCF_000597845.1|WP_004884204.1,1,0,0,0,0,0,0,0,0,0,0
GCF_000597845.1|WP_010723106.1,1,1,1,1,1,1,1,1,1,1,1
GCF_000597845.1|WP_010723108.1,1,1,1,1,1,1,1,1,1,1,1
GCF_000597845.1|WP_010723109.1,1,1,1,1,1,1,1,1,1,1,1
GCF_000597845.1|WP_010723117.1,1,1,1,1,1,1,1,1,1,1,1
GCF_000597845.1|WP_010723222.1,1,1,1,1,1,1,1,1,1,1,1
GCF_000597845.1|WP_010723259.1,1,1,1,1,1,1,1,1,1,1,1
GCF_000597845.1|WP_010723271.1,1,1,1,1,1,1,1,1,1,1,1
GCF_000597845.1|WP_012304915.1,1,1,1,1,1,1,1,1,1,1,1
GCF_000597845.1|WP_012542609.1,1,0,0,0,0,0,0,0,0,0,0
GCF_000597845.1|WP_012967586.1,1,1,1,1,1,1,1,1,1,1,1
GCF_000597845.1|WP_013023899.1,1,0,0,0,0,0,0,0,0,0,0
GCF_000597845.1|WP_015980176.1,1,0,0,0,0,0,0,0,0,0,0
GCF_000597845.1|WP_016244976.1,1,0,0,0,0,0,0,0,0,0,0
GCF_000597845.1|WP_016529276.1,1,0,0,0,0,0,0,0,0,0,0
GCF_000597845.1|WP_017898838.1,1,0,0,0,0,0,0,0,0,0,0
GCF_000597845.1|WP_019704100.1,1,0,0,0,0,0,0,0,0,0,0
GCF_000597845.1|WP_019725100.1,1,0,0,0,0,0,0,0,0,0,0
GCF_000597845.1|WP_020239130.1,1,1,1,1,1,1,1,1,1,1,1
GCF_000597845.1|WP_020239133.1,1,1,1,1,0,0,0,1,1,1,1
GCF_000597845.1|WP_020239144.1,1,1,1,1,1,1,1,1,1,1,1
GCF_000597845.1|WP_020239177.1,1,1,1,1,1,1,1,1,1,1,1
GCF_000597845.1|WP_020239219.1,1,1,1,1,0,0,1,1,1,1,1
GCF_000597845.1|WP_020239227.1,1,1,1,1,1,1,1,1,1,1,1
GCF_000597845.1|WP_020239228.1,1,1,1,1,1,1,1,1,1,1,1
GCF_000597845.1|WP_020239246.1,1,1,1,1,1,1,1,1,1,1,1
GCF_000597845.1|WP_020239330.1,1,1,1,1,1,1,1,1,1,1,1
GCF_000597845.1|WP_020239389.1,1,1,1,1,0,0,1,1,1,1,1
GCF_000597845.1|WP_020239399.1,1,1,1,1,1,1,1,1,1,1,1
GCF_000597845.1|WP_020239431.1,1,1,1,1,1,1,1,1,1,1,1
GCF_000597845.1|WP_020239433.1,1,1,1,1,1,1,1,1,1,1,1
GCF_000597845.1|WP_020239441.1,1,1,1,1,1,1,1,1,1,1,1
GCF_000597845.1|WP_020239476.1,1,1,1,1,1,1,1,1,1,1,1
GCF_000597845.1|WP_020239587.1,1,1,1,1,1,1,1,1,1,1,1
GCF_000597845.1|WP_020239599.1,1,1,1,1,1,1,1,1,1,1,1
GCF_000597845.1|WP_020239618.1,1,1,1,1,1,1,1,1,1,1,1
GCF_000597845.1|WP_020239631.1,1,1,1,1,1,1,1,1,1,1,1
GCF_000597845.1|WP_020239645.1,1,1,1,1,1,1,1,1,1,1,1
GCF_000597845.1|WP_020239725.1,1,1,1,1,1,1,1,1,1,1,1
GCF_000597845.1|WP_020239726.1,1,1,1,1,1,1,1,1,1,1,1
GCF_000597845.1|WP_020239735.1,1,1,1,1,1,1,1,1,1,1,1
GCF_000597845.1|WP_020239776.1,1,1,1,1,1,1,1,1,1,1,1
GCF_000597845.1|WP_020239792.1,1,1,1,1,1,1,1,1,1,1,1
GCF_000597845.1|WP_020239891.1,1,1,1,1,1,1,1,1,1,1,1
GCF_000597845.1|WP_020239916.1,1,1,1,1,1,1,1,1,1,1,1
GCF_000597845.1|WP_021312714.1,1,0,0,0,0,0,0,0,0,0,0
GCF_000597845.1|WP_021518661.1,1,0,0,0,0,0,0,0,0,0,0
GCF_000597845.1|WP_021518663.1,1,0,0,0,0,0,0,0,0,0,0
GCF_000597845.1|WP_021518664.1,1,0,0,0,0,0,0,0,0,0,0
GCF_000597845.1|WP_021518667.1,1,0,0,0,0,0,0,0,0,0,0
GCF_000597845.1|WP_021518669.1,1,0,0,0,0,0,0,0,0,0,0
GCF_000597845.1|WP_021536850.1,1,0,0,0,0,0,0,0,0,0,0
GCF_000597845.1|WP_021536851.1,1,0,0,0,0,0,0,0,0,0,0
GCF_000597845.1|WP_021570030.1,1,1,1,1,1,1,0,1,1,1,1
GCF_000597845.1|WP_021570087.1,1,1,1,1,1,1,1,1,0,1,1
GCF_000597845.1|WP_021570097.1,1,1,1,1,1,1,1,1,1,1,1
GCF_000597845.1|WP_021570101.1,1,1,1,1,1,1,1,1,1,1,1
GCF_000597845.1|WP_021570128.1,1,1,1,1,0,0,1,1,1,1,1
GCF_000597845.1|WP_021570180.1,1,1,0,0,1,1,1,1,1,0,1
GCF_000597845.1|WP_021570231.1,1,1,1,1,1,1,1,1,1,1,1
GCF_000597845.1|WP_021570277.1,1,1,1,1,1,1,1,1,1,1,1
GCF_000597845.1|WP_021570286.1,1,1,1,1,1,0,1,1,1,1,1
GCF_000597845.1|WP_021571900.1,1,0,0,0,0,0,0,0,0,0,0
GCF_000597845.1|WP_021571902.1,1,0,0,0,0,0,0,0,0,0,0
GCF_000597845.1|WP_021571903.1,1,1,1,1,1,1,1,1,1,1,1
GCF_000597845.1|WP_021571916.1,1,0,0,0,0,0,0,0,0,0,0
GCF_000597845.1|WP_021578420.1,1,1,1,1,1,1,1,1,1,1,1
GCF_000597845.1|WP_024189843.1,1,1,1,1,1,1,1,1,1,1,1
GCF_000597845.1|WP_024192389.1,1,1,1,1,1,1,1,1,1,1,1
GCF_000597845.1|WP_024194469.1,1,1,1,1,0,0,0,0,0,1,1
GCF_000597845.1|WP_024194587.1,1,1,1,1,1,1,1,1,1,1,1
GCF_000597845.1|WP_024241202.1,1,1,1,1,1,1,0,0,0,1,1
GCF_000597845.1|WP_025269739.1,1,1,1,1,1,1,1,1,1,1,1
GCF_000597845.1|WP_025269742.1,1,1,1,1,1,1,1,1,1,1,1
GCF_000597845.1|WP_025269744.1,1,1,1,1,1,1,1,1,1,1,1
GCF_000597845.1|WP_025269752.1,1,1,1,1,1,1,1,1,1,1,1
GCF_000597845.1|WP_025269755.1,1,1,1,0,1,1,1,1,1,1,1
GCF_000597845.1|WP_025269760.1,1,0,0,0,0,0,0,0,0,0,0
GCF_000597845.1|WP_025269761.1,1,0,0,0,0,0,0,0,0,0,0
GCF_000597845.1|WP_025269762.1,1,0,0,0,0,0,0,0,0,0,0
GCF_000597845.1|WP_025269763.1,1,0,0,0,0,0,0,0,0,0,0
GCF_000597845.1|WP_025269764.1,1,0,0,0,0,0,0,0,0,0,0
GCF_000597845.1|WP_025269765.1,1,0,0,0,0,0,0,0,0,0,0
GCF_000597845.1|WP_025269766.1,1,0,0,0,0,0,0,0,0,0,0
GCF_000597845.1|WP_025269767.1,1,0,0,0,0,0,0,0,0,0,0
GCF_000597845.1|WP_025269768.1,1,0,0,0,0,0,0,0,0,0,0
GCF_000597845.1|WP_025269769.1,1,0,0,0,0,0,0,0,0,0,0
GCF_000597845.1|WP_025269770.1,1,0,0,0,0,0,0,0,0,0,0
GCF_000597845.1|WP_025269771.1,1,0,0,0,0,0,0,0,0,0,0
GCF_000597845.1|WP_025269772.1,1,0,0,0,0,0,0,0,0,0,0
GCF_000597845.1|WP_025269776.1,1,0,0,0,0,0,0,0,0,0,1
GCF_000597845.1|WP_025269777.1,1,0,0,0,0,0,0,0,0,0,0
GCF_000597845.1|WP_025269778.1,1,0,0,0,0,0,0,0,0,0,0
GCF_000597845.1|WP_025269780.1,1,0,0,0,0,0,0,0,0,0,0
GCF_000597845.1|WP_025269781.1,1,0,0,0,0,0,0,0,0,0,0
GCF_000597845.1|WP_025269782.1,1,0,0,0,0,0,0,0,0,0,1
GCF_000597845.1|WP_025269783.1,1,0,0,0,0,0,0,0,0,0,0
GCF_000597845.1|WP_025269784.1,1,0,0,0,0,0,0,0,0,0,0
GCF_000597845.1|WP_025269785.1,1,0,0,0,0,0,0,0,0,0,0
GCF_000597845.1|WP_025269786.1,1,0,0,0,0,0,0,0,0,0,0
GCF_000597845.1|WP_025269788.1,1,0,0,0,0,1,0,0,0,0,0
GCF_000597845.1|WP_025269793.1,1,1,1,1,1,1,1,1,1,1,1
GCF_000597845.1|WP_025269794.1,1,0,1,1,0,0,1,1,1,1,1
GCF_000597845.1|WP_025269801.1,1,1,1,1,1,1,1,1,1,1,1
GCF_000597845.1|WP_025269803.1,1,1,1,1,1,1,0,0,1,1,1
GCF_000597845.1|WP_025269808.1,1,1,0,1,0,0,0,0,0,1,1
GCF_000597845.1|WP_025269809.1,1,0,0,0,0,0,0,0,0,0,0
GCF_000597845.1|WP_025269812.1,1,1,0,0,1,0,0,0,0,0,1
GCF_000597845.1|WP_025269815.1,1,0,0,1,0,0,0,0,0,0,1
GCF_000597845.1|WP_025269816.1,1,0,0,1,0,0,1,1,1,0,1
GCF_000597845.1|WP_025269825.1,1,1,1,1,1,1,1,1,1,1,1
GCF_000597845.1|WP_025269839.1,1,0,0,0,0,0,0,0,0,0,0
GCF_000597845.1|WP_025269842.1,1,1,0,0,0,0,0,0,0,1,0
GCF_000597845.1|WP_025269843.1,1,0,0,0,0,0,0,0,0,0,0
GCF_000597845.1|WP_025269844.1,1,0,0,1,0,0,1,1,1,0,1
GCF_000597845.1|WP_025269853.1,1,0,0,0,0,0,0,0,0,1,0
GCF_000597845.1|WP_025269855.1,1,0,0,0,0,0,0,0,0,0,0
GCF_000597845.1|WP_025269856.1,1,0,0,0,0,0,0,0,0,1,0
GCF_000597845.1|WP_025269858.1,1,0,0,0,0,0,0,0,0,0,0
GCF_000597845.1|WP_025269860.1,1,0,0,0,0,0,0,0,0,1,0
GCF_000597845.1|WP_025269861.1,1,0,0,0,0,0,0,0,0,0,0
GCF_000597845.1|WP_025269862.1,1,0,0,0,0,0,0,0,0,1,0
GCF_000597845.1|WP_025269870.1,1,1,1,1,1,1,1,1,1,1,1
GCF_000597845.1|WP_025269872.1,1,1,1,1,1,1,1,1,1,1,1
GCF_000597845.1|WP_025269874.1,1,1,1,1,1,1,1,1,1,1,1
GCF_000597845.1|WP_025269875.1,1,1,1,1,1,1,1,1,1,1,1
GCF_000597845.1|WP_025269881.1,1,1,1,1,1,1,1,1,1,1,1
GCF_000597845.1|WP_025269883.1,1,1,1,1,1,1,1,1,1,1,1
GCF_000597845.1|WP_025269886.1,1,1,1,1,1,1,1,1,1,1,1
GCF_000597845.1|WP_025269890.1,1,1,1,1,1,1,1,1,1,1,1
GCF_000597845.1|WP_025269902.1,1,1,1,1,1,1,1,1,1,1,1
GCF_000597845.1|WP_025269903.1,1,0,1,1,1,1,0,0,0,1,1
GCF_000597845.1|WP_025269906.1,1,1,1,1,1,1,1,1,1,1,1
GCF_000597845.1|WP_025269914.1,1,1,1,1,1,1,1,1,1,1,1
GCF_000597845.1|WP_025269917.1,1,1,1,1,1,1,1,1,1,1,1
GCF_000597845.1|WP_025269918.1,1,0,0,0,0,0,0,0,0,0,0
GCF_000597845.1|WP_025269924.1,1,1,1,1,1,1,1,1,1,1,1
GCF_000597845.1|WP_025269925.1,1,1,1,1,1,1,1,1,1,1,1
GCF_000597845.1|WP_025269926.1,1,1,1,1,1,1,1,1,1,1,1
GCF_000597845.1|WP_025269927.1,1,1,1,1,0,0,1,1,1,1,1
GCF_000597845.1|WP_025269932.1,1,1,1,1,1,1,1,1,1,1,1
GCF_000597845.1|WP_025269934.1,1,0,0,0,0,0,0,0,0,0,0
GCF_000597845.1|WP_025269936.1,1,0,0,0,0,0,0,0,0,0,0
GCF_000597845.1|WP_025269939.1,1,0,0,0,0,0,0,0,0,0,0
GCF_000597845.1|WP_025269941.1,1,0,0,0,0,0,0,0,0,0,1
GCF_000597845.1|WP_025269945.1,1,0,0,0,0,0,0,0,0,0,1
GCF_000597845.1|WP_025269946.1,1,0,0,0,0,0,0,0,0,0,1
GCF_000597845.1|WP_025269947.1,1,0,0,0,0,0,0,0,0,0,1
GCF_000597845.1|WP_025269948.1,1,0,0,0,0,0,0,0,0,0,1
GCF_000597845.1|WP_025269952.1,1,0,0,0,0,0,0,0,0,0,0
GCF_000597845.1|WP_025269954.1,1,0,0,0,0,0,0,0,0,0,1
GCF_000597845.1|WP_025269955.1,1,0,0,0,0,0,0,0,0,0,1
GCF_000597845.1|WP_025269956.1,1,0,0,0,0,0,0,0,0,0,1
GCF_000597845.1|WP_025269957.1,1,0,0,0,0,0,0,0,0,0,0
GCF_000597845.1|WP_025269958.1,1,0,0,0,0,0,0,0,0,0,1
GCF_000597845.1|WP_025269960.1,1,0,0,0,0,0,0,0,0,0,1
GCF_000597845.1|WP_025269962.1,1,0,0,0,0,0,0,0,0,0,0
GCF_000597845.1|WP_025269963.1,1,0,0,0,0,0,0,0,0,0,0
GCF_000597845.1|WP_025269964.1,1,0,0,0,0,0,0,0,0,0,0
GCF_000597845.1|WP_025269965.1,1,1,1,1,1,1,1,1,1,1,1
GCF_000597845.1|WP_025269966.1,1,0,0,0,0,0,0,0,0,0,0
GCF_000597845.1|WP_025269967.1,1,0,0,0,0,0,0,0,0,0,0
GCF_000597845.1|WP_025269972.1,1,0,0,1,0,0,0,0,0,0,0
GCF_000597845.1|WP_025269973.1,1,0,0,0,0,0,0,0,0,0,0
GCF_000597845.1|WP_025269975.1,1,0,0,0,0,0,0,0,0,0,0
GCF_000597845.1|WP_025269976.1,1,0,0,0,0,0,0,0,0,0,0
GCF_000597845.1|WP_025269979.1,1,0,0,0,0,0,0,0,0,0,0
GCF_000597845.1|WP_025269980.1,1,0,0,0,0,0,0,0,0,0,0
GCF_000597845.1|WP_025269982.1,1,0,0,0,0,0,0,0,0,0,0
GCF_000597845.1|WP_025269984.1,1,1,1,0,1,1,0,0,0,1,1
GCF_000597845.1|WP_025269985.1,1,1,1,1,1,1,1,1,1,1,1
GCF_000597845.1|WP_025269986.1,1,1,1,1,1,1,1,1,1,1,1
GCF_000597845.1|WP_025269998.1,1,0,0,0,0,0,0,0,0,0,0
GCF_000597845.1|WP_025270003.1,1,0,0,0,0,0,0,0,0,0,0
GCF_000597845.1|WP_025270004.1,1,0,0,0,0,0,0,0,0,0,0
GCF_000597845.1|WP_025270005.1,1,1,1,1,1,1,1,1,1,1,1
GCF_000597845.1|WP_025270006.1,1,1,1,1,1,1,1,1,1,1,1
GCF_000597845.1|WP_025270009.1,1,0,0,0,0,0,0,0,0,0,0
GCF_000597845.1|WP_025270013.1,1,1,1,1,1,1,1,1,1,1,1
GCF_000597845.1|WP_025270014.1,1,1,1,1,1,1,1,1,1,1,1
GCF_000597845.1|WP_025270021.1,1,0,0,0,0,0,0,0,0,0,0
GCF_000597845.1|WP_025270024.1,1,1,1,1,1,1,1,1,1,1,1
GCF_000597845.1|WP_025270033.1,1,1,1,1,1,1,1,1,1,1,1
GCF_000597845.1|WP_025270035.1,1,1,1,1,1,1,1,1,1,1,1
GCF_000597845.1|WP_025270044.1,1,1,1,1,1,1,1,1,1,1,1
GCF_000597845.1|WP_025270045.1,1,1,1,1,1,1,1,1,1,1,1
GCF_000597845.1|WP_025270047.1,1,1,1,1,1,1,1,1,1,1,1
GCF_000597845.1|WP_025270048.1,1,0,0,0,0,0,0,0,0,0,0
GCF_000597845.1|WP_025270054.1,1,1,1,1,1,1,1,1,1,1,1
GCF_000597845.1|WP_025270056.1,1,1,1,1,1,1,1,1,1,1,1
GCF_000597845.1|WP_025270057.1,1,1,1,1,1,1,1,1,1,1,1
GCF_000597845.1|WP_025270058.1,1,1,1,1,1,1,1,1,1,1,1
GCF_000597845.1|WP_025270059.1,1,1,1,1,1,1,1,1,1,1,1
GCF_000597845.1|WP_025297252.1,1,0,0,0,0,0,0,0,0,0,0
GCF_000597845.1|WP_032082692.1,1,1,1,1,1,1,1,1,1,1,1
GCF_000597845.1|WP_032144412.1,1,1,1,1,1,1,1,1,1,1,1
GCF_000597845.1|WP_038427594.1,1,0,1,0,1,1,0,0,0,1,1
GCF_000597845.1|WP_038427684.1,1,0,0,0,0,0,0,0,0,0,0
GCF_000597845.1|WP_038427836.1,1,0,0,0,1,0,0,0,0,0,1
GCF_000597845.1|WP_038427965.1,1,1,1,1,1,1,1,1,1,1,1
GCF_000597845.1|WP_042336691.1,1,0,0,0,0,0,0,0,0,0,0
GCF_000597845.1|WP_061583830.1,1,0,0,0,0,0,0,0,0,0,0
GCF_000597845.1|WP_071524879.1,1,1,1,1,1,1,1,1,1,1,1
GCF_000597845.1|WP_071579736.1,1,0,1,1,0,0,0,0,0,0,0
GCF_000597845.1|WP_071586153.1,1,1,1,1,1,1,1,1,1,1,1
GCF_000597845.1|WP_071593928.1,1,1,1,1,1,1,1,1,1,1,1
GCF_000597845.1|WP_071781657.1,1,0,0,0,0,0,0,0,0,0,0
GCF_000597845.1|WP_071826091.1,1,0,0,0,0,0,0,0,0,0,0
GCF_000597845.1|WP_071826094.1,1,1,1,1,1,1,1,1,0,1,1
GCF_000597845.1|WP_072094247.1,1,1,1,1,1,1,1,1,1,1,1
GCF_000597845.1|WP_072291925.1,1,1,1,1,1,1,1,1,1,1,1
GCF_000597845.1|WP_072291935.1,1,1,1,1,1,1,1,1,1,1,1
GCF_000597845.1|WP_077251771.1,1,1,1,1,1,1,1,1,1,1,1
GCF_000597845.1|WP_077698519.1,1,1,1,1,1,1,1,1,1,1,1
GCF_000597845.1|WP_085947771.1,1,0,1,1,1,1,1,1,1,0,1
GCF_000597845.1|WP_088895425.1,1,0,0,1,0,0,1,1,1,0,1
GCF_000597845.1|WP_094096600.1,1,0,0,0,1,1,1,1,1,0,1
GCF_000597845.1|WP_100249771.1,1,1,0,0,1,1,0,0,0,0,0
GCF_000597845.1|WP_100249772.1,1,1,1,1,1,1,1,1,1,1,1
GCF_000597845.1|WP_120795372.1,1,1,1,1,1,1,1,1,1,1,1
GCF_000597845.1|WP_120795373.1,1,1,1,1,1,1,1,1,1,1,1
GCF_000597845.1|WP_120795379.1,1,1,1,1,1,1,1,1,1,1,1
GCF_000597845.1|WP_120795380.1,1,1,1,1,1,1,1,1,1,1,1
GCF_000597845.1|WP_120795382.1,1,1,1,1,1,1,1,1,1,1,1
GCF_000597845.1|WP_120795384.1,1,1,1,1,1,1,1,1,1,1,0
GCF_000597845.1|WP_120795389.1,1,0,0,0,0,0,1,1,1,0,0
GCF_000597845.1|WP_120795390.1,1,1,1,1,1,1,1,1,1,1,1
GCF_000597845.1|WP_120795392.1,1,1,1,1,1,1,1,1,1,1,1
GCF_000597845.1|WP_120795393.1,1,1,1,1,1,1,1,1,1,1,1
GCF_000597845.1|WP_122056850.1,1,1,1,1,1,1,1,1,1,1,1
GCF_000597845.1|WP_122985823.1,1,1,1,1,1,1,1,1,1,1,1
GCF_000597845.1|WP_122998581.1,1,0,0,0,0,0,0,0,0,0,0
GCF_000597845.1|WP_123059036.1,1,0,1,1,0,0,1,1,1,1,1
GCF_000597845.1|WP_140414703.1,1,0,0,0,0,0,0,0,0,0,0
GCF_000597845.1|WP_161953880.1,1,0,0,0,0,0,0,0,0,0,0
GCF_000597845.1|WP_164686900.1,1,0,0,0,0,0,0,0,0,0,0
GCF_000597845.1|WP_211180485.1,1,1,1,1,1,1,1,1,1,1,1
GCF_000597845.1|WP_211180490.1,1,1,1,1,1,1,1,1,1,1,1
GCF_000597845.1|WP_211180492.1,1,1,1,1,1,1,1,1,1,1,1
GCF_000597845.1|WP_211180494.1,1,1,1,1,1,1,1,1,0,1,1
GCF_000597845.1|WP_211180496.1,1,1,1,1,1,1,1,1,1,1,1
GCF_000597845.1|WP_211180497.1,1,0,0,0,0,0,1,1,1,0,0
GCF_000597845.1|WP_211180499.1,1,0,1,1,1,1,1,1,1,1,1
GCF_000597845.1|WP_211180506.1,1,1,1,1,1,1,1,1,1,1,1
GCF_000597845.1|WP_211180508.1,1,1,1,1,1,1,1,1,1,1,1
GCF_000597845.1|WP_211180519.1,1,1,1,1,1,1,1,1,1,1,1
GCF_000597845.1|WP_211180520.1,1,1,1,1,1,1,1,1,1,1,1
GCF_000597845.1|WP_211180521.1,1,1,1,1,1,1,1,1,1,1,1
GCF_000597845.1|WP_211180522.1,1,0,0,1,1,1,1,1,1,0,1
GCF_000597845.1|WP_212591405.1,1,1,1,1,1,1,1,1,1,1,1
GCF_000597845.1|WP_225104008.1,1,0,0,0,0,0,0,0,0,0,0
GCF_000597845.1|WP_225376421.1,1,0,0,0,0,0,0,0,0,0,0
GCF_000597845.1|WP_240806354.1,1,1,1,1,1,1,1,1,1,1,1
GCF_000597845.1|WP_240811045.1,1,0,1,1,1,1,0,1,1,0,0
GCF_000597845.1|WP_244437905.1,1,0,0,0,0,0,0,0,0,0,0
GCF_000597845.1|WP_244437906.1,1,0,0,0,0,0,0,0,0,0,0
GCF_000597845.1|WP_244437916.1,1,0,0,0,0,0,0,0,0,0,0
GCF_000597845.1|WP_259652481.1,1,0,0,0,0,0,0,0,0,0,0
GCF_000597845.1|WP_276323152.1,1,0,0,0,0,0,0,0,0,0,0
GCF_000597845.1|WP_306174120.1,1,1,1,1,1,1,1,1,1,1,1
GCF_000597845.1|WP_306293294.1,1,0,0,0,0,0,0,0,0,0,0
GCF_000597845.1|WP_306293295.1,1,0,0,0,0,0,0,0,0,0,0
GCF_000599665.1|WP_000002800.1,0,1,0,0,0,0,0,0,0,0,0
GCF_000599665.1|WP_000003129.1,1,1,1,1,1,1,0,1,1,1,1
GCF_000599665.1|WP_000013749.1,1,1,1,1,1,1,1,1,1,1,1
GCF_000599665.1|WP_000015781.1,1,1,1,1,1,1,1,1,1,1,1
GCF_000599665.1|WP_000016656.1,0,1,0,0,0,0,0,0,0,0,0
GCF_000599665.1|WP_000020040.1,0,1,0,0,0,0,0,0,0,0,0
GCF_000599665.1|WP_000022311.1,0,1,0,0,0,0,0,0,0,0,0
GCF_000599665.1|WP_000024392.1,1,1,1,1,1,1,1,1,1,1,1
GCF_000599665.1|WP_000024951.1,1,1,1,1,1,1,1,1,1,1,1
GCF_000599665.1|WP_000029466.1,1,1,1,1,1,1,1,1,1,1,1
GCF_000599665.1|WP_000037390.1,0,1,1,1,0,0,0,0,0,1,0
GCF_000599665.1|WP_000038432.1,0,1,1,1,1,1,1,1,1,1,1
GCF_000599665.1|WP_000041756.1,0,1,0,0,0,0,0,0,0,0,0
GCF_000599665.1|WP_000042440.1,1,1,1,1,1,1,1,1,1,1,1
GCF_000599665.1|WP_000043458.1,1,1,1,1,1,1,1,1,1,1,1
GCF_000599665.1|WP_000043606.1,0,1,1,1,1,1,1,1,1,1,1
GCF_000599665.1|WP_000044711.1,0,1,1,1,1,1,1,1,1,1,1
GCF_000599665.1|WP_000046786.1,1,1,1,1,1,1,1,1,1,1,1
GCF_000599665.1|WP_000049367.1,1,1,1,1,1,1,1,1,1,1,1
GCF_000599665.1|WP_000051061.1,0,1,0,0,0,0,0,0,0,0,0
GCF_000599665.1|WP_000056488.1,1,1,1,1,1,1,1,1,1,1,1
GCF_000599665.1|WP_000059872.1,0,1,0,0,0,0,0,0,0,0,0
GCF_000599665.1|WP_000061477.1,0,1,0,0,0,0,0,0,0,0,0
GCF_000599665.1|WP_000062967.1,1,1,1,1,1,1,1,1,0,1,1
GCF_000599665.1|WP_000063172.1,1,1,1,1,0,0,1,1,1,1,1
GCF_000599665.1|WP_000063250.1,0,1,1,1,1,0,0,0,0,1,1
GCF_000599665.1|WP_000064873.1,0,1,0,0,0,0,0,0,0,1,0
GCF_000599665.1|WP_000067534.1,0,1,0,0,0,0,0,0,0,0,0
GCF_000599665.1|WP_000067950.1,0,1,1,1,0,0,1,1,1,1,1
GCF_000599665.1|WP_000079604.1,0,1,0,0,1,1,1,1,0,1,0
GCF_000599665.1|WP_000080093.1,1,1,1,1,1,1,1,1,1,1,1
GCF_000599665.1|WP_000084590.1,1,1,1,1,1,1,1,1,1,1,1
GCF_000599665.1|WP_000088867.1,0,1,0,0,0,0,0,0,0,0,0
GCF_000599665.1|WP_000089447.1,0,1,0,0,0,0,0,0,0,1,1
GCF_000599665.1|WP_000091466.1,1,1,1,1,1,1,1,1,1,1,1
GCF_000599665.1|WP_000096174.1,0,1,0,0,0,0,0,0,0,0,0
GCF_000599665.1|WP_000096478.1,1,1,1,1,1,1,1,1,1,1,1
GCF_000599665.1|WP_000100847.1,0,1,1,0,1,0,0,0,0,1,1
GCF_000599665.1|WP_000103213.1,0,1,1,1,0,0,0,0,0,1,1
GCF_000599665.1|WP_000103994.1,0,1,1,1,0,0,1,1,1,1,1
GCF_000599665.1|WP_000104482.1,0,1,0,0,0,0,0,0,0,0,0
GCF_000599665.1|WP_000107690.1,0,1,0,0,0,0,0,0,0,0,0
GCF_000599665.1|WP_000107816.1,0,1,1,1,1,1,1,1,1,1,1
GCF_000599665.1|WP_000111814.1,1,1,1,1,1,1,1,1,1,1,1
GCF_000599665.1|WP_000121429.1,1,1,1,1,1,1,1,1,1,1,1
GCF_000599665.1|WP_000123123.1,0,1,0,0,0,0,0,0,0,0,0
GCF_000599665.1|WP_000124159.1,0,1,0,0,0,0,0,0,0,0,0
GCF_000599665.1|WP_000126788.1,0,1,0,0,0,0,0,0,0,1,1
GCF_000599665.1|WP_000128847.1,1,1,1,1,1,1,1,1,1,1,1
GCF_000599665.1|WP_000132937.1,0,1,0,0,0,0,0,0,0,0,0
GCF_000599665.1|WP_000133106.1,0,1,1,1,0,0,1,1,1,1,1
GCF_000599665.1|WP_000138556.1,0,1,0,0,0,0,0,0,0,0,0
GCF_000599665.1|WP_000144678.1,0,1,0,0,0,0,0,0,0,1,1
GCF_000599665.1|WP_000144858.1,1,1,1,1,0,0,1,1,1,1,1
GCF_000599665.1|WP_000147302.1,0,1,1,1,1,1,1,1,1,1,1
GCF_000599665.1|WP_000147893.1,0,1,1,0,1,0,0,0,0,1,0
GCF_000599665.1|WP_000148581.1,1,1,1,1,1,1,1,1,1,1,1
GCF_000599665.1|WP_000156573.1,1,1,1,1,1,1,1,1,1,1,1
GCF_000599665.1|WP_000168745.1,1,1,1,1,1,1,1,1,1,1,1
GCF_000599665.1|WP_000170155.1,0,1,0,0,0,0,0,0,0,0,0
GCF_000599665.1|WP_000171616.1,1,1,1,1,1,1,1,1,1,1,1
GCF_000599665.1|WP_000176187.1,1,1,1,1,1,1,1,1,1,1,1
GCF_000599665.1|WP_000182337.1,0,1,0,0,0,0,0,0,0,0,0
GCF_000599665.1|WP_000183060.1,1,1,1,1,1,1,1,1,1,1,1
GCF_000599665.1|WP_000183130.1,0,1,1,1,1,1,1,1,1,1,1
GCF_000599665.1|WP_000186631.1,1,1,1,1,1,1,1,1,1,1,1
GCF_000599665.1|WP_000187358.1,0,1,1,1,0,0,1,1,1,1,1
GCF_000599665.1|WP_000188870.1,0,1,1,0,1,1,0,0,0,1,1
GCF_000599665.1|WP_000191372.1,1,1,1,1,1,1,1,1,1,1,1
GCF_000599665.1|WP_000191701.1,1,1,1,1,1,1,1,1,1,1,1
GCF_000599665.1|WP_000197506.1,0,1,0,0,0,0,0,0,0,0,0
GCF_000599665.1|WP_000198203.1,1,1,1,1,1,1,1,1,1,1,1
GCF_000599665.1|WP_000202113.1,0,1,0,0,0,0,0,0,0,0,0
GCF_000599665.1|WP_000207556.1,1,1,1,1,1,1,0,1,1,1,1
GCF_000599665.1|WP_000209797.1,0,1,0,0,0,0,0,0,0,0,0
GCF_000599665.1|WP_000212025.1,0,1,0,0,0,0,0,0,0,0,0
GCF_000599665.1|WP_000213294.1,1,1,1,1,0,0,1,1,1,1,1
GCF_000599665.1|WP_000217670.1,0,1,0,0,0,0,0,0,0,0,0
GCF_000599665.1|WP_000224043.1,0,1,0,0,0,0,0,0,0,0,0
GCF_000599665.1|WP_000224916.1,1,1,1,0,1,1,0,1,1,1,0
GCF_000599665.1|WP_000233576.1,0,1,1,0,0,0,0,0,0,1,0
GCF_000599665.1|WP_000234830.1,0,1,0,0,0,0,0,0,0,0,0
GCF_000599665.1|WP_000236740.1,0,1,0,0,0,0,0,0,0,0,0
GCF_000599665.1|WP_000239189.1,1,1,1,1,1,1,1,1,1,1,1
GCF_000599665.1|WP_000249366.1,1,1,1,1,1,1,1,1,1,1,1
GCF_000599665.1|WP_000250671.1,1,1,1,1,1,1,1,1,1,1,1
GCF_000599665.1|WP_000260286.1,0,1,0,0,0,0,0,0,0,0,0
GCF_000599665.1|WP_000270375.1,0,1,1,1,1,1,1,1,1,1,1
GCF_000599665.1|WP_000274636.1,1,1,1,1,1,1,1,1,1,1,1
GCF_000599665.1|WP_000301062.1,0,1,0,0,0,0,0,0,0,0,0
GCF_000599665.1|WP_000301065.1,0,1,0,0,0,0,0,0,0,0,0
GCF_000599665.1|WP_000336812.1,0,1,0,0,0,0,0,0,0,0,0
GCF_000599665.1|WP_000337066.1,1,1,1,1,1,1,1,1,1,1,1
GCF_000599665.1|WP_000338242.1,1,1,1,1,0,0,1,1,1,1,1
GCF_000599665.1|WP_000355601.1,0,1,0,0,1,1,0,0,0,0,0
GCF_000599665.1|WP_000362388.1,1,1,1,1,1,1,1,1,1,1,1
GCF_000599665.1|WP_000365574.1,1,1,1,1,0,0,1,1,1,1,1
GCF_000599665.1|WP_000365809.1,0,1,0,0,0,0,0,0,0,0,0
GCF_000599665.1|WP_000369322.1,0,1,0,0,0,0,0,0,0,0,0
GCF_000599665.1|WP_000383469.1,1,1,1,1,1,1,1,1,1,1,1
GCF_000599665.1|WP_000394263.1,0,1,1,0,0,0,1,1,1,1,0
GCF_000599665.1|WP_000396050.1,1,1,1,1,1,1,1,1,1,1,1
GCF_000599665.1|WP_000404121.1,0,1,0,0,0,0,0,0,0,0,0
GCF_000599665.1|WP_000406391.1,1,1,1,1,1,1,1,1,1,1,1
GCF_000599665.1|WP_000417803.1,1,1,1,1,1,1,1,1,1,1,1
GCF_000599665.1|WP_000446007.1,1,1,1,1,1,1,1,1,1,1,1
GCF_000599665.1|WP_000451229.1,1,1,1,1,1,1,1,1,1,1,1
GCF_000599665.1|WP_000459294.1,0,1,1,0,0,0,0,0,0,0,0
GCF_000599665.1|WP_000460707.1,1,1,1,1,1,1,1,1,1,1,1
GCF_000599665.1|WP_000473128.1,1,1,1,1,1,1,1,1,1,1,1
GCF_000599665.1|WP_000474077.1,1,1,1,1,1,1,0,1,1,1,1
GCF_000599665.1|WP_000479193.1,0,1,1,1,1,0,0,0,0,1,1
GCF_000599665.1|WP_000484111.1,0,1,0,0,0,0,0,0,0,0,0
GCF_000599665.1|WP_000488407.1,0,1,1,0,1,1,0,0,0,1,0
GCF_000599665.1|WP_000494465.1,0,1,0,0,0,0,0,0,0,0,0
GCF_000599665.1|WP_000499746.1,0,1,0,0,0,0,0,0,0,0,0
GCF_000599665.1|WP_000502112.1,0,1,0,0,0,0,0,0,0,0,0
GCF_000599665.1|WP_000511502.1,0,1,0,0,0,0,0,0,0,0,0
GCF_000599665.1|WP_000523980.1,0,1,0,0,0,0,0,0,0,0,0
GCF_000599665.1|WP_000524260.1,0,1,0,0,0,0,0,0,0,1,1
GCF_000599665.1|WP_000529285.1,1,1,1,1,1,1,1,1,1,1,1
GCF_000599665.1|WP_000535202.1,0,1,0,0,0,0,0,0,0,0,0
GCF_000599665.1|WP_000535960.1,1,1,1,1,1,1,1,1,1,1,1
GCF_000599665.1|WP_000540946.1,1,1,1,1,1,1,1,1,1,1,1
GCF_000599665.1|WP_000542385.1,0,1,0,0,0,0,0,0,0,0,0
GCF_000599665.1|WP_000543916.1,1,1,1,0,1,1,0,0,0,1,0
GCF_000599665.1|WP_000548273.1,0,1,0,0,0,0,0,0,0,0,0
GCF_000599665.1|WP_000550422.1,1,1,1,1,1,1,1,1,1,1,1
GCF_000599665.1|WP_000551807.1,1,1,1,1,1,1,1,1,1,1,1
GCF_000599665.1|WP_000554146.1,0,1,1,1,1,1,1,1,1,1,1
GCF_000599665.1|WP_000560223.1,0,1,0,0,1,1,1,1,1,1,0
GCF_000599665.1|WP_000566150.1,1,1,0,0,1,1,0,0,0,0,0
GCF_000599665.1|WP_000576690.1,1,1,1,1,1,1,1,1,1,1,1
GCF_000599665.1|WP_000576818.1,0,1,0,0,0,0,0,0,0,0,0
GCF_000599665.1|WP_000580275.1,0,1,1,1,1,1,1,1,1,1,1
GCF_000599665.1|WP_000580417.1,1,1,1,1,1,1,1,1,1,1,1
GCF_000599665.1|WP_000580776.1,0,1,0,0,0,0,0,0,0,0,0
GCF_000599665.1|WP_000582429.1,1,1,1,1,1,1,1,1,1,1,1
GCF_000599665.1|WP_000587189.1,1,1,1,1,1,1,1,1,1,1,1
GCF_000599665.1|WP_000587586.1,1,1,1,1,1,1,1,1,1,1,1
GCF_000599665.1|WP_000589326.1,1,1,1,1,1,1,1,1,1,1,1
GCF_000599665.1|WP_000594599.1,1,1,1,1,1,1,1,1,1,1,1
GCF_000599665.1|WP_000600725.1,1,1,1,1,1,1,1,1,1,1,1
GCF_000599665.1|WP_000611288.1,1,1,1,1,1,1,1,1,1,1,1
GCF_000599665.1|WP_000611666.1,0,1,0,0,0,0,0,0,0,0,0
GCF_000599665.1|WP_000611932.1,0,1,1,0,1,1,1,1,1,1,0
GCF_000599665.1|WP_000613115.1,0,1,0,0,0,0,0,0,0,0,0
GCF_000599665.1|WP_000616241.1,1,1,1,1,1,1,0,0,1,1,1
GCF_000599665.1|WP_000617470.1,1,1,1,1,1,1,1,1,1,1,1
GCF_000599665.1|WP_000620503.1,1,1,1,1,1,1,1,1,1,1,1
GCF_000599665.1|WP_000631274.1,1,1,1,1,1,1,1,1,1,1,1
GCF_000599665.1|WP_000633082.1,0,1,1,1,1,1,1,1,1,1,1
GCF_000599665.1|WP_000634214.1,0,1,0,0,0,0,0,0,0,1,1
GCF_000599665.1|WP_000636571.1,1,1,1,1,1,1,1,1,1,1,1
GCF_000599665.1|WP_000638628.1,0,1,1,0,0,0,0,0,0,0,0
GCF_000599665.1|WP_000640161.1,0,1,1,0,0,0,0,0,0,1,1
GCF_000599665.1|WP_000646014.1,1,1,1,1,1,1,1,1,1,1,1
GCF_000599665.1|WP_000650337.1,1,1,1,1,1,1,1,1,1,1,1
GCF_000599665.1|WP_000654487.1,0,1,1,1,1,1,1,1,1,1,1
GCF_000599665.1|WP_000660217.1,0,1,0,0,0,0,0,0,0,0,0
GCF_000599665.1|WP_000660977.1,0,1,0,0,0,0,0,0,0,0,0
GCF_000599665.1|WP_000678446.1,1,1,1,1,1,1,1,1,1,1,1
GCF_000599665.1|WP_000679814.1,1,1,1,1,1,1,1,1,1,1,1
GCF_000599665.1|WP_000684845.1,0,1,0,0,0,0,0,0,0,0,0
GCF_000599665.1|WP_000691857.1,0,1,0,0,0,0,0,0,0,0,0
GCF_000599665.1|WP_000694679.1,0,1,0,0,0,0,0,0,0,0,0
GCF_000599665.1|WP_000702901.1,1,1,1,1,1,1,1,1,1,1,1
GCF_000599665.1|WP_000722571.1,1,1,1,1,1,1,1,1,1,1,1
GCF_000599665.1|WP_000736024.1,1,1,1,1,1,1,1,1,1,1,1
GCF_000599665.1|WP_000743193.1,1,1,1,1,1,1,1,1,1,1,1
GCF_000599665.1|WP_000750418.1,1,1,1,1,1,1,1,1,1,1,1
GCF_000599665.1|WP_000759930.1,0,1,0,0,0,0,0,0,0,0,0
GCF_000599665.1|WP_000769435.1,0,1,0,0,0,0,0,0,0,0,0
GCF_000599665.1|WP_000770042.1,0,1,0,0,0,0,0,0,0,1,1
GCF_000599665.1|WP_000772928.1,1,1,1,1,1,1,1,1,1,1,1
GCF_000599665.1|WP_000774178.1,1,1,1,1,1,1,1,1,1,1,1
GCF_000599665.1|WP_000781176.1,0,1,0,0,0,0,0,0,0,0,0
GCF_000599665.1|WP_000783658.1,0,1,1,0,0,0,0,0,0,0,0
GCF_000599665.1|WP_000784821.1,0,1,1,1,1,1,1,1,1,1,1
GCF_000599665.1|WP_000785282.1,0,1,1,1,1,0,0,0,0,1,1
GCF_000599665.1|WP_000785988.1,1,1,1,1,0,0,1,1,1,1,1
GCF_000599665.1|WP_000787103.1,0,1,1,0,1,1,1,1,1,1,1
GCF_000599665.1|WP_000790504.1,1,1,1,1,0,0,1,1,1,1,1
GCF_000599665.1|WP_000795532.1,1,1,1,1,1,1,1,1,1,1,1
GCF_000599665.1|WP_000796455.1,1,1,1,1,1,1,1,1,1,1,1
GCF_000599665.1|WP_000804518.1,0,1,0,0,0,0,0,0,0,0,0
GCF_000599665.1|WP_000806411.1,1,1,1,1,1,1,1,1,1,1,1
GCF_000599665.1|WP_000806622.1,0,1,0,0,0,0,0,0,0,0,0
GCF_000599665.1|WP_000807584.1,0,1,1,1,0,0,1,1,1,1,1
GCF_000599665.1|WP_000809263.1,1,1,1,1,1,1,1,1,1,1,1
GCF_000599665.1|WP_000811566.1,1,1,1,1,1,1,1,1,1,1,1
GCF_000599665.1|WP_000813794.1,0,1,1,1,1,1,1,1,1,1,1
GCF_000599665.1|WP_000823288.1,0,1,1,1,1,1,1,1,1,1,0
GCF_000599665.1|WP_000825994.1,1,1,1,1,1,1,1,1,1,1,1
GCF_000599665.1|WP_000828222.1,1,1,1,1,1,1,1,1,1,1,1
GCF_000599665.1|WP_000833473.1,0,1,0,0,0,0,0,0,0,0,0
GCF_000599665.1|WP_000833494.1,0,1,1,1,1,1,1,1,1,1,1
GCF_000599665.1|WP_000840931.1,0,1,0,0,0,0,0,0,0,0,0
GCF_000599665.1|WP_000844800.1,1,1,1,1,0,0,1,1,1,1,1
GCF_000599665.1|WP_000844861.1,1,1,1,1,1,1,1,1,1,1,1
GCF_000599665.1|WP_000847345.1,0,1,1,1,1,0,0,0,0,1,1
GCF_000599665.1|WP_000848790.1,0,1,0,0,0,0,0,0,0,0,0
GCF_000599665.1|WP_000854453.1,1,1,1,1,1,1,1,1,1,1,1
GCF_000599665.1|WP_000858557.1,1,1,1,1,1,1,1,1,1,1,1
GCF_000599665.1|WP_000860030.1,1,1,1,1,1,1,1,1,1,1,1
GCF_000599665.1|WP_000860192.1,1,1,1,1,1,1,1,1,1,1,1
GCF_000599665.1|WP_000861664.1,0,1,0,0,0,0,0,0,0,0,0
GCF_000599665.1|WP_000861734.1,1,1,1,1,1,1,1,1,1,1,1
GCF_000599665.1|WP_000862683.1,0,1,1,1,1,1,1,1,1,1,1
GCF_000599665.1|WP_000874156.1,0,1,0,0,0,0,0,0,0,0,0
GCF_000599665.1|WP_000878883.1,1,1,1,1,1,1,1,1,1,1,1
GCF_000599665.1|WP_000884635.1,1,1,1,1,1,1,1,1,1,1,1
GCF_000599665.1|WP_000884972.1,1,1,1,1,1,1,1,1,1,1,1
GCF_000599665.1|WP_000887629.1,1,1,1,1,1,1,1,1,1,1,1
GCF_000599665.1|WP_000887652.1,0,1,0,0,0,0,0,0,0,0,0
GCF_000599665.1|WP_000888778.1,0,1,1,1,1,1,1,1,1,1,1
GCF_000599665.1|WP_000896806.1,0,1,0,0,0,0,0,0,0,0,0
GCF_000599665.1|WP_000897378.1,1,1,1,1,1,1,1,1,1,1,1
GCF_000599665.1|WP_000900641.1,0,1,0,0,0,0,0,0,0,0,0
GCF_000599665.1|WP_000904003.1,0,1,0,0,0,0,0,0,0,0,0
GCF_000599665.1|WP_000905920.1,0,1,0,0,1,1,0,0,0,0,0
GCF_000599665.1|WP_000907973.1,1,1,1,1,1,1,1,1,1,1,1
GCF_000599665.1|WP_000908084.1,0,1,0,0,0,0,0,0,0,1,1
GCF_000599665.1|WP_000918166.1,1,1,1,1,1,1,1,1,1,1,1
GCF_000599665.1|WP_000918487.1,0,1,0,0,0,0,0,0,0,1,1
GCF_000599665.1|WP_000943607.1,0,1,0,0,0,0,0,0,0,0,0
GCF_000599665.1|WP_000949109.1,1,1,1,1,0,0,1,1,1,1,1
GCF_000599665.1|WP_000949498.1,1,1,1,1,1,1,1,1,1,1,1
GCF_000599665.1|WP_000964718.1,1,1,1,1,1,1,1,1,1,1,1
GCF_000599665.1|WP_000973152.1,1,1,1,1,1,1,1,1,1,1,1
GCF_000599665.1|WP_000976472.1,1,1,1,1,1,1,1,1,1,1,1
GCF_000599665.1|WP_000983977.1,0,1,1,1,0,0,1,1,1,1,1
GCF_000599665.1|WP_000994309.1,1,1,1,1,1,1,1,1,1,1,1
GCF_000599665.1|WP_000998300.1,1,1,1,1,1,1,1,0,1,1,1
GCF_000599665.1|WP_001000377.1,1,1,1,1,1,1,1,1,1,1,1
GCF_000599665.1|WP_001000710.1,0,1,0,0,0,0,0,0,0,0,0
GCF_000599665.1|WP_001001643.1,0,1,0,0,0,0,0,0,0,0,0
GCF_000599665.1|WP_001004422.1,0,1,0,0,0,0,0,0,0,0,0
GCF_000599665.1|WP_001005162.1,0,1,0,0,0,0,0,0,0,0,0
GCF_000599665.1|WP_001005448.1,1,1,1,1,1,1,1,1,1,1,1
GCF_000599665.1|WP_001008234.1,0,1,0,0,1,1,1,1,1,1,1
GCF_000599665.1|WP_001014327.1,0,1,0,0,0,0,0,0,0,1,0
GCF_000599665.1|WP_001018496.1,1,1,1,1,1,1,1,1,1,1,1
GCF_000599665.1|WP_001023641.1,0,1,0,0,1,1,0,0,1,1,0
GCF_000599665.1|WP_001024876.1,1,1,1,1,1,1,1,1,1,1,1
GCF_000599665.1|WP_001029815.1,0,1,0,0,0,0,0,0,0,1,1
GCF_000599665.1|WP_001030484.1,0,1,1,1,0,0,0,0,0,1,0
GCF_000599665.1|WP_001031303.1,0,1,0,0,0,0,0,0,0,0,0
GCF_000599665.1|WP_001031530.1,1,1,1,1,1,1,1,1,1,1,1
GCF_000599665.1|WP_001036747.1,0,1,0,0,0,0,0,0,0,0,0
GCF_000599665.1|WP_001037394.1,1,1,1,1,1,1,1,1,1,1,1
GCF_000599665.1|WP_001038643.1,0,1,0,0,0,0,0,0,0,0,0
GCF_000599665.1|WP_001042105.1,0,1,1,1,0,0,0,0,0,1,0
GCF_000599665.1|WP_001043146.1,1,1,1,1,1,1,1,1,1,1,1
GCF_000599665.1|WP_001050672.1,1,1,1,1,1,1,1,1,1,1,1
GCF_000599665.1|WP_001052917.1,0,1,0,0,0,0,0,0,0,0,0
GCF_000599665.1|WP_001054342.1,0,1,1,0,1,1,0,1,1,1,0
GCF_000599665.1|WP_001056840.1,1,1,1,1,1,1,1,1,1,1,1
GCF_000599665.1|WP_001058802.1,0,1,1,1,1,1,1,1,1,1,1
GCF_000599665.1|WP_001077735.1,0,1,0,0,0,0,0,0,0,0,0
GCF_000599665.1|WP_001080149.1,0,1,0,0,0,0,0,0,0,0,0
GCF_000599665.1|WP_001081870.1,1,1,1,1,1,1,1,1,1,1,1
GCF_000599665.1|WP_001087296.1,1,1,1,1,1,1,1,1,1,1,1
GCF_000599665.1|WP_001100703.1,0,1,0,0,0,0,0,0,0,0,0
GCF_000599665.1|WP_001103586.1,1,1,1,1,1,1,1,1,1,1,1
GCF_000599665.1|WP_001105393.1,1,1,1,1,1,1,1,1,1,1,1
GCF_000599665.1|WP_001113717.1,0,1,0,0,0,0,0,0,0,0,0
GCF_000599665.1|WP_001113742.1,1,1,0,1,0,0,0,0,0,1,0
GCF_000599665.1|WP_001116587.1,1,1,1,1,1,1,1,1,1,1,1
GCF_000599665.1|WP_001135310.1,1,1,1,1,1,1,1,1,1,1,1
GCF_000599665.1|WP_001138434.1,0,1,0,0,0,0,0,0,0,0,0
GCF_000599665.1|WP_001139678.1,0,1,0,0,0,0,0,0,0,0,0
GCF_000599665.1|WP_001148908.1,1,1,1,1,1,1,1,1,1,1,1
GCF_000599665.1|WP_001154687.1,0,1,0,0,0,0,0,0,0,0,0
GCF_000599665.1|WP_001160804.1,0,1,0,1,0,0,0,0,0,0,1
GCF_000599665.1|WP_001163428.1,1,1,1,0,0,0,1,1,1,1,0
GCF_000599665.1|WP_001165936.1,0,1,0,0,0,0,0,0,0,0,0
GCF_000599665.1|WP_001166760.1,1,1,1,1,1,1,1,1,1,1,1
GCF_000599665.1|WP_001169151.1,0,1,1,1,1,1,1,1,1,1,1
GCF_000599665.1|WP_001172288.1,1,1,1,1,1,1,1,1,1,1,1
GCF_000599665.1|WP_001174963.1,1,1,1,1,1,1,1,1,1,1,1
GCF_000599665.1|WP_001175589.1,0,1,1,1,0,0,0,0,0,1,0
GCF_000599665.1|WP_001177864.1,0,1,0,0,0,0,0,0,0,0,0
GCF_000599665.1|WP_001182903.1,0,1,1,0,0,0,0,0,0,1,0
GCF_000599665.1|WP_001183198.1,1,1,1,1,1,1,1,1,1,1,1
GCF_000599665.1|WP_001183326.1,0,1,0,0,0,0,0,0,0,0,0
GCF_000599665.1|WP_001190712.1,1,1,0,0,0,0,0,0,0,0,0
GCF_000599665.1|WP_001195865.1,0,1,0,0,0,0,0,0,0,1,1
GCF_000599665.1|WP_001196460.1,1,1,1,1,1,1,1,1,1,1,1
GCF_000599665.1|WP_001198665.1,0,1,0,0,0,0,0,0,0,0,0
GCF_000599665.1|WP_001204037.1,0,1,0,0,0,0,0,0,0,1,1
GCF_000599665.1|WP_001204919.1,0,1,1,1,1,1,1,1,1,1,1
GCF_000599665.1|WP_001208077.1,0,1,1,1,0,0,0,0,0,1,0
GCF_000599665.1|WP_001209784.1,1,1,1,1,1,1,1,1,1,1,1
GCF_000599665.1|WP_001212222.1,1,1,1,1,0,0,1,1,1,1,1
GCF_000599665.1|WP_001213584.1,1,1,1,1,1,1,1,1,1,1,1
GCF_000599665.1|WP_001240398.1,1,1,1,1,1,1,1,1,1,1,1
GCF_000599665.1|WP_001240537.1,0,1,0,0,0,0,0,0,0,0,0
GCF_000599665.1|WP_001241878.1,1,1,1,1,1,1,1,1,1,1,1
GCF_000599665.1|WP_001255163.1,1,1,1,1,1,1,1,1,1,1,1
GCF_000599665.1|WP_001260323.1,1,1,1,1,1,1,1,1,1,1,1
GCF_000599665.1|WP_001269673.1,1,1,1,1,1,1,1,1,1,1,1
GCF_000599665.1|WP_001270286.1,1,1,1,1,1,1,1,1,1,1,1
GCF_000599665.1|WP_001272309.1,1,1,1,1,1,1,1,1,1,1,1
GCF_000599665.1|WP_001274824.1,0,1,1,1,0,0,1,1,1,0,1
GCF_000599665.1|WP_001277954.1,0,1,0,0,0,0,0,0,0,0,0
GCF_000599665.1|WP_001281116.1,0,1,0,0,0,0,0,0,0,0,0
GCF_000599665.1|WP_001282098.1,0,1,1,1,0,0,1,1,1,1,1
GCF_000599665.1|WP_001284719.1,0,1,0,0,0,0,0,0,0,0,0
GCF_000599665.1|WP_001285362.1,0,1,0,0,0,0,0,0,0,1,0
GCF_000599665.1|WP_001287361.1,0,1,0,0,0,0,0,0,0,0,0
GCF_000599665.1|WP_001288134.1,1,1,1,1,1,1,1,1,1,1,1
GCF_000599665.1|WP_001288368.1,0,1,1,1,1,1,1,1,1,1,1
GCF_000599665.1|WP_001290321.1,1,1,1,1,1,1,1,1,1,1,1
GCF_000599665.1|WP_001295347.1,1,1,1,1,1,1,1,1,1,1,1
GCF_000599665.1|WP_001295585.1,1,1,1,1,1,1,1,1,1,1,1
GCF_000599665.1|WP_001295641.1,0,1,1,1,0,0,1,1,1,1,1
GCF_000599665.1|WP_001296421.1,1,1,1,1,1,1,1,1,1,1,1
GCF_000599665.1|WP_001296581.1,1,1,1,1,1,1,1,1,1,1,1
GCF_000599665.1|WP_001297116.1,1,1,1,1,1,1,1,1,1,1,1
GCF_000599665.1|WP_001297374.1,0,1,1,1,1,1,1,1,1,1,1
GCF_000599665.1|WP_001297479.1,1,1,1,1,1,1,1,1,1,1,1
GCF_000599665.1|WP_001297704.1,0,1,1,1,0,0,1,1,1,1,1
GCF_000599665.1|WP_001298095.1,1,1,1,1,1,1,1,1,1,1,1
GCF_000599665.1|WP_001299090.1,1,1,1,1,1,1,1,1,1,0,1
GCF_000599665.1|WP_001299444.1,0,1,0,0,1,1,0,1,1,0,0
GCF_000599665.1|WP_001299447.1,1,1,1,1,1,1,0,1,1,1,1
GCF_000599665.1|WP_001303586.1,0,1,1,0,1,1,0,1,1,1,0
GCF_000599665.1|WP_001305627.1,1,1,1,1,1,1,1,1,1,1,1
GCF_000599665.1|WP_001305821.1,0,1,0,0,0,0,0,0,0,0,0
GCF_000599665.1|WP_001305965.1,0,1,0,0,1,1,0,0,0,0,0
GCF_000599665.1|WP_001305988.1,0,1,0,0,0,0,0,0,0,0,0
GCF_000599665.1|WP_001306384.1,0,1,0,0,0,0,0,0,0,0,0
GCF_000599665.1|WP_001306737.1,1,1,1,1,0,0,1,1,1,1,0
GCF_000599665.1|WP_001307651.1,1,1,1,0,1,1,0,1,1,1,1
GCF_000599665.1|WP_001308680.1,1,1,1,1,1,1,1,1,1,1,1
GCF_000599665.1|WP_001309280.1,1,1,1,1,1,1,1,1,1,1,1
GCF_000599665.1|WP_001309480.1,1,1,1,1,1,1,1,1,1,1,1
GCF_000599665.1|WP_001309545.1,0,1,0,1,1,1,1,1,1,0,1
GCF_000599665.1|WP_001312049.1,0,1,0,0,0,0,0,0,0,0,0
GCF_000599665.1|WP_001312284.1,1,1,1,1,1,1,1,1,1,1,1
GCF_000599665.1|WP_001312793.1,0,1,0,0,1,1,1,1,1,1,0
GCF_000599665.1|WP_001314460.1,0,1,0,0,0,0,0,0,0,0,0
GCF_000599665.1|WP_001315049.1,1,1,1,1,1,1,1,1,1,1,1
GCF_000599665.1|WP_001323172.1,0,1,1,1,1,1,1,1,1,1,1
GCF_000599665.1|WP_001326317.1,0,1,0,0,0,0,0,0,0,0,0
GCF_000599665.1|WP_001326849.1,0,1,0,0,0,0,0,0,0,0,0
GCF_000599665.1|WP_001327900.1,1,1,1,1,1,1,1,1,1,1,1
GCF_000599665.1|WP_001328192.1,0,1,0,0,0,0,0,0,0,0,0
GCF_000599665.1|WP_001328199.1,1,1,1,1,1,1,1,1,1,1,1
GCF_000599665.1|WP_001328910.1,1,1,1,1,1,1,1,1,1,1,1
GCF_000599665.1|WP_001338897.1,1,1,1,1,1,1,1,1,1,1,1
GCF_000599665.1|WP_001339231.1,0,1,0,0,0,0,0,0,0,0,0
GCF_000599665.1|WP_001344816.1,0,1,0,0,1,1,1,1,1,1,0
GCF_000599665.1|WP_001349921.1,0,1,1,1,1,0,0,0,0,1,1
GCF_000599665.1|WP_001352098.1,0,1,0,0,1,1,1,1,1,1,0
GCF_000599665.1|WP_001354966.1,1,1,1,1,1,1,1,1,1,1,1
GCF_000599665.1|WP_001357268.1,1,1,1,1,1,1,1,1,1,1,1
GCF_000599665.1|WP_001360974.1,0,1,1,1,1,1,0,0,0,1,0
GCF_000599665.1|WP_001361632.1,0,1,0,0,0,0,0,0,0,0,0
GCF_000599665.1|WP_001364824.1,1,1,1,1,1,1,1,1,1,1,1
GCF_000599665.1|WP_001365039.1,0,1,0,0,0,0,0,0,0,0,0
GCF_000599665.1|WP_001370340.1,0,1,0,0,0,0,0,0,0,0,0
GCF_000599665.1|WP_001376736.1,1,1,1,1,1,1,0,1,1,1,1
GCF_000599665.1|WP_001386991.1,1,1,1,1,1,1,1,1,1,1,1
GCF_000599665.1|WP_001387312.1,0,1,0,0,0,0,0,0,0,0,0
GCF_000599665.1|WP_001389735.1,0,1,0,0,0,0,0,0,0,0,0
GCF_000599665.1|WP_001396581.1,0,1,0,0,0,0,0,0,0,0,0
GCF_000599665.1|WP_001445370.1,0,1,0,0,0,0,0,0,0,0,0
GCF_000599665.1|WP_001445682.1,1,1,1,1,1,1,1,1,1,1,1
GCF_000599665.1|WP_001445779.1,1,1,1,1,1,1,1,1,1,1,1
GCF_000599665.1|WP_001469293.1,0,1,1,1,1,1,1,1,1,1,1
GCF_000599665.1|WP_001470211.1,0,1,0,0,0,0,0,0,0,0,0
GCF_000599665.1|WP_001513324.1,0,1,0,0,0,0,0,0,0,0,0
GCF_000599665.1|WP_001513538.1,0,1,0,0,0,0,0,0,0,0,0
GCF_000599665.1|WP_001521690.1,0,1,0,0,0,0,0,0,0,0,0
GCF_000599665.1|WP_001521714.1,0,1,0,0,0,0,0,0,0,0,0
GCF_000599665.1|WP_001521855.1,1,1,1,1,1,1,1,1,1,1,1
GCF_000599665.1|WP_001521869.1,0,1,0,0,0,0,0,0,0,0,0
GCF_000599665.1|WP_001521910.1,0,1,0,0,0,0,0,0,0,0,0
GCF_000599665.1|WP_001522501.1,0,1,0,0,0,0,0,0,0,0,0
GCF_000599665.1|WP_001530548.1,1,1,1,1,1,1,1,1,1,1,1
GCF_000599665.1|WP_001544317.1,0,1,0,0,1,1,0,0,0,0,0
GCF_000599665.1|WP_001550349.1,1,1,1,0,1,1,1,1,1,1,1
GCF_000599665.1|WP_001550361.1,1,1,1,1,1,1,1,1,1,1,1
GCF_000599665.1|WP_001550661.1,0,1,0,0,0,0,0,0,0,0,0
GCF_000599665.1|WP_001550750.1,0,1,0,0,0,0,0,0,0,0,0
GCF_000599665.1|WP_001551043.1,0,1,1,0,0,0,1,1,1,0,0
GCF_000599665.1|WP_001551044.1,0,1,1,0,0,0,1,1,1,0,0
GCF_000599665.1|WP_001551740.1,1,1,1,1,1,1,1,1,1,1,1
GCF_000599665.1|WP_001551801.1,1,1,1,1,1,1,1,1,1,1,1
GCF_000599665.1|WP_001558852.1,0,1,0,0,0,0,0,0,0,0,0
GCF_000599665.1|WP_001559743.1,0,1,0,0,0,0,0,0,0,0,0
GCF_000599665.1|WP_001577621.1,0,1,0,0,0,0,0,0,0,0,0
GCF_000599665.1|WP_001577623.1,0,1,0,0,0,0,0,0,0,0,0
GCF_000599665.1|WP_001577624.1,0,1,0,0,0,0,0,0,0,0,0
GCF_000599665.1|WP_001577625.1,0,1,0,0,0,0,0,0,0,0,0
GCF_000599665.1|WP_001577626.1,0,1,0,0,0,0,0,0,0,0,0
GCF_000599665.1|WP_001577627.1,0,1,0,0,0,0,0,0,0,0,0
GCF_000599665.1|WP_001577629.1,0,1,0,0,0,0,0,0,0,0,0
GCF_000599665.1|WP_001577630.1,0,1,0,0,0,0,0,0,0,0,0
GCF_000599665.1|WP_001577631.1,0,1,0,0,0,0,0,0,0,0,0
GCF_000599665.1|WP_001577632.1,0,1,0,0,0,0,0,0,0,0,0
GCF_000599665.1|WP_001577744.1,1,1,1,1,1,1,1,1,1,1,1
GCF_000599665.1|WP_001578001.1,0,1,0,0,0,0,0,0,0,0,0
GCF_000599665.1|WP_001578196.1,1,1,1,1,1,1,1,1,1,1,1
GCF_000599665.1|WP_001578325.1,1,1,1,1,1,1,1,1,1,1,1
GCF_000599665.1|WP_001578542.1,0,1,0,0,0,0,0,0,0,0,0
GCF_000599665.1|WP_001578612.1,1,1,1,1,1,1,1,1,1,1,1
GCF_000599665.1|WP_001578613.1,1,1,1,1,1,1,1,1,1,1,1
GCF_000599665.1|WP_001586827.1,0,1,0,0,0,0,0,0,0,0,0
GCF_000599665.1|WP_001587301.1,0,1,0,1,0,0,1,1,1,0,1
GCF_000599665.1|WP_001589605.1,0,1,0,0,0,0,0,0,0,0,0
GCF_000599665.1|WP_001589606.1,0,1,0,0,0,0,0,0,0,0,0
GCF_000599665.1|WP_001589927.1,1,1,1,1,1,1,1,1,1,1,1
GCF_000599665.1|WP_001590288.1,1,1,1,1,1,1,1,1,1,1,1
GCF_000599665.1|WP_001590410.1,0,1,0,0,0,0,0,0,0,0,0
GCF_000599665.1|WP_001590638.1,1,1,1,1,1,1,1,1,1,1,1
GCF_000599665.1|WP_001592860.1,0,1,0,0,0,0,0,0,0,0,0
GCF_000599665.1|WP_001599842.1,0,1,1,1,1,1,1,1,1,1,1
GCF_000599665.1|WP_001599845.1,1,1,1,1,1,1,1,1,1,1,1
GCF_000599665.1|WP_001600111.1,0,1,1,1,1,1,1,1,1,1,1
GCF_000599665.1|WP_001600636.1,1,1,1,1,1,1,1,1,1,1,1
GCF_000599665.1|WP_001600938.1,1,1,1,1,1,1,1,1,1,1,1
GCF_000599665.1|WP_001600939.1,1,1,1,1,1,1,1,1,1,1,1
GCF_000599665.1|WP_001605366.1,0,1,1,1,1,0,0,0,0,1,1
GCF_000599665.1|WP_001615627.1,0,1,0,0,0,0,0,0,0,0,0
GCF_000599665.1|WP_001672356.1,0,1,0,0,0,0,0,0,0,0,0
GCF_000599665.1|WP_012565075.1,0,1,0,0,0,0,1,1,1,1,1
GCF_000599665.1|WP_012767741.1,0,1,0,0,1,1,0,0,0,0,0
GCF_000599665.1|WP_015912547.1,1,1,1,1,1,1,1,1,1,1,1
GCF_000599665.1|WP_015974270.1,0,1,0,0,0,0,0,0,0,0,0
GCF_000599665.1|WP_016236406.1,0,1,1,1,1,1,0,0,0,1,1
GCF_000599665.1|WP_016246567.1,0,1,0,0,0,0,0,0,0,0,0
GCF_000599665.1|WP_021521050.1,0,1,0,0,0,0,0,0,0,0,0
GCF_000599665.1|WP_021537018.1,0,1,1,0,1,1,0,1,1,0,0
GCF_000599665.1|WP_021540634.1,0,1,1,0,0,0,0,0,0,1,0
GCF_000599665.1|WP_021547149.1,0,1,0,0,0,0,0,0,0,0,0
GCF_000599665.1|WP_021552210.1,0,1,0,0,0,0,0,0,0,0,0
GCF_000599665.1|WP_021561386.1,0,1,1,1,1,1,0,0,0,1,1
GCF_000599665.1|WP_021562286.1,0,1,1,1,1,1,1,1,1,1,1
GCF_000599665.1|WP_021564305.1,1,1,1,1,1,1,1,1,1,1,1
GCF_000599665.1|WP_023062941.1,1,1,1,1,1,1,1,1,1,1,1
GCF_000599665.1|WP_023278421.1,0,1,0,0,0,0,0,0,0,0,0
GCF_000599665.1|WP_023351539.1,0,1,0,0,0,0,0,0,0,0,0
GCF_000599665.1|WP_024174129.1,0,1,0,0,0,0,0,0,0,0,0
GCF_000599665.1|WP_024187336.1,0,1,0,0,0,0,0,0,0,0,0
GCF_000599665.1|WP_024190024.1,1,1,1,1,1,1,1,1,1,1,1
GCF_000599665.1|WP_024191231.1,0,1,0,0,1,1,0,0,0,0,0
GCF_000599665.1|WP_024229285.1,0,1,0,0,0,0,0,0,0,0,0
GCF_000599665.1|WP_024230055.1,1,1,1,1,1,1,1,1,1,1,1
GCF_000599665.1|WP_024230068.1,0,1,0,0,0,0,0,0,0,0,0
GCF_000599665.1|WP_024230069.1,0,1,0,0,0,0,0,0,0,0,0
GCF_000599665.1|WP_025210084.1,0,1,0,0,0,0,0,0,0,0,0
GCF_000599665.1|WP_025210085.1,0,1,0,0,0,0,0,0,0,0,0
GCF_000599665.1|WP_025210098.1,0,1,0,0,0,0,0,0,0,0,0
GCF_000599665.1|WP_025210099.1,0,1,0,0,0,0,0,0,0,0,0
GCF_000599665.1|WP_025210115.1,1,1,0,1,1,1,1,1,1,0,1
GCF_000599665.1|WP_025210130.1,1,1,1,1,1,1,1,1,1,1,1
GCF_000599665.1|WP_025210143.1,1,1,1,1,1,1,1,1,1,1,1
GCF_000599665.1|WP_025210149.1,0,1,0,0,0,0,0,0,0,0,0
GCF_000599665.1|WP_025210151.1,1,1,1,1,1,1,1,1,1,1,1
GCF_000599665.1|WP_025210152.1,0,1,0,0,0,0,0,0,0,0,0
GCF_000599665.1|WP_025210166.1,0,1,0,0,0,0,0,0,0,0,0
GCF_000599665.1|WP_025210167.1,0,1,0,0,0,0,0,0,0,0,0
GCF_000599665.1|WP_025210168.1,0,1,0,0,0,0,0,0,0,0,0
GCF_000599665.1|WP_025210171.1,0,1,0,0,0,0,0,0,0,0,0
GCF_000599665.1|WP_025210172.1,0,1,0,0,0,0,0,0,0,0,0
GCF_000599665.1|WP_025210195.1,0,1,1,1,1,1,1,1,1,1,1
GCF_000599665.1|WP_025210203.1,1,1,1,1,1,1,1,1,1,1,1
GCF_000599665.1|WP_025210208.1,0,1,1,0,0,0,0,0,0,1,0
GCF_000599665.1|WP_025210209.1,0,1,0,0,0,0,0,0,0,0,0
GCF_000599665.1|WP_025210210.1,0,1,0,0,0,0,0,0,0,0,0
GCF_000599665.1|WP_025210211.1,0,1,0,0,0,0,0,0,0,0,0
GCF_000599665.1|WP_025210216.1,0,1,0,0,0,0,0,0,0,0,0
GCF_000599665.1|WP_025210218.1,1,1,1,1,1,1,1,1,1,1,1
GCF_000599665.1|WP_025210234.1,1,1,1,1,1,1,1,1,1,1,1
GCF_000599665.1|WP_025210237.1,1,1,1,1,1,1,1,1,1,1,1
GCF_000599665.1|WP_025210244.1,0,1,0,0,0,0,0,0,0,0,0
GCF_000599665.1|WP_025210250.1,0,1,0,0,0,0,0,0,0,0,0
GCF_000599665.1|WP_025210259.1,0,1,0,0,0,0,0,0,0,0,0
GCF_000599665.1|WP_025210260.1,0,1,0,0,0,0,0,0,0,0,0
GCF_000599665.1|WP_025210261.1,0,1,0,0,0,0,0,0,0,0,0
GCF_000599665.1|WP_025210262.1,1,1,1,1,1,1,1,1,1,1,1
GCF_000599665.1|WP_025210263.1,1,1,1,1,1,1,1,1,1,1,1
GCF_000599665.1|WP_025210269.1,1,1,0,0,0,0,0,0,0,1,1
GCF_000599665.1|WP_025210279.1,0,1,1,1,0,0,1,1,1,1,0
GCF_000599665.1|WP_025210280.1,0,1,0,0,0,0,0,0,0,0,0
GCF_000599665.1|WP_025210300.1,1,1,1,1,1,1,1,1,1,1,1
GCF_000599665.1|WP_025210311.1,1,1,1,1,1,1,1,1,1,1,1
GCF_000599665.1|WP_025210312.1,1,1,1,1,1,1,1,1,1,1,1
GCF_000599665.1|WP_025210321.1,0,1,0,0,0,0,0,0,0,0,0
GCF_000599665.1|WP_025210322.1,0,1,0,0,0,0,0,0,0,0,0
GCF_000599665.1|WP_025210330.1,1,1,1,1,1,1,1,1,1,1,1
GCF_000599665.1|WP_025210337.1,0,1,1,1,1,1,1,1,1,1,1
GCF_000599665.1|WP_025210366.1,1,1,1,1,1,1,1,1,1,1,1
GCF_000599665.1|WP_025210372.1,1,1,1,1,1,1,1,1,1,1,1
GCF_000599665.1|WP_025210377.1,1,1,1,1,1,1,1,1,1,1,0
GCF_000599665.1|WP_025210401.1,0,1,0,0,0,0,0,0,0,0,0
GCF_000599665.1|WP_025210402.1,0,1,0,0,0,0,0,0,0,0,0
GCF_000599665.1|WP_025210414.1,0,1,0,0,0,0,0,0,0,0,0
GCF_000599665.1|WP_025210416.1,1,1,1,1,1,1,1,1,1,1,1
GCF_000599665.1|WP_025210419.1,1,1,1,1,1,1,1,1,1,1,1
GCF_000599665.1|WP_025210431.1,0,1,0,0,0,0,0,0,0,0,0
GCF_000599665.1|WP_025210432.1,0,1,0,0,0,0,0,0,0,0,0
GCF_000599665.1|WP_025210433.1,0,1,0,0,0,0,0,0,0,0,0
GCF_000599665.1|WP_025210434.1,0,1,0,0,0,0,0,0,0,0,0
GCF_000599665.1|WP_025210438.1,0,1,0,0,0,0,0,0,0,0,0
GCF_000599665.1|WP_025210439.1,0,1,0,0,0,0,0,0,0,0,0
GCF_000599665.1|WP_025210440.1,0,1,0,0,0,0,0,0,0,0,0
GCF_000599665.1|WP_025210441.1,0,1,0,0,0,0,0,0,0,0,0
GCF_000599665.1|WP_025210442.1,0,1,0,0,0,0,0,0,0,0,0
GCF_000599665.1|WP_025210446.1,0,1,0,0,0,0,0,0,0,0,0
GCF_000599665.1|WP_025210448.1,0,1,0,0,0,0,0,0,0,0,0
GCF_000599665.1|WP_025210451.1,0,1,0,0,0,0,0,0,0,0,0
GCF_000599665.1|WP_025210452.1,0,1,0,0,0,0,0,0,0,0,0
GCF_000599665.1|WP_025210453.1,1,1,0,0,0,0,0,0,0,0,0
GCF_000599665.1|WP_025210454.1,1,1,0,0,0,0,0,0,0,0,0
GCF_000599665.1|WP_025210458.1,0,1,0,0,0,0,0,0,0,0,0
GCF_000599665.1|WP_025210462.1,0,1,0,0,0,0,0,0,0,0,0
GCF_000599665.1|WP_025210464.1,1,1,1,1,1,1,1,1,1,1,1
GCF_000599665.1|WP_025210465.1,0,1,0,0,0,0,0,0,0,0,0
GCF_000599665.1|WP_025210466.1,0,1,0,0,0,0,0,0,0,0,0
GCF_000599665.1|WP_025210467.1,0,1,0,0,0,0,0,0,0,0,0
GCF_000599665.1|WP_025210468.1,0,1,0,0,0,0,0,0,0,0,0
GCF_000599665.1|WP_025210470.1,0,1,0,0,0,0,0,0,0,0,0
GCF_000599665.1|WP_025210472.1,1,1,1,1,1,1,1,1,1,1,1
GCF_000599665.1|WP_025210473.1,0,1,0,0,0,0,0,0,0,0,0
GCF_000599665.1|WP_025210474.1,0,1,0,0,0,0,0,0,0,0,0
GCF_000599665.1|WP_025210476.1,0,1,0,0,0,0,0,0,0,0,0
GCF_000599665.1|WP_025210478.1,0,1,0,0,0,0,0,0,0,0,0
GCF_000599665.1|WP_025210480.1,1,1,1,1,1,1,1,1,1,1,1
GCF_000599665.1|WP_025210488.1,1,1,0,0,0,0,0,0,0,0,1
GCF_000599665.1|WP_025210492.1,1,1,1,1,1,1,1,1,1,1,1
GCF_000599665.1|WP_025210496.1,0,1,0,0,0,0,0,0,0,0,0
GCF_000599665.1|WP_025210497.1,1,1,1,1,1,1,1,1,1,0,1
GCF_000599665.1|WP_025210504.1,0,1,0,0,0,0,0,0,0,0,0
GCF_000599665.1|WP_025210505.1,0,1,0,0,0,0,0,0,0,0,0
GCF_000599665.1|WP_025210526.1,1,1,1,1,1,1,1,1,1,1,1
GCF_000599665.1|WP_025210542.1,1,1,1,1,1,1,1,1,1,1,1
GCF_000599665.1|WP_025210555.1,1,1,1,1,1,1,1,1,1,1,1
GCF_000599665.1|WP_025210557.1,1,1,1,1,1,1,1,1,1,1,1
GCF_000599665.1|WP_025210567.1,1,1,1,1,1,1,1,1,1,1,1
GCF_000599665.1|WP_025210569.1,1,1,1,1,1,1,1,1,1,1,1
GCF_000599665.1|WP_025210586.1,1,1,1,1,0,0,1,1,0,1,1
GCF_000599665.1|WP_025210595.1,0,1,0,0,0,0,0,0,0,0,0
GCF_000599665.1|WP_025210597.1,0,1,0,0,0,0,0,0,0,0,0
GCF_000599665.1|WP_025210600.1,1,1,1,1,1,1,1,1,1,1,1
GCF_000599665.1|WP_025210605.1,1,1,1,1,1,1,1,1,1,1,1
GCF_000599665.1|WP_025210607.1,0,1,1,1,1,1,1,1,1,1,1
GCF_000599665.1|WP_025210608.1,0,1,0,0,0,0,0,0,0,0,0
GCF_000599665.1|WP_025210609.1,0,1,0,0,0,0,0,0,0,0,0
GCF_000599665.1|WP_025210615.1,0,1,0,0,0,0,0,0,0,0,0
GCF_000599665.1|WP_025210616.1,0,1,0,0,0,0,1,1,1,0,0
GCF_000599665.1|WP_025210622.1,0,1,1,1,1,1,1,1,1,1,1
GCF_000599665.1|WP_025210627.1,0,1,1,1,1,1,1,1,1,1,1
GCF_000599665.1|WP_025210629.1,1,1,1,1,1,1,1,1,1,1,1
GCF_000599665.1|WP_025210630.1,1,1,1,1,1,1,1,1,1,1,1
GCF_000599665.1|WP_025210632.1,1,1,1,1,1,1,1,1,1,1,1
GCF_000599665.1|WP_025210637.1,1,1,1,1,1,1,1,1,1,1,1
GCF_000599665.1|WP_025210640.1,0,1,0,0,0,0,0,0,0,1,0
GCF_000599665.1|WP_025210641.1,0,1,0,0,0,0,0,0,0,0,0
GCF_000599665.1|WP_025210643.1,0,1,0,0,0,0,0,0,0,0,0
GCF_000599665.1|WP_025210646.1,0,1,1,1,1,1,0,0,0,1,1
GCF_000599665.1|WP_025210649.1,0,1,0,0,0,0,0,0,0,0,0
GCF_000599665.1|WP_025210650.1,0,1,0,0,0,0,0,0,0,0,0
GCF_000599665.1|WP_025210653.1,0,1,0,0,0,0,0,0,0,0,0
GCF_000599665.1|WP_025210657.1,0,1,0,0,0,0,0,0,0,0,0
GCF_000599665.1|WP_025210663.1,1,1,1,1,1,1,1,1,1,1,0
GCF_000599665.1|WP_025210671.1,0,1,0,0,0,0,0,0,0,0,0
GCF_000599665.1|WP_025210672.1,0,1,0,0,0,0,0,0,0,0,0
GCF_000599665.1|WP_025210674.1,1,1,1,1,1,1,1,1,1,1,1
GCF_000599665.1|WP_025210685.1,1,1,1,1,1,1,1,1,1,1,1
GCF_000599665.1|WP_025210697.1,1,1,1,1,1,1,1,1,1,1,1
GCF_000599665.1|WP_025210716.1,1,1,1,1,1,1,1,1,1,1,1
GCF_000599665.1|WP_025210724.1,0,1,0,0,0,0,0,0,0,0,0
GCF_000599665.1|WP_025210731.1,1,1,1,1,1,1,1,1,1,1,1
GCF_000599665.1|WP_025210742.1,1,1,0,1,1,1,1,1,1,0,0
GCF_000599665.1|WP_025210747.1,1,1,1,1,1,1,1,1,1,1,1
GCF_000599665.1|WP_025210791.1,0,1,0,0,0,0,0,0,0,0,0
GCF_000599665.1|WP_025210797.1,0,1,1,1,0,0,0,0,0,1,0
GCF_000599665.1|WP_025210812.1,1,1,1,1,1,1,1,1,1,1,1
GCF_000599665.1|WP_025210816.1,1,1,1,1,1,1,1,1,1,1,1
GCF_000599665.1|WP_025210827.1,1,1,1,1,1,1,1,1,1,1,1
GCF_000599665.1|WP_025210828.1,0,1,0,0,0,0,0,0,0,0,0
GCF_000599665.1|WP_025210830.1,0,1,0,0,0,0,0,0,0,0,0
GCF_000599665.1|WP_025210847.1,0,1,0,0,0,0,0,0,0,0,0
GCF_000599665.1|WP_025210877.1,0,1,0,0,0,0,0,0,0,0,0
GCF_000599665.1|WP_025210878.1,0,1,0,0,0,0,0,0,0,0,0
GCF_000599665.1|WP_025210879.1,0,1,0,0,0,0,0,0,0,0,0
GCF_000599665.1|WP_025210892.1,1,1,1,1,1,1,1,1,1,1,1
GCF_000599665.1|WP_025210900.1,1,1,1,1,1,1,1,1,1,1,1
GCF_000599665.1|WP_025210903.1,1,1,1,1,1,1,1,1,1,1,1
GCF_000599665.1|WP_025210910.1,1,1,1,1,0,0,1,1,1,1,1
GCF_000599665.1|WP_025210912.1,1,1,1,1,1,1,1,1,1,1,1
GCF_000599665.1|WP_025210923.1,1,1,1,1,1,1,1,1,1,1,1
GCF_000599665.1|WP_025210925.1,0,1,0,0,0,0,0,0,0,0,0
GCF_000599665.1|WP_025210929.1,0,1,0,0,0,0,0,0,0,0,0
GCF_000599665.1|WP_025210940.1,1,1,1,1,1,1,1,1,1,1,1
GCF_000599665.1|WP_025210952.1,0,1,0,0,0,0,0,0,0,0,0
GCF_000599665.1|WP_025210953.1,0,1,0,0,0,0,0,0,0,0,0
GCF_000599665.1|WP_025210981.1,0,1,0,0,0,0,0,0,0,0,0
GCF_000599665.1|WP_025210990.1,0,1,1,1,1,1,1,1,1,1,1
GCF_000599665.1|WP_025210992.1,1,1,1,1,1,1,1,1,1,1,1
GCF_000599665.1|WP_025210998.1,0,1,1,1,1,1,1,1,1,1,0
GCF_000599665.1|WP_025211001.1,1,1,1,1,1,1,1,1,1,1,1
GCF_000599665.1|WP_025211018.1,0,1,0,0,1,1,1,1,1,0,0
GCF_000599665.1|WP_025211020.1,1,1,1,1,1,1,1,1,1,1,1
GCF_000599665.1|WP_025211025.1,0,1,0,0,0,0,0,0,0,0,0
GCF_000599665.1|WP_025211033.1,0,1,0,0,0,0,0,0,0,0,0
GCF_000599665.1|WP_025211034.1,0,1,0,0,0,0,0,0,0,0,0
GCF_000599665.1|WP_025211037.1,0,1,0,0,0,0,0,0,0,0,0
GCF_000599665.1|WP_025234902.1,0,1,0,0,0,0,0,0,0,0,0
GCF_000599665.1|WP_025234903.1,0,1,0,0,0,0,0,0,0,0,0
GCF_000599665.1|WP_025234904.1,0,1,0,0,0,0,0,0,0,0,0
GCF_000599665.1|WP_025234907.1,0,1,0,0,0,0,0,0,0,0,0
GCF_000599665.1|WP_025234908.1,0,1,0,0,0,0,0,0,0,0,0
GCF_000599665.1|WP_025234909.1,0,1,0,0,0,0,0,0,0,0,0
GCF_000599665.1|WP_025234917.1,0,1,0,0,0,0,0,0,0,0,0
GCF_000599665.1|WP_025234918.1,0,1,0,0,0,0,0,0,0,0,0
GCF_000599665.1|WP_025234919.1,0,1,0,0,0,0,0,0,0,0,0
GCF_000599665.1|WP_025234920.1,0,1,0,0,0,0,0,0,0,0,0
GCF_000599665.1|WP_025234922.1,0,1,0,0,0,0,0,0,0,0,0
GCF_000599665.1|WP_025234929.1,0,1,0,0,0,0,0,0,0,0,0
GCF_000599665.1|WP_025234931.1,0,1,0,0,0,0,0,0,0,0,0
GCF_000599665.1|WP_025234933.1,0,1,0,0,0,0,0,0,0,0,0
GCF_000599665.1|WP_025234936.1,0,1,0,0,0,0,0,0,0,0,0
GCF_000599665.1|WP_025234941.1,0,1,0,0,0,0,0,0,0,0,0
GCF_000599665.1|WP_025234945.1,0,1,0,0,0,0,0,0,0,0,0
GCF_000599665.1|WP_025234949.1,0,1,0,0,0,0,0,0,0,0,0
GCF_000599665.1|WP_025234950.1,0,1,1,1,0,0,0,0,0,0,0
GCF_000599665.1|WP_025234951.1,0,1,0,0,0,0,0,0,0,0,0
GCF_000599665.1|WP_032157445.1,0,1,0,0,0,0,0,0,0,0,0
GCF_000599665.1|WP_032158978.1,0,1,0,0,0,0,0,0,0,0,0
GCF_000599665.1|WP_038428171.1,0,1,0,0,0,0,0,0,0,0,0
GCF_000599665.1|WP_038428175.1,1,1,1,1,1,1,1,1,1,1,1
GCF_000599665.1|WP_038428298.1,0,1,1,1,1,1,1,1,1,1,1
GCF_000599665.1|WP_038428309.1,0,1,0,1,0,0,0,0,0,0,0
GCF_000599665.1|WP_038428487.1,0,1,0,0,0,0,0,0,0,0,0
GCF_000599665.1|WP_038428612.1,0,1,0,0,0,0,0,0,0,0,0
GCF_000599665.1|WP_038430334.1,0,1,0,0,0,0,0,0,0,0,0
GCF_000599665.1|WP_051529561.1,0,1,0,0,0,0,0,0,0,0,0
GCF_000599665.1|WP_064734313.1,0,1,0,0,0,0,0,0,0,0,0
GCF_000599665.1|WP_071527722.1,0,1,0,0,0,0,0,0,0,0,0
GCF_000599665.1|WP_071847127.1,1,1,1,1,1,1,1,1,1,1,1
GCF_000599665.1|WP_071847130.1,0,1,0,0,0,0,0,0,0,0,0
GCF_000599665.1|WP_071849748.1,0,1,0,0,0,0,0,0,0,0,0
GCF_000599665.1|WP_072132081.1,1,1,1,1,0,0,1,1,1,1,1
GCF_000599665.1|WP_074397957.1,1,1,1,1,1,1,1,1,1,1,1
GCF_000599665.1|WP_077768583.1,0,1,0,0,0,0,0,0,0,0,0
GCF_000599665.1|WP_077768612.1,0,1,1,1,0,0,1,1,1,1,1
GCF_000599665.1|WP_077768616.1,1,1,1,1,1,1,1,1,1,1,1
GCF_000599665.1|WP_089642612.1,0,1,0,0,0,0,0,0,0,0,0
GCF_000599665.1|WP_106359433.1,0,1,0,0,0,0,0,0,0,0,0
GCF_000599665.1|WP_120795376.1,1,1,1,0,1,1,1,1,1,1,1
GCF_000599665.1|WP_122987222.1,0,1,0,0,0,0,0,0,0,0,0
GCF_000599665.1|WP_128971871.1,0,1,0,0,0,0,0,0,0,0,0
GCF_000599665.1|WP_144318948.1,0,1,0,0,0,0,0,0,0,0,0
GCF_000599665.1|WP_144318950.1,0,1,1,0,1,1,1,1,1,1,0
GCF_000599665.1|WP_144318951.1,0,1,0,0,0,0,0,0,0,0,0
GCF_000599665.1|WP_144318952.1,0,1,0,0,0,0,0,0,0,0,0
GCF_000599665.1|WP_144318953.1,0,1,0,0,0,0,0,0,0,0,0
GCF_000599665.1|WP_158413074.1,1,1,1,1,1,1,1,1,1,1,1
GCF_000599665.1|WP_158413075.1,0,1,0,0,0,0,0,0,0,0,0
GCF_000599665.1|WP_162149578.1,0,1,0,0,0,0,0,0,0,0,0
GCF_000599665.1|WP_162829205.1,0,1,0,1,0,0,0,0,0,1,0
GCF_000599665.1|WP_170998677.1,0,1,0,0,0,0,0,0,0,0,0
GCF_000599665.1|WP_198290423.1,0,1,0,0,0,0,0,0,0,0,0
GCF_000599665.1|WP_200869267.1,0,1,0,0,0,0,0,0,0,0,0
GCF_000599665.1|WP_205412756.1,0,1,0,0,0,0,0,0,0,0,0
GCF_000599665.1|WP_223362157.1,0,1,0,0,0,0,0,0,0,0,0
GCF_000599665.1|WP_227534285.1,0,1,0,0,0,0,0,0,0,0,0
GCF_000599665.1|WP_228336805.1,0,1,0,0,0,0,0,0,0,0,0
GCF_000599665.1|WP_244440552.1,0,1,0,0,0,0,0,0,0,0,0
GCF_000599665.1|WP_244440553.1,0,1,0,0,0,0,0,0,0,0,0
GCF_000599665.1|WP_244440555.1,0,1,0,0,0,0,0,0,0,0,0
GCF_000599665.1|WP_244440556.1,0,1,0,0,0,0,0,0,0,0,0
GCF_000599665.1|WP_244440558.1,0,1,0,0,0,0,0,0,0,0,0
GCF_000599665.1|WP_244440559.1,0,1,0,0,0,0,0,0,0,0,0
GCF_000599665.1|WP_244440560.1,0,1,0,0,0,0,0,0,0,0,0
GCF_000599665.1|WP_244440561.1,0,1,0,0,0,0,0,0,0,0,0
GCF_000599665.1|WP_244440562.1,0,1,0,0,0,0,0,0,0,0,0
GCF_000599665.1|WP_244440563.1,0,1,0,0,0,0,0,0,0,0,0
GCF_000599665.1|WP_244440564.1,0,1,0,0,0,0,0,0,0,0,0
GCF_000599665.1|WP_244440565.1,0,1,0,0,0,0,0,0,0,0,0
GCF_000599665.1|WP_244440568.1,0,1,0,0,0,0,0,0,0,0,0
GCF_000599665.1|WP_244440575.1,0,1,0,0,0,0,0,0,0,0,0
GCF_000599665.1|WP_263855729.1,0,1,0,0,0,0,0,0,0,0,0
GCF_000599665.1|WP_280113839.1,0,1,0,0,0,0,0,0,0,0,0
GCF_000599665.1|WP_280113840.1,0,1,0,0,0,0,0,0,0,0,0
GCF_000599665.1|WP_280113841.1,0,1,0,0,0,0,0,0,0,0,0
GCF_000599665.1|WP_280113842.1,0,1,0,0,0,0,0,0,0,0,0
GCF_000599665.1|WP_348270232.1,0,1,0,0,0,0,0,0,0,0,0
GCF_000599665.1|WP_348270360.1,0,1,0,0,0,0,0,0,0,0,0
GCF_000599665.1|WP_416259109.1,0,1,0,0,0,0,0,0,0,0,0
GCF_000599665.1|WP_418134935.1,0,1,0,0,0,0,1,0,0,1,1
GCF_000599665.1|WP_419471448.1,0,1,1,1,1,1,1,1,1,1,1
GCF_000599665.1|WP_432263849.1,0,1,0,0,0,0,0,0,0,0,0
GCF_000599665.1|WP_432263850.1,0,1,0,0,0,0,0,0,0,0,0
GCF_000599665.1|WP_432263851.1,0,1,0,0,0,0,0,0,0,0,0
GCF_000801165.1|WP_000003178.1,1,1,1,1,1,1,1,1,1,1,1
GCF_000801165.1|WP_000004565.1,0,0,1,0,0,0,0,0,0,0,0
GCF_000801165.1|WP_000006334.1,0,0,1,0,0,0,0,0,0,1,0
GCF_000801165.1|WP_000035654.1,1,1,1,1,1,1,1,1,1,1,1
GCF_000801165.1|WP_000043694.1,1,1,1,1,1,1,1,1,1,1,1
GCF_000801165.1|WP_000047091.1,1,1,1,1,1,1,1,1,1,1,1
GCF_000801165.1|WP_000047424.1,1,1,1,1,1,1,1,1,1,1,1
GCF_000801165.1|WP_000054239.1,1,1,1,1,1,1,1,1,1,1,1
GCF_000801165.1|WP_000060558.1,0,1,1,1,0,0,0,0,0,1,1
GCF_000801165.1|WP_000069229.1,1,1,1,1,1,1,1,1,1,1,1
GCF_000801165.1|WP_000076670.1,0,0,1,0,0,0,0,0,0,0,0
GCF_000801165.1|WP_000077018.1,1,1,1,1,1,1,1,1,1,1,1
GCF_000801165.1|WP_000079722.1,1,1,1,1,0,0,1,1,1,1,1
GCF_000801165.1|WP_000079941.1,0,0,1,0,0,0,0,0,0,0,0
GCF_000801165.1|WP_000085068.1,0,1,1,1,0,0,0,0,0,1,0
GCF_000801165.1|WP_000092782.1,1,0,1,1,1,1,1,1,1,1,1
GCF_000801165.1|WP_000097480.1,0,0,1,1,0,0,0,0,0,1,0
GCF_000801165.1|WP_000100276.1,0,1,1,1,0,0,0,0,0,1,0
GCF_000801165.1|WP_000102794.1,0,1,1,1,0,0,1,1,1,1,1
GCF_000801165.1|WP_000117616.1,0,0,1,0,0,0,0,0,0,0,0
GCF_000801165.1|WP_000121319.1,1,1,1,1,1,1,0,1,1,1,1
GCF_000801165.1|WP_000122462.1,1,1,1,1,1,1,1,1,1,1,1
GCF_000801165.1|WP_000123273.1,0,1,1,1,1,0,0,0,0,1,1
GCF_000801165.1|WP_000124306.1,0,0,1,1,0,0,0,0,0,1,0
GCF_000801165.1|WP_000125990.1,0,0,1,1,0,0,0,0,0,0,0
GCF_000801165.1|WP_000131874.1,0,0,1,0,0,0,0,0,0,0,0
GCF_000801165.1|WP_000139447.1,0,0,1,0,0,0,0,0,0,0,0
GCF_000801165.1|WP_000142780.1,0,0,1,1,0,0,0,0,0,1,0
GCF_000801165.1|WP_000145212.1,0,0,1,0,0,0,0,0,0,0,0
GCF_000801165.1|WP_000148286.1,0,0,1,0,0,0,0,0,0,0,0
GCF_000801165.1|WP_000149544.1,0,1,1,0,1,0,0,0,0,1,1
GCF_000801165.1|WP_000173474.1,1,1,1,1,1,1,1,1,1,1,1
GCF_000801165.1|WP_000184091.1,0,1,1,1,0,0,1,1,1,1,1
GCF_000801165.1|WP_000192614.1,0,0,1,0,0,0,0,0,0,0,0
GCF_000801165.1|WP_000193070.1,0,0,1,1,1,1,1,1,1,1,1
GCF_000801165.1|WP_000193113.1,0,0,1,1,0,0,0,0,0,1,0
GCF_000801165.1|WP_000194574.1,0,0,1,1,0,0,0,0,0,0,0
GCF_000801165.1|WP_000206440.1,1,1,1,1,0,0,1,1,1,1,1
GCF_000801165.1|WP_000209866.1,1,1,1,1,1,1,1,1,1,1,1
GCF_000801165.1|WP_000211758.1,1,1,1,1,1,1,1,1,1,1,1
GCF_000801165.1|WP_000212693.1,0,0,1,1,0,0,0,0,0,1,0
GCF_000801165.1|WP_000214203.1,0,0,1,1,0,0,0,0,0,1,0
GCF_000801165.1|WP_000218849.1,0,0,1,0,0,0,0,0,0,0,0
GCF_000801165.1|WP_000224749.1,0,0,1,0,0,0,0,0,0,0,0
GCF_000801165.1|WP_000225866.1,1,0,1,1,0,0,0,0,0,1,0
GCF_000801165.1|WP_000239874.1,0,0,1,1,0,0,0,0,0,1,1
GCF_000801165.1|WP_000264909.1,0,0,1,1,0,0,0,0,0,0,0
GCF_000801165.1|WP_000273163.1,0,0,1,0,0,0,0,0,0,0,0
GCF_000801165.1|WP_000279528.1,0,1,1,1,1,1,1,1,1,1,1
GCF_000801165.1|WP_000334099.1,1,1,1,1,1,1,1,1,1,1,1
GCF_000801165.1|WP_000339065.1,0,1,1,1,1,1,1,1,1,1,1
GCF_000801165.1|WP_000339945.1,1,1,1,1,1,1,1,1,1,1,1
GCF_000801165.1|WP_000340167.1,0,1,1,1,0,0,0,0,0,1,0
GCF_000801165.1|WP_000356397.1,0,0,1,1,0,0,0,0,0,1,0
GCF_000801165.1|WP_000359463.1,1,1,1,1,1,1,1,1,1,1,1
GCF_000801165.1|WP_000362702.1,0,1,1,1,0,0,0,1,1,1,1
GCF_000801165.1|WP_000370823.1,1,1,1,1,1,1,1,1,1,1,1
GCF_000801165.1|WP_000380263.1,0,0,1,1,0,0,0,0,0,1,0
GCF_000801165.1|WP_000380839.1,0,1,1,0,0,0,1,1,1,1,1
GCF_000801165.1|WP_000382183.1,1,1,1,1,1,1,1,1,1,1,1
GCF_000801165.1|WP_000384411.1,1,1,1,1,1,1,1,1,1,1,1
GCF_000801165.1|WP_000387403.1,0,0,1,0,0,0,0,0,0,0,0
GCF_000801165.1|WP_000399122.1,1,1,1,1,1,1,1,1,1,1,1
GCF_000801165.1|WP_000405039.1,0,0,1,1,0,0,0,0,0,1,0
GCF_000801165.1|WP_000421260.1,0,0,1,0,0,0,0,0,0,0,0
GCF_000801165.1|WP_000422045.1,1,1,1,1,1,1,1,1,1,1,1
GCF_000801165.1|WP_000431860.1,1,0,1,0,1,1,1,1,1,1,1
GCF_000801165.1|WP_000440466.1,1,1,1,1,1,1,1,1,1,1,1
GCF_000801165.1|WP_000444000.1,0,0,1,1,0,0,0,0,0,1,0
GCF_000801165.1|WP_000444666.1,0,0,1,0,0,0,0,0,0,0,0
GCF_000801165.1|WP_000446151.1,0,1,1,0,0,0,0,0,0,0,0
GCF_000801165.1|WP_000447335.1,1,1,1,1,1,1,1,1,1,1,1
GCF_000801165.1|WP_000450524.1,0,0,1,1,0,0,0,0,0,1,0
GCF_000801165.1|WP_000476143.1,0,0,1,1,1,1,1,1,1,1,1
GCF_000801165.1|WP_000482663.1,1,1,1,1,1,1,1,1,1,1,1
GCF_000801165.1|WP_000511287.1,0,0,1,1,1,1,1,1,1,1,0
GCF_000801165.1|WP_000513743.1,1,1,1,1,1,1,1,1,1,1,1
GCF_000801165.1|WP_000528869.1,0,0,1,1,0,0,0,0,0,1,0
GCF_000801165.1|WP_000543899.1,1,1,1,1,1,1,1,1,1,1,1
GCF_000801165.1|WP_000545042.1,1,1,1,1,1,1,1,1,1,1,1
GCF_000801165.1|WP_000548537.1,1,0,1,0,1,0,0,0,0,1,1
GCF_000801165.1|WP_000549822.1,1,1,1,1,1,1,1,1,1,1,1
GCF_000801165.1|WP_000553217.1,0,0,1,1,0,0,0,0,0,1,0
GCF_000801165.1|WP_000556444.1,1,1,1,1,1,1,0,0,0,1,0
GCF_000801165.1|WP_000558030.1,0,1,1,1,1,1,0,0,0,1,0
GCF_000801165.1|WP_000562984.1,0,1,1,1,0,0,0,0,0,1,0
GCF_000801165.1|WP_000573391.1,0,0,1,1,0,0,0,0,0,0,0
GCF_000801165.1|WP_000577184.1,1,1,1,1,1,1,1,1,1,1,1
GCF_000801165.1|WP_000587689.1,1,0,1,1,0,0,0,0,0,1,0
GCF_000801165.1|WP_000597458.1,1,0,1,1,1,1,1,1,1,1,1
GCF_000801165.1|WP_000598292.1,0,1,1,1,1,1,1,1,0,1,1
GCF_000801165.1|WP_000602112.1,0,0,1,1,0,0,0,0,0,1,0
GCF_000801165.1|WP_000620097.1,0,1,1,1,0,0,1,1,1,1,1
GCF_000801165.1|WP_000622048.1,0,0,1,1,0,0,0,0,0,1,0
GCF_000801165.1|WP_000627367.1,1,0,1,1,1,1,1,1,1,1,1
GCF_000801165.1|WP_000633220.1,1,1,1,1,1,1,1,1,1,1,1
GCF_000801165.1|WP_000636926.1,1,1,1,1,1,1,1,1,1,1,0
GCF_000801165.1|WP_000639271.1,1,1,1,1,1,1,1,1,1,1,1
GCF_000801165.1|WP_000642925.1,0,0,1,0,0,0,0,0,0,0,0
GCF_000801165.1|WP_000647882.1,0,1,1,1,1,1,1,1,1,1,1
GCF_000801165.1|WP_000651125.1,0,0,1,0,0,0,0,0,0,0,0
GCF_000801165.1|WP_000691056.1,1,1,1,1,1,1,1,1,1,1,1
GCF_000801165.1|WP_000694926.1,0,0,1,1,0,0,0,0,0,1,0
GCF_000801165.1|WP_000699701.1,0,1,1,1,1,1,1,1,1,1,1
GCF_000801165.1|WP_000705001.1,1,1,1,1,1,1,1,1,1,1,1
GCF_000801165.1|WP_000705131.1,0,0,1,1,1,1,0,0,0,0,0
GCF_000801165.1|WP_000712252.1,1,1,1,1,1,1,1,1,1,1,1
GCF_000801165.1|WP_000717009.1,1,1,1,1,1,1,1,1,1,1,1
GCF_000801165.1|WP_000723472.1,0,1,1,0,1,1,1,1,1,1,1
GCF_000801165.1|WP_000723506.1,0,1,1,0,0,0,1,1,1,1,1
GCF_000801165.1|WP_000729704.1,0,0,1,1,1,1,1,1,1,1,1
GCF_000801165.1|WP_000733707.1,1,1,1,1,1,1,1,1,1,1,1
GCF_000801165.1|WP_000742348.1,1,1,1,1,1,1,1,1,1,1,1
GCF_000801165.1|WP_000747328.1,0,1,1,0,1,1,0,0,0,1,0
GCF_000801165.1|WP_000750284.1,1,0,1,1,1,1,1,1,1,1,1
GCF_000801165.1|WP_000756356.1,1,1,1,1,1,1,1,1,1,1,1
GCF_000801165.1|WP_000756914.1,0,1,1,0,1,1,1,1,1,1,1
GCF_000801165.1|WP_000766900.1,1,0,1,1,1,1,1,1,1,1,1
GCF_000801165.1|WP_000785707.1,0,0,1,0,0,0,0,0,0,0,0
GCF_000801165.1|WP_000788786.1,0,1,1,0,1,0,0,0,0,1,1
GCF_000801165.1|WP_000810250.1,1,1,1,1,1,1,1,1,1,1,1
GCF_000801165.1|WP_000826768.1,1,1,1,1,1,1,1,1,1,1,1
GCF_000801165.1|WP_000828483.1,0,1,1,1,1,1,1,1,1,1,0
GCF_000801165.1|WP_000829192.1,0,0,1,1,0,0,0,0,0,0,0
GCF_000801165.1|WP_000849054.1,0,0,1,1,0,0,0,0,0,1,0
GCF_000801165.1|WP_000850413.1,1,0,1,1,0,0,0,0,0,1,0
GCF_000801165.1|WP_000850544.1,0,1,1,1,1,1,1,1,1,1,1
GCF_000801165.1|WP_000853106.1,0,0,1,0,0,0,0,0,0,0,0
GCF_000801165.1|WP_000856729.1,0,1,1,0,0,0,0,0,0,0,0
GCF_000801165.1|WP_000857995.1,0,1,1,1,1,1,1,1,1,1,1
GCF_000801165.1|WP_000860259.1,1,1,1,1,1,1,1,1,1,1,1
GCF_000801165.1|WP_000860398.1,0,0,1,0,0,0,0,0,0,0,0
GCF_000801165.1|WP_000863205.1,0,1,1,1,0,0,0,0,0,1,0
GCF_000801165.1|WP_000867146.1,1,1,1,1,1,1,1,1,1,1,1
GCF_000801165.1|WP_000867637.1,1,1,1,1,1,1,1,1,1,1,1
GCF_000801165.1|WP_000888740.1,0,1,1,1,1,1,1,1,1,1,1
GCF_000801165.1|WP_000891841.1,1,1,1,0,1,1,0,0,0,1,0
GCF_000801165.1|WP_000897305.1,0,0,1,1,0,0,0,0,0,1,0
GCF_000801165.1|WP_000904136.1,0,1,1,1,1,1,0,1,1,1,1
GCF_000801165.1|WP_000911331.1,1,0,1,1,0,0,0,0,0,1,0
GCF_000801165.1|WP_000916333.1,0,0,1,0,0,0,0,0,0,0,0
GCF_000801165.1|WP_000917733.1,1,0,1,1,0,0,0,0,0,1,1
GCF_000801165.1|WP_000927066.1,0,1,1,1,1,1,1,1,1,1,1
GCF_000801165.1|WP_000940106.1,1,1,1,1,1,1,1,1,1,1,1
GCF_000801165.1|WP_000942525.1,0,0,1,0,0,0,0,0,0,0,0
GCF_000801165.1|WP_000942786.1,0,1,1,1,1,1,1,1,1,1,1
GCF_000801165.1|WP_000943913.1,0,0,1,0,0,0,0,0,0,0,0
GCF_000801165.1|WP_000956868.1,0,0,1,1,0,0,0,0,0,1,0
GCF_000801165.1|WP_000968850.1,1,0,1,0,1,1,1,1,1,1,1
GCF_000801165.1|WP_000973379.1,1,1,1,1,0,0,1,1,1,1,1
GCF_000801165.1|WP_000974855.1,0,0,1,0,0,0,0,0,0,0,0
GCF_000801165.1|WP_000980151.1,0,1,1,1,0,0,0,0,0,0,0
GCF_000801165.1|WP_000988693.1,0,0,1,1,0,0,0,0,0,1,0
GCF_000801165.1|WP_000991478.1,0,0,1,0,0,0,0,0,0,0,0
GCF_000801165.1|WP_000995453.1,0,1,1,0,1,0,0,0,0,1,1
GCF_000801165.1|WP_001020381.1,0,1,1,1,1,1,1,1,1,1,1
GCF_000801165.1|WP_001025459.1,0,0,1,0,0,0,0,0,0,0,0
GCF_000801165.1|WP_001027503.1,1,0,1,1,0,0,0,0,0,1,0
GCF_000801165.1|WP_001028905.1,0,1,1,1,1,1,1,1,1,1,1
GCF_000801165.1|WP_001033225.1,1,1,1,1,1,1,0,0,0,1,0
GCF_000801165.1|WP_001057752.1,1,1,1,1,1,1,1,1,1,1,1
GCF_000801165.1|WP_001061903.1,0,0,1,1,0,0,0,0,0,1,0
GCF_000801165.1|WP_001065752.1,0,1,1,1,1,1,1,1,1,1,0
GCF_000801165.1|WP_001079074.1,1,1,1,1,1,1,1,1,1,1,1
GCF_000801165.1|WP_001084075.1,0,1,1,1,0,0,0,0,0,1,0
GCF_000801165.1|WP_001087147.1,0,1,1,1,1,1,1,1,1,1,0
GCF_000801165.1|WP_001090583.1,0,0,1,1,0,0,0,0,0,1,0
GCF_000801165.1|WP_001090850.1,1,1,1,1,1,1,1,1,1,1,1
GCF_000801165.1|WP_001116116.1,0,1,1,1,1,1,1,1,1,1,1
GCF_000801165.1|WP_001130307.1,1,1,1,1,1,1,1,1,1,1,1
GCF_000801165.1|WP_001142000.1,0,0,1,0,0,0,0,0,0,0,0
GCF_000801165.1|WP_001151139.1,0,1,1,0,1,1,0,0,0,1,1
GCF_000801165.1|WP_001153547.1,0,1,1,1,1,1,1,1,1,1,1
GCF_000801165.1|WP_001157239.1,1,1,1,1,0,0,1,1,1,1,1
GCF_000801165.1|WP_001159105.1,1,1,1,1,1,1,0,1,1,1,1
GCF_000801165.1|WP_001162704.1,1,1,1,1,1,1,1,1,1,1,1
GCF_000801165.1|WP_001169551.1,0,0,1,1,0,0,0,0,0,1,0
GCF_000801165.1|WP_001174481.1,1,1,1,1,1,1,1,1,1,1,1
GCF_000801165.1|WP_001178089.1,0,0,1,0,0,0,0,0,0,0,0
GCF_000801165.1|WP_001183149.1,1,0,1,1,0,0,0,0,0,1,0
GCF_000801165.1|WP_001189436.1,0,0,1,1,0,0,0,0,0,1,0
GCF_000801165.1|WP_001191027.1,1,1,1,1,1,1,1,1,1,1,1
GCF_000801165.1|WP_001195605.1,1,1,1,1,1,1,1,1,1,1,1
GCF_000801165.1|WP_001198952.1,1,0,1,1,0,0,0,0,0,1,0
GCF_000801165.1|WP_001200891.1,1,1,1,1,1,1,1,1,1,1,0
GCF_000801165.1|WP_001201825.1,0,1,1,1,0,0,1,1,1,1,0
GCF_000801165.1|WP_001204071.1,0,0,1,0,0,0,0,0,0,1,0
GCF_000801165.1|WP_001205226.1,1,0,1,1,1,1,0,0,0,1,1
GCF_000801165.1|WP_001220181.1,0,0,1,1,0,0,0,0,0,1,0
GCF_000801165.1|WP_001226378.1,0,0,1,1,0,0,0,0,0,1,0
GCF_000801165.1|WP_001227023.1,0,1,1,1,1,1,0,1,1,1,1
GCF_000801165.1|WP_001233938.1,0,1,1,1,0,0,0,0,0,1,0
GCF_000801165.1|WP_001242675.1,1,1,1,1,1,1,1,1,1,1,1
GCF_000801165.1|WP_001244670.1,0,1,1,0,0,0,0,0,0,0,0
GCF_000801165.1|WP_001245884.1,0,0,1,1,0,0,0,0,0,1,0
GCF_000801165.1|WP_001245988.1,1,0,1,1,0,0,0,0,0,1,0
GCF_000801165.1|WP_001247860.1,0,0,1,0,0,0,0,0,0,0,0
GCF_000801165.1|WP_001256917.1,0,0,1,1,0,0,0,0,0,1,0
GCF_000801165.1|WP_001259583.1,1,1,1,1,1,1,1,1,1,1,1
GCF_000801165.1|WP_001278179.1,0,0,1,0,0,0,0,0,0,0,0
GCF_000801165.1|WP_001278994.1,1,1,1,1,1,1,1,1,1,1,1
GCF_000801165.1|WP_001282706.1,0,1,1,1,0,0,1,1,1,1,1
GCF_000801165.1|WP_001283490.1,1,1,1,1,1,1,1,1,1,1,1
GCF_000801165.1|WP_001287093.1,0,0,1,0,0,0,0,0,0,0,0
GCF_000801165.1|WP_001287916.1,0,0,1,1,0,0,0,0,0,1,0
GCF_000801165.1|WP_001290230.1,0,0,1,1,0,0,0,0,0,0,0
GCF_000801165.1|WP_001294589.1,0,0,1,0,0,0,0,0,0,0,0
GCF_000801165.1|WP_001295554.1,1,1,1,1,1,1,1,1,1,1,1
GCF_000801165.1|WP_001295836.1,1,1,1,1,1,1,1,1,1,1,1
GCF_000801165.1|WP_001296721.1,1,1,1,1,1,1,1,1,1,1,1
GCF_000801165.1|WP_001297332.1,1,1,1,1,1,1,1,1,1,1,1
GCF_000801165.1|WP_001297677.1,0,0,1,1,0,0,0,0,0,1,0
GCF_000801165.1|WP_001297680.1,0,1,1,1,0,0,0,0,0,1,0
GCF_000801165.1|WP_001297764.1,1,1,1,1,1,1,1,1,1,1,1
GCF_000801165.1|WP_001299172.1,1,0,1,1,0,0,0,0,0,1,0
GCF_000801165.1|WP_001299269.1,1,1,1,1,1,1,1,1,1,1,0
GCF_000801165.1|WP_001299290.1,0,1,1,1,0,0,1,1,1,1,1
GCF_000801165.1|WP_001300896.1,0,1,1,1,1,1,1,1,1,1,1
GCF_000801165.1|WP_001301130.1,0,0,1,0,0,0,0,0,0,0,0
GCF_000801165.1|WP_001307279.1,0,0,1,1,0,0,0,0,0,1,0
GCF_000801165.1|WP_001307500.1,1,0,1,0,1,1,1,1,1,1,1
GCF_000801165.1|WP_001308457.1,0,0,1,0,0,0,0,0,0,0,0
GCF_000801165.1|WP_001315775.1,1,1,1,1,0,0,1,1,1,1,1
GCF_000801165.1|WP_001315905.1,0,1,1,0,1,1,1,1,1,1,1
GCF_000801165.1|WP_001325798.1,1,1,1,1,1,1,1,1,1,1,1
GCF_000801165.1|WP_001331203.1,0,1,1,1,1,1,1,1,1,1,1
GCF_000801165.1|WP_001342418.1,0,1,1,0,0,0,0,0,0,1,1
GCF_000801165.1|WP_001345607.1,1,1,1,1,1,1,1,1,1,1,1
GCF_000801165.1|WP_001347941.1,1,1,1,1,1,1,1,1,1,1,1
GCF_000801165.1|WP_001349908.1,0,0,1,1,0,0,0,0,0,1,0
GCF_000801165.1|WP_001351355.1,1,1,1,1,1,1,1,1,1,1,1
GCF_000801165.1|WP_001351532.1,0,1,1,1,1,1,1,1,1,1,1
GCF_000801165.1|WP_001367167.1,0,0,1,0,0,0,0,0,0,0,0
GCF_000801165.1|WP_001373171.1,0,0,1,0,0,0,0,0,0,0,0
GCF_000801165.1|WP_001379157.1,0,0,1,1,0,0,0,0,0,1,0
GCF_000801165.1|WP_001384452.1,0,0,1,0,0,0,0,0,0,0,0
GCF_000801165.1|WP_001402361.1,0,1,1,1,1,1,1,1,1,1,1
GCF_000801165.1|WP_001444700.1,0,0,1,0,0,0,0,0,0,0,0
GCF_000801165.1|WP_001457151.1,0,0,1,0,0,0,0,0,0,0,0
GCF_000801165.1|WP_001458941.1,0,0,1,0,0,0,0,0,0,0,0
GCF_000801165.1|WP_001542684.1,0,1,1,1,0,0,0,0,0,1,0
GCF_000801165.1|WP_001542941.1,1,1,1,1,0,0,0,0,0,1,0
GCF_000801165.1|WP_001542943.1,0,0,1,1,0,0,0,0,0,1,0
GCF_000801165.1|WP_001542944.1,0,0,1,1,0,0,0,0,0,1,0
GCF_000801165.1|WP_001542946.1,1,1,1,1,1,1,1,1,1,1,1
GCF_000801165.1|WP_001542948.1,1,1,1,1,1,1,1,1,1,1,1
GCF_000801165.1|WP_001542949.1,0,0,1,1,0,0,0,0,0,1,0
GCF_000801165.1|WP_001543099.1,0,1,1,0,0,0,0,0,0,0,0
GCF_000801165.1|WP_001543139.1,0,1,1,1,0,0,0,0,0,0,1
GCF_000801165.1|WP_001543175.1,0,1,1,1,0,0,1,1,1,1,1
GCF_000801165.1|WP_001559300.1,0,0,1,0,0,0,0,0,0,0,0
GCF_000801165.1|WP_001559319.1,0,0,1,0,0,0,0,0,0,0,0
GCF_000801165.1|WP_001559328.1,0,0,1,0,0,0,0,0,0,0,0
GCF_000801165.1|WP_001567061.1,0,0,1,0,0,0,0,0,0,0,0
GCF_000801165.1|WP_009008364.1,0,0,1,1,0,0,0,0,0,1,0
GCF_000801165.1|WP_012138675.1,0,0,1,0,0,0,0,0,0,0,0
GCF_000801165.1|WP_012565126.1,0,0,1,0,0,0,0,0,0,0,0
GCF_000801165.1|WP_012578894.1,1,1,1,1,1,1,1,1,1,1,1
GCF_000801165.1|WP_012605149.1,0,0,1,0,0,0,0,0,0,0,0
GCF_000801165.1|WP_012817901.1,0,0,1,0,0,0,0,0,0,0,0
GCF_000801165.1|WP_015953137.1,1,1,1,1,1,1,1,1,1,1,1
GCF_000801165.1|WP_021560858.1,0,0,1,0,0,0,0,0,0,0,0
GCF_000801165.1|WP_023155453.1,0,0,1,0,0,0,0,0,0,0,0
GCF_000801165.1|WP_023155796.1,0,0,1,0,0,0,0,0,0,0,0
GCF_000801165.1|WP_024166640.1,0,0,1,0,0,0,0,0,0,0,0
GCF_000801165.1|WP_024177483.1,1,0,1,1,0,0,0,0,0,1,0
GCF_000801165.1|WP_024188723.1,1,1,1,1,1,1,1,1,1,1,1
GCF_000801165.1|WP_024192804.1,0,0,1,0,0,0,0,0,0,0,0
GCF_000801165.1|WP_028985345.1,0,0,1,0,0,0,0,0,0,0,0
GCF_000801165.1|WP_028985346.1,0,0,1,0,0,0,0,0,0,0,0
GCF_000801165.1|WP_028985347.1,0,0,1,1,0,0,0,0,0,0,0
GCF_000801165.1|WP_032141712.1,0,0,1,0,0,0,0,0,0,0,0
GCF_000801165.1|WP_032141714.1,0,0,1,0,0,0,0,0,0,0,0
GCF_000801165.1|WP_032141822.1,0,0,1,0,0,0,0,0,0,1,0
GCF_000801165.1|WP_032144652.1,0,0,1,0,0,0,0,0,0,0,0
GCF_000801165.1|WP_032145180.1,0,0,1,0,0,0,0,0,0,0,0
GCF_000801165.1|WP_032178642.1,1,1,1,1,0,0,1,1,1,1,1
GCF_000801165.1|WP_032178690.1,0,1,1,1,1,1,0,0,0,1,1
GCF_000801165.1|WP_032186128.1,0,0,1,0,0,0,0,0,0,0,0
GCF_000801165.1|WP_032186130.1,0,0,1,0,0,0,0,0,0,0,0
GCF_000801165.1|WP_032186132.1,0,0,1,1,0,0,1,1,1,0,1
GCF_000801165.1|WP_032186133.1,0,0,1,0,0,0,0,0,0,0,0
GCF_000801165.1|WP_032214561.1,0,0,1,0,0,0,0,0,0,0,0
GCF_000801165.1|WP_032259808.1,0,0,1,1,0,0,0,0,0,1,0
GCF_000801165.1|WP_032259825.1,0,0,1,1,0,0,0,0,0,1,0
GCF_000801165.1|WP_032285070.1,0,0,1,1,0,0,0,0,0,0,0
GCF_000801165.1|WP_032291790.1,0,0,1,0,0,0,0,0,0,0,0
GCF_000801165.1|WP_032308170.1,1,0,1,1,0,0,0,0,0,1,1
GCF_000801165.1|WP_033806466.1,0,0,1,0,0,0,0,0,0,0,0
GCF_000801165.1|WP_033812026.1,0,0,1,0,0,0,0,0,0,0,0
GCF_000801165.1|WP_039264321.1,0,1,1,0,1,1,1,1,1,1,1
GCF_000801165.1|WP_039264336.1,0,1,1,0,0,0,0,0,0,0,0
GCF_000801165.1|WP_039264337.1,0,1,1,0,0,0,0,0,0,0,0
GCF_000801165.1|WP_039264342.1,0,0,1,0,0,0,0,0,0,0,0
GCF_000801165.1|WP_039264343.1,0,0,1,0,0,0,0,0,0,0,0
GCF_000801165.1|WP_039264344.1,0,0,1,0,0,0,0,0,0,0,0
GCF_000801165.1|WP_039264354.1,0,1,1,0,0,0,0,0,0,0,0
GCF_000801165.1|WP_039264365.1,0,0,1,1,0,0,1,1,1,0,1
GCF_000801165.1|WP_039264392.1,0,0,1,0,0,0,0,0,0,1,0
GCF_000801165.1|WP_039264394.1,0,0,1,0,0,0,0,0,0,0,0
GCF_000801165.1|WP_039264405.1,0,0,1,1,0,0,0,0,0,0,0
GCF_000801165.1|WP_039264407.1,0,1,1,1,1,0,0,0,0,1,1
GCF_000801165.1|WP_039264426.1,0,0,1,0,0,0,0,0,0,0,0
GCF_000801165.1|WP_039264433.1,0,0,1,1,1,1,1,1,1,1,1
GCF_000801165.1|WP_039264464.1,0,0,1,0,0,0,0,0,0,0,0
GCF_000801165.1|WP_039264465.1,0,0,1,0,0,0,0,0,0,0,0
GCF_000801165.1|WP_039264468.1,0,1,1,1,1,1,0,0,0,1,1
GCF_000801165.1|WP_039264470.1,0,0,1,0,0,0,0,0,0,0,0
GCF_000801165.1|WP_039264472.1,0,0,1,0,0,0,0,0,0,0,0
GCF_000801165.1|WP_039264473.1,0,0,1,0,0,0,0,0,0,0,0
GCF_000801165.1|WP_039264474.1,0,0,1,0,0,0,0,0,0,0,0
GCF_000801165.1|WP_039264476.1,0,0,1,0,0,0,0,0,0,0,0
GCF_000801165.1|WP_039264479.1,0,1,1,0,0,0,0,0,0,1,0
GCF_000801165.1|WP_039264480.1,0,0,1,0,0,0,0,0,0,0,0
GCF_000801165.1|WP_039264481.1,0,0,1,0,0,0,0,0,0,0,0
GCF_000801165.1|WP_039264482.1,0,0,1,0,0,0,0,0,0,0,0
GCF_000801165.1|WP_039264483.1,0,0,1,0,0,0,0,0,0,0,0
GCF_000801165.1|WP_039264484.1,0,0,1,0,0,0,0,0,0,0,0
GCF_000801165.1|WP_039264486.1,0,0,1,0,0,0,0,0,0,0,0
GCF_000801165.1|WP_039264487.1,0,0,1,0,0,0,0,0,0,0,0
GCF_000801165.1|WP_039264488.1,0,0,1,0,0,0,0,0,0,0,0
GCF_000801165.1|WP_039264489.1,0,0,1,0,0,0,0,0,0,0,0
GCF_000801165.1|WP_039264493.1,0,1,1,1,1,1,1,1,1,1,1
GCF_000801165.1|WP_039264499.1,1,1,1,1,1,1,1,1,1,1,1
GCF_000801165.1|WP_039264503.1,1,1,1,1,1,1,1,1,1,1,1
GCF_000801165.1|WP_039264504.1,1,0,1,0,0,0,0,0,0,1,0
GCF_000801165.1|WP_039264507.1,1,0,1,1,0,1,0,0,0,1,1
GCF_000801165.1|WP_039264521.1,0,0,1,0,0,0,1,1,1,1,1
GCF_000801165.1|WP_039264527.1,1,1,1,1,1,1,1,1,1,1,1
GCF_000801165.1|WP_039264586.1,0,0,1,0,0,0,0,0,0,0,0
GCF_000801165.1|WP_039264593.1,1,1,1,1,1,1,1,1,1,1,1
GCF_000801165.1|WP_040116939.1,0,0,1,1,0,0,0,0,0,0,0
GCF_000801165.1|WP_040116943.1,1,1,1,1,1,1,0,1,1,1,1
GCF_000801165.1|WP_040116956.1,0,0,1,0,0,0,0,0,0,0,0
GCF_000801165.1|WP_040116960.1,0,0,1,0,0,0,0,0,0,0,0
GCF_000801165.1|WP_040116972.1,0,0,1,1,0,0,0,0,0,0,0
GCF_000801165.1|WP_040116980.1,0,0,1,1,0,0,0,0,0,0,1
GCF_000801165.1|WP_040116981.1,0,0,1,1,0,0,0,0,0,0,0
GCF_000801165.1|WP_040116983.1,0,0,1,1,0,0,0,0,0,0,0
GCF_000801165.1|WP_040116984.1,0,0,1,1,0,0,0,0,0,0,0
GCF_000801165.1|WP_040116986.1,0,0,1,1,0,0,0,0,0,0,0
GCF_000801165.1|WP_040116989.1,0,0,1,0,0,0,0,0,0,0,0
GCF_000801165.1|WP_040116992.1,1,1,1,1,1,1,1,1,1,1,1
GCF_000801165.1|WP_042014162.1,0,1,1,1,0,0,0,0,0,1,0
GCF_000801165.1|WP_052214776.1,0,1,1,0,0,0,0,0,0,0,0
GCF_000801165.1|WP_052214783.1,1,1,1,1,1,1,1,1,1,1,1
GCF_000801165.1|WP_052214792.1,0,0,1,0,0,0,0,0,0,0,0
GCF_000801165.1|WP_071791986.1,0,0,1,0,0,0,0,0,0,0,0
GCF_000801165.1|WP_071885013.1,0,0,1,0,0,0,0,0,0,0,0
GCF_000801165.1|WP_087614013.1,0,0,1,0,0,0,0,0,0,0,0
GCF_000801165.1|WP_106425492.1,0,0,1,0,0,0,0,0,0,0,0
GCF_000801165.1|WP_122654176.1,0,0,1,1,1,1,0,1,1,1,1
GCF_000801165.1|WP_122996077.1,0,0,1,0,0,0,0,0,0,0,0
GCF_000801165.1|WP_140398125.1,0,0,1,0,0,0,0,0,0,0,0
GCF_000801165.1|WP_146274757.1,0,0,1,1,0,0,0,0,0,1,0
GCF_000801165.1|WP_159454915.1,0,0,1,1,0,0,0,0,0,0,0
GCF_000801165.1|WP_169124752.1,0,0,1,0,0,0,0,0,0,0,0
GCF_000801165.1|WP_179206415.1,0,0,1,0,0,0,0,0,0,0,0
GCF_000801165.1|WP_187292991.1,0,0,1,0,0,0,0,0,0,0,0
GCF_000801165.1|WP_187292994.1,0,0,1,0,0,0,0,0,0,0,0
GCF_000801165.1|WP_206780339.1,1,1,1,1,1,1,0,0,0,1,1
GCF_000801165.1|WP_211180493.1,1,1,1,1,1,1,1,1,1,1,1
GCF_000801165.1|WP_212591402.1,0,1,1,1,0,0,1,1,1,1,1
GCF_000801165.1|WP_223718779.1,0,0,1,0,0,0,0,0,0,0,0
GCF_000801165.1|WP_224695425.1,0,0,1,0,0,0,0,0,0,0,0
GCF_000801165.1|WP_224695433.1,0,0,1,0,0,0,0,0,0,0,0
GCF_000801165.1|WP_225088808.1,0,1,1,1,1,0,0,0,0,1,1
GCF_000801165.1|WP_244462510.1,0,0,1,0,0,0,0,0,0,0,0
GCF_000801165.1|WP_244462511.1,0,0,1,0,0,0,0,0,0,0,0
GCF_000801165.1|WP_244462513.1,0,0,1,0,0,0,0,0,0,0,0
GCF_000801165.1|WP_244462514.1,0,0,1,0,0,0,0,0,0,0,0
GCF_000801165.1|WP_306459307.1,0,0,1,0,0,0,0,0,0,0,0
GCF_000801165.1|WP_369761030.1,0,0,1,1,0,0,0,0,0,1,0
GCF_000801165.1|WP_430515483.1,0,0,1,0,0,0,0,0,0,0,0
GCF_000801165.1|WP_430515484.1,0,0,1,0,0,0,0,0,0,0,0
GCF_000801185.2|WP_000005468.1,0,0,0,1,0,0,0,0,0,0,0
GCF_000801185.2|WP_000006271.1,0,0,0,1,0,0,0,0,0,0,0
GCF_000801185.2|WP_000008165.1,1,0,0,1,0,0,1,1,1,0,1
GCF_000801185.2|WP_000013440.1,0,0,0,1,0,0,0,0,0,0,1
GCF_000801185.2|WP_000029342.1,0,1,1,1,0,0,0,0,0,1,0
GCF_000801185.2|WP_000030199.1,0,0,1,1,0,0,0,0,0,0,0
GCF_000801185.2|WP_000038919.1,0,0,0,1,0,0,0,0,0,0,0
GCF_000801185.2|WP_000040320.1,0,0,0,1,0,0,0,0,0,0,0
GCF_000801185.2|WP_000042395.1,0,0,1,1,0,0,0,0,0,0,0
GCF_000801185.2|WP_000061147.1,0,0,0,1,0,0,0,0,0,0,0
GCF_000801185.2|WP_000064387.1,0,0,1,1,0,0,0,0,0,0,0
GCF_000801185.2|WP_000078438.1,0,0,0,1,0,0,0,0,0,0,0
GCF_000801185.2|WP_000086114.1,1,0,0,1,0,0,0,0,0,0,0
GCF_000801185.2|WP_000103621.1,0,0,0,1,0,0,0,0,0,0,0
GCF_000801185.2|WP_000113186.1,0,0,1,1,0,0,0,0,0,1,1
GCF_000801185.2|WP_000113645.1,0,0,0,1,0,0,0,0,0,0,0
GCF_000801185.2|WP_000126663.1,0,0,0,1,0,0,0,0,0,0,0
GCF_000801185.2|WP_000133383.1,0,0,1,1,0,0,0,0,0,0,0
GCF_000801185.2|WP_000134113.1,0,0,0,1,0,0,0,0,0,0,0
GCF_000801185.2|WP_000147364.1,0,0,0,1,0,0,0,0,0,0,0
GCF_000801185.2|WP_000157095.1,0,0,1,1,0,0,0,0,0,0,0
GCF_000801185.2|WP_000172990.1,0,0,1,1,0,0,0,0,0,0,0
GCF_000801185.2|WP_000174068.1,0,0,0,1,0,0,0,0,0,0,0
GCF_000801185.2|WP_000182306.1,0,0,1,1,0,0,0,0,0,0,0
GCF_000801185.2|WP_000182904.1,0,1,1,1,1,1,1,1,1,1,0
GCF_000801185.2|WP_000184775.1,0,0,1,1,0,0,0,0,0,0,0
GCF_000801185.2|WP_000189120.1,1,1,1,1,1,1,1,1,1,1,1
GCF_000801185.2|WP_000194515.1,0,1,0,1,0,0,0,0,0,0,0
GCF_000801185.2|WP_000200503.1,0,0,0,1,0,0,0,0,0,0,0
GCF_000801185.2|WP_000202167.1,0,0,0,1,0,0,0,0,0,0,0
GCF_000801185.2|WP_000204742.1,0,0,0,1,0,0,0,0,0,0,0
GCF_000801185.2|WP_000205117.1,0,0,1,1,0,0,0,0,0,0,0
GCF_000801185.2|WP_000206811.1,1,0,0,1,0,0,1,1,1,0,1
GCF_000801185.2|WP_000209422.1,0,0,0,1,0,0,0,0,0,0,0
GCF_000801185.2|WP_000211993.1,0,0,1,1,0,0,0,0,0,0,0
GCF_000801185.2|WP_000214990.1,0,0,0,1,0,0,0,0,0,0,0
GCF_000801185.2|WP_000216448.1,0,0,1,1,0,0,0,0,0,0,0
GCF_000801185.2|WP_000220092.1,0,0,0,1,0,0,0,0,0,0,0
GCF_000801185.2|WP_000227812.1,0,0,0,1,0,0,0,0,0,0,0
GCF_000801185.2|WP_000235126.1,0,1,1,1,1,0,0,0,0,1,1
GCF_000801185.2|WP_000236763.1,0,0,0,1,0,0,0,0,0,0,0
GCF_000801185.2|WP_000242979.1,0,0,1,1,0,0,0,0,0,0,0
GCF_000801185.2|WP_000256226.1,0,0,0,1,0,0,0,0,0,0,0
GCF_000801185.2|WP_000264514.1,0,0,0,1,0,0,0,0,0,0,0
GCF_000801185.2|WP_000267604.1,0,0,0,1,0,0,0,0,0,0,0
GCF_000801185.2|WP_000271631.1,0,1,1,1,0,0,0,0,0,0,0
GCF_000801185.2|WP_000274460.1,1,0,0,1,0,0,0,0,0,0,0
GCF_000801185.2|WP_000276887.1,0,0,0,1,0,0,0,0,0,0,0
GCF_000801185.2|WP_000286857.1,0,0,1,1,0,0,0,0,0,0,0
GCF_000801185.2|WP_000287458.1,1,0,0,1,1,1,1,1,1,0,0
GCF_000801185.2|WP_000287892.1,0,0,0,1,0,0,0,0,0,0,0
GCF_000801185.2|WP_000323309.1,0,0,0,1,0,0,0,0,0,0,0
GCF_000801185.2|WP_000332368.1,0,0,0,1,0,0,0,0,0,0,0
GCF_000801185.2|WP_000334995.1,0,0,0,1,0,0,0,0,0,0,0
GCF_000801185.2|WP_000342737.1,0,0,1,1,0,0,0,0,0,0,0
GCF_000801185.2|WP_000343102.1,0,0,1,1,0,0,0,0,0,0,0
GCF_000801185.2|WP_000357163.1,0,0,1,1,0,0,0,0,0,0,0
GCF_000801185.2|WP_000380400.1,0,0,1,1,0,0,0,0,0,0,0
GCF_000801185.2|WP_000399648.1,0,0,0,1,0,0,0,0,0,0,0
GCF_000801185.2|WP_000410810.1,0,0,0,1,0,0,0,0,0,0,0
GCF_000801185.2|WP_000431483.1,0,0,0,1,0,0,0,0,0,0,0
GCF_000801185.2|WP_000438829.1,0,0,1,1,0,0,0,0,0,1,0
GCF_000801185.2|WP_000448925.1,0,0,0,1,0,0,0,0,0,0,0
GCF_000801185.2|WP_000450222.1,1,0,1,1,1,1,1,1,1,1,1
GCF_000801185.2|WP_000500956.1,0,0,0,1,0,0,0,0,0,0,0
GCF_000801185.2|WP_000504057.1,0,0,0,1,0,0,0,0,0,0,1
GCF_000801185.2|WP_000520190.1,0,1,0,1,1,1,1,1,0,1,0
GCF_000801185.2|WP_000522561.1,0,0,0,1,0,0,0,0,0,0,0
GCF_000801185.2|WP_000526430.1,0,0,0,1,0,0,0,0,0,0,0
GCF_000801185.2|WP_000539306.1,0,0,0,1,0,0,0,0,0,0,0
GCF_000801185.2|WP_000539684.1,0,0,1,1,0,0,0,0,0,0,0
GCF_000801185.2|WP_000543626.1,0,0,0,1,0,0,0,0,0,0,0
GCF_000801185.2|WP_000553979.1,0,0,0,1,0,0,0,0,0,0,0
GCF_000801185.2|WP_000559922.1,0,0,0,1,0,0,0,0,0,0,0
GCF_000801185.2|WP_000575285.1,0,0,0,1,0,0,0,0,0,0,0
GCF_000801185.2|WP_000577254.1,0,0,0,1,0,0,0,0,0,0,0
GCF_000801185.2|WP_000581020.1,0,0,1,1,0,0,0,0,0,1,1
GCF_000801185.2|WP_000581608.1,0,0,1,1,0,0,0,0,0,0,0
GCF_000801185.2|WP_000582552.1,0,0,1,1,0,0,0,0,0,0,0
GCF_000801185.2|WP_000598869.1,1,0,0,1,1,1,1,1,1,0,1
GCF_000801185.2|WP_000609151.1,0,0,1,1,0,0,0,0,0,0,0
GCF_000801185.2|WP_000615976.1,0,0,1,1,1,1,1,1,1,1,0
GCF_000801185.2|WP_000618002.1,0,0,0,1,0,0,0,0,0,0,1
GCF_000801185.2|WP_000632888.1,1,0,0,1,0,0,0,0,0,0,0
GCF_000801185.2|WP_000649041.1,0,0,0,1,0,0,0,0,0,0,0
GCF_000801185.2|WP_000675892.1,0,0,0,1,0,0,0,0,0,0,0
GCF_000801185.2|WP_000676929.1,0,1,1,1,0,0,0,0,0,0,0
GCF_000801185.2|WP_000683075.1,0,1,1,1,1,0,0,0,0,1,1
GCF_000801185.2|WP_000690238.1,0,0,1,1,1,1,1,1,1,1,1
GCF_000801185.2|WP_000690895.1,0,0,0,1,0,0,0,0,0,0,0
GCF_000801185.2|WP_000701093.1,0,0,1,1,0,0,0,0,0,0,0
GCF_000801185.2|WP_000710934.1,0,0,1,1,0,0,0,0,0,0,0
GCF_000801185.2|WP_000712314.1,0,0,0,1,0,0,0,0,0,0,0
GCF_000801185.2|WP_000723247.1,0,0,1,1,0,0,0,0,0,0,0
GCF_000801185.2|WP_000727834.1,0,0,1,1,0,0,0,0,0,0,0
GCF_000801185.2|WP_000735655.1,0,0,1,1,0,0,0,0,0,0,0
GCF_000801185.2|WP_000737404.1,0,0,0,1,0,0,0,0,0,0,0
GCF_000801185.2|WP_000738072.1,0,0,1,1,0,0,0,0,0,0,0
GCF_000801185.2|WP_000759875.1,1,0,0,1,0,0,0,0,0,0,0
GCF_000801185.2|WP_000762580.1,0,0,1,1,0,0,0,0,0,0,0
GCF_000801185.2|WP_000764083.1,0,0,0,1,0,0,0,0,0,0,0
GCF_000801185.2|WP_000774037.1,0,0,1,1,0,0,0,0,0,0,0
GCF_000801185.2|WP_000777726.1,0,0,1,1,0,0,0,0,0,0,0
GCF_000801185.2|WP_000783992.1,0,0,1,1,0,0,0,0,0,0,0
GCF_000801185.2|WP_000788411.1,0,0,1,1,0,0,0,0,0,0,0
GCF_000801185.2|WP_000789404.1,0,0,0,1,0,0,0,0,0,0,0
GCF_000801185.2|WP_000789769.1,0,0,1,1,0,0,0,0,0,0,0
GCF_000801185.2|WP_000794367.1,0,0,0,1,0,0,0,0,0,0,0
GCF_000801185.2|WP_000796959.1,0,0,0,1,0,0,0,0,0,0,0
GCF_000801185.2|WP_000798060.1,0,0,0,1,0,0,0,0,0,0,0
GCF_000801185.2|WP_000798115.1,0,1,0,1,1,1,1,1,1,0,1
GCF_000801185.2|WP_000800142.1,0,1,1,1,0,0,0,0,0,1,1
GCF_000801185.2|WP_000813360.1,0,0,0,1,0,0,0,0,0,0,1
GCF_000801185.2|WP_000813639.1,0,0,1,1,0,0,0,0,0,0,0
GCF_000801185.2|WP_000817799.1,0,0,1,1,0,0,0,0,0,0,0
GCF_000801185.2|WP_000820104.1,0,1,1,1,1,1,0,0,0,1,1
GCF_000801185.2|WP_000822649.1,1,1,1,1,1,1,1,1,1,0,1
GCF_000801185.2|WP_000833612.1,0,0,1,1,0,0,0,0,0,0,0
GCF_000801185.2|WP_000836746.1,0,0,0,1,0,0,0,0,0,0,0
GCF_000801185.2|WP_000839249.1,0,0,0,1,1,1,0,0,0,0,1
GCF_000801185.2|WP_000842823.1,0,0,0,1,0,0,1,1,1,0,1
GCF_000801185.2|WP_000846261.1,0,0,0,1,0,0,0,0,0,0,0
GCF_000801185.2|WP_000848138.1,0,0,1,1,0,0,0,0,0,0,0
GCF_000801185.2|WP_000859017.1,0,0,0,1,0,0,0,0,0,0,0
GCF_000801185.2|WP_000867987.1,0,0,0,1,0,0,0,0,0,0,0
GCF_000801185.2|WP_000870986.1,0,1,1,1,0,0,0,0,0,0,0
GCF_000801185.2|WP_000873944.1,0,1,0,1,1,1,1,1,1,0,0
GCF_000801185.2|WP_000878014.1,0,0,0,1,0,0,0,0,0,0,0
GCF_000801185.2|WP_000912970.1,0,0,1,1,0,0,0,0,0,0,0
GCF_000801185.2|WP_000920337.1,0,1,1,1,1,1,1,1,1,1,1
GCF_000801185.2|WP_000946266.1,0,0,1,1,0,0,0,0,0,0,0
GCF_000801185.2|WP_000953271.1,0,0,0,1,0,0,0,0,0,0,0
GCF_000801185.2|WP_000958387.1,0,0,1,1,0,0,0,0,0,0,0
GCF_000801185.2|WP_000960006.1,0,0,0,1,0,0,0,0,0,0,0
GCF_000801185.2|WP_000974993.1,0,1,1,1,1,0,0,0,0,1,1
GCF_000801185.2|WP_000977390.1,0,0,0,1,0,0,0,0,0,0,0
GCF_000801185.2|WP_000987022.1,0,0,1,1,0,0,0,0,0,0,0
GCF_000801185.2|WP_000990552.1,0,0,0,1,0,0,0,0,0,0,0
GCF_000801185.2|WP_000996700.1,0,1,1,1,0,0,0,0,0,1,1
GCF_000801185.2|WP_000997067.1,0,0,0,1,0,0,0,0,0,0,0
GCF_000801185.2|WP_000997724.1,0,0,1,1,0,0,0,0,0,0,0
GCF_000801185.2|WP_000999466.1,1,1,1,1,0,0,1,1,1,1,1
GCF_000801185.2|WP_001018786.1,0,0,0,1,0,0,0,0,0,0,0
GCF_000801185.2|WP_001020660.1,0,0,1,1,0,0,0,0,0,0,0
GCF_000801185.2|WP_001024758.1,0,0,1,1,0,0,0,0,0,0,0
GCF_000801185.2|WP_001031427.1,1,0,0,1,1,0,1,1,1,0,0
GCF_000801185.2|WP_001032733.1,0,0,0,1,0,0,0,0,0,0,0
GCF_000801185.2|WP_001034031.1,0,0,1,1,0,0,0,0,0,0,0
GCF_000801185.2|WP_001046032.1,0,1,0,1,0,0,0,0,0,1,0
GCF_000801185.2|WP_001056369.1,0,0,1,1,0,0,0,0,0,0,0
GCF_000801185.2|WP_001056745.1,0,0,1,1,0,0,0,0,0,0,0
GCF_000801185.2|WP_001056888.1,0,0,0,1,0,0,0,0,0,0,0
GCF_000801185.2|WP_001063099.1,0,0,1,1,0,0,0,0,0,0,0
GCF_000801185.2|WP_001065352.1,0,0,0,1,0,0,0,0,0,0,0
GCF_000801185.2|WP_001081199.1,0,0,1,1,0,0,0,0,0,0,0
GCF_000801185.2|WP_001096087.1,0,0,1,1,0,0,0,0,0,0,0
GCF_000801185.2|WP_001100987.1,0,0,0,1,0,0,0,0,0,0,0
GCF_000801185.2|WP_001142405.1,0,0,0,1,0,0,0,0,0,0,0
GCF_000801185.2|WP_001144036.1,0,0,1,1,0,0,0,0,0,0,0
GCF_000801185.2|WP_001145249.1,0,0,0,1,0,0,0,0,0,0,0
GCF_000801185.2|WP_001145905.1,0,0,0,1,0,0,0,0,0,0,0
GCF_000801185.2|WP_001165564.1,0,0,1,1,0,0,0,0,0,0,0
GCF_000801185.2|WP_001173927.1,0,0,0,1,0,0,0,0,0,0,0
GCF_000801185.2|WP_001189111.1,0,0,0,1,0,0,0,0,0,0,0
GCF_000801185.2|WP_001197016.1,1,1,1,1,1,1,0,0,1,1,1
GCF_000801185.2|WP_001200462.1,0,0,0,1,0,0,0,0,0,0,0
GCF_000801185.2|WP_001228923.1,1,1,1,1,1,1,1,1,1,1,1
GCF_000801185.2|WP_001234254.1,0,0,1,1,0,0,0,0,0,0,0
GCF_000801185.2|WP_001246539.1,0,0,0,1,0,0,0,0,0,0,0
GCF_000801185.2|WP_001275432.1,0,0,1,1,0,0,0,0,0,0,0
GCF_000801185.2|WP_001276717.1,1,0,1,1,1,1,0,0,0,1,0
GCF_000801185.2|WP_001278818.1,0,0,1,1,0,0,0,0,0,0,0
GCF_000801185.2|WP_001280927.1,0,0,1,1,0,0,0,0,0,0,0
GCF_000801185.2|WP_001280952.1,0,0,0,1,0,0,1,1,1,0,1
GCF_000801185.2|WP_001283354.1,0,0,1,1,0,0,0,0,0,0,0
GCF_000801185.2|WP_001287263.1,0,0,1,1,0,0,0,0,0,0,0
GCF_000801185.2|WP_001289967.1,0,0,0,1,0,0,0,0,0,0,0
GCF_000801185.2|WP_001291058.1,0,0,1,1,0,0,0,0,0,0,0
GCF_000801185.2|WP_001294395.1,1,0,0,1,1,1,1,1,1,1,0
GCF_000801185.2|WP_001297127.1,0,0,0,1,1,1,0,0,0,0,0
GCF_000801185.2|WP_001297137.1,0,0,0,1,1,1,0,0,0,0,0
GCF_000801185.2|WP_001297758.1,0,1,1,1,0,0,0,0,0,1,0
GCF_000801185.2|WP_001299026.1,0,0,0,1,0,0,0,0,0,0,0
GCF_000801185.2|WP_001300314.1,1,0,0,1,0,0,1,1,1,0,1
GCF_000801185.2|WP_001303900.1,0,0,0,1,0,0,0,0,0,0,0
GCF_000801185.2|WP_001306377.1,0,0,0,1,0,0,0,0,0,0,0
GCF_000801185.2|WP_001307257.1,0,0,1,1,0,0,0,0,0,0,0
GCF_000801185.2|WP_001315275.1,0,0,0,1,0,0,0,0,0,0,0
GCF_000801185.2|WP_001315988.1,0,0,0,1,0,0,0,0,0,0,0
GCF_000801185.2|WP_001315990.1,0,0,0,1,1,1,0,0,0,0,1
GCF_000801185.2|WP_001315991.1,0,0,0,1,0,0,0,0,0,0,0
GCF_000801185.2|WP_001317510.1,0,0,1,1,0,0,0,0,0,0,0
GCF_000801185.2|WP_001342524.1,0,1,0,1,0,0,0,0,0,0,0
GCF_000801185.2|WP_001345234.1,1,1,1,1,1,1,1,1,1,1,1
GCF_000801185.2|WP_001345525.1,0,0,1,1,0,0,0,0,0,0,0
GCF_000801185.2|WP_001364171.1,0,0,0,1,0,0,0,0,0,0,0
GCF_000801185.2|WP_001364204.1,0,0,0,1,0,0,0,0,0,0,0
GCF_000801185.2|WP_001365055.1,0,0,1,1,0,0,0,0,0,0,0
GCF_000801185.2|WP_001365075.1,0,0,0,1,0,0,0,0,0,0,1
GCF_000801185.2|WP_001365635.1,0,0,1,1,0,0,0,0,0,0,0
GCF_000801185.2|WP_001365959.1,0,0,1,1,0,0,0,0,0,0,0
GCF_000801185.2|WP_001367953.1,0,0,0,1,0,0,0,0,0,0,1
GCF_000801185.2|WP_001367978.1,0,0,0,1,0,0,0,0,0,0,0
GCF_000801185.2|WP_001373081.1,0,0,1,1,0,0,0,0,0,0,0
GCF_000801185.2|WP_001376400.1,0,0,1,1,0,0,0,0,0,0,0
GCF_000801185.2|WP_001376499.1,1,1,1,1,1,1,1,1,1,1,1
GCF_000801185.2|WP_001376509.1,0,0,0,1,0,0,0,0,0,0,0
GCF_000801185.2|WP_001379880.1,0,0,1,1,0,0,0,0,0,0,0
GCF_000801185.2|WP_001390705.1,0,0,0,1,0,0,0,0,0,0,0
GCF_000801185.2|WP_001391592.1,0,0,0,1,0,0,0,0,0,0,0
GCF_000801185.2|WP_001398805.1,0,0,0,1,0,0,0,0,0,0,0
GCF_000801185.2|WP_001406334.1,0,0,0,1,0,0,0,0,0,0,0
GCF_000801185.2|WP_001446456.1,0,0,0,1,0,0,0,0,0,0,0
GCF_000801185.2|WP_001563237.1,0,0,1,1,0,0,0,0,0,0,0
GCF_000801185.2|WP_001578623.1,0,0,0,1,0,0,0,0,0,0,0
GCF_000801185.2|WP_001597028.1,0,0,1,1,0,0,0,0,0,0,0
GCF_000801185.2|WP_001701050.1,0,0,0,1,0,0,0,0,0,0,0
GCF_000801185.2|WP_001748751.1,0,1,1,1,1,1,1,1,1,1,1
GCF_000801185.2|WP_001763232.1,0,0,0,1,0,0,0,0,0,0,0
GCF_000801185.2|WP_011310099.1,0,0,1,1,0,0,0,0,0,0,0
GCF_000801185.2|WP_021292752.1,0,0,1,1,0,0,0,0,0,0,0
GCF_000801185.2|WP_021292753.1,0,0,1,1,0,0,0,0,0,0,0
GCF_000801185.2|WP_021292754.1,0,0,1,1,0,0,0,0,0,0,0
GCF_000801185.2|WP_021292772.1,0,0,0,1,0,0,0,0,0,1,0
GCF_000801185.2|WP_021292774.1,0,0,1,1,0,0,0,0,0,0,0
GCF_000801185.2|WP_021292782.1,0,0,1,1,0,0,0,0,0,0,0
GCF_000801185.2|WP_021292783.1,0,0,1,1,0,0,0,0,0,0,0
GCF_000801185.2|WP_021292784.1,0,0,1,1,0,0,0,0,0,0,0
GCF_000801185.2|WP_021292787.1,0,0,1,1,0,0,0,0,0,0,0
GCF_000801185.2|WP_021292788.1,0,0,1,1,0,0,0,0,0,0,0
GCF_000801185.2|WP_021292789.1,0,1,1,1,0,0,0,0,0,0,0
GCF_000801185.2|WP_021292791.1,0,0,1,1,0,0,0,0,0,0,0
GCF_000801185.2|WP_021292795.1,0,0,1,1,0,0,0,0,0,0,0
GCF_000801185.2|WP_021292796.1,0,0,1,1,0,0,0,0,0,0,0
GCF_000801185.2|WP_021292797.1,0,0,1,1,0,0,0,0,0,0,0
GCF_000801185.2|WP_021292799.1,0,0,1,1,0,0,0,0,0,0,0
GCF_000801185.2|WP_021292801.1,0,0,1,1,0,0,0,0,0,0,0
GCF_000801185.2|WP_021292876.1,1,0,0,1,0,0,1,1,1,0,1
GCF_000801185.2|WP_021292909.1,0,1,1,1,0,0,0,1,1,1,0
GCF_000801185.2|WP_021292930.1,0,0,1,1,0,0,0,0,0,0,0
GCF_000801185.2|WP_021292931.1,0,0,0,1,0,0,0,0,0,0,1
GCF_000801185.2|WP_021292998.1,0,0,1,1,0,0,0,0,0,0,0
GCF_000801185.2|WP_021293056.1,0,0,0,1,0,0,0,0,0,0,0
GCF_000801185.2|WP_021293058.1,0,0,0,1,0,0,0,0,0,0,0
GCF_000801185.2|WP_021293063.1,0,0,0,1,0,0,0,0,0,0,0
GCF_000801185.2|WP_021293066.1,0,1,0,1,0,0,0,0,0,0,0
GCF_000801185.2|WP_021293090.1,0,0,0,1,0,0,0,0,0,0,0
GCF_000801185.2|WP_021293099.1,0,0,1,1,0,0,0,0,0,0,0
GCF_000801185.2|WP_021293107.1,0,0,0,1,0,0,0,0,0,0,0
GCF_000801185.2|WP_021293110.1,0,0,0,1,0,0,0,0,0,0,0
GCF_000801185.2|WP_021293132.1,0,0,0,1,0,0,0,0,0,0,0
GCF_000801185.2|WP_021293134.1,0,0,0,1,1,1,0,0,0,0,0
GCF_000801185.2|WP_021293137.1,0,0,0,1,0,0,0,0,0,0,0
GCF_000801185.2|WP_021293159.1,0,0,1,1,0,0,0,0,0,0,0
GCF_000801185.2|WP_021293171.1,0,1,1,1,0,0,0,0,0,1,0
GCF_000801185.2|WP_021293226.1,0,0,0,1,0,0,0,0,0,0,0
GCF_000801185.2|WP_021293227.1,0,0,0,1,0,0,0,0,0,0,0
GCF_000801185.2|WP_021293254.1,0,0,1,1,0,0,0,0,0,0,0
GCF_000801185.2|WP_021293303.1,0,0,1,1,0,0,0,0,0,0,0
GCF_000801185.2|WP_021293304.1,0,0,1,1,0,0,0,0,0,0,0
GCF_000801185.2|WP_021293310.1,0,0,1,1,0,0,0,0,0,0,0
GCF_000801185.2|WP_021293311.1,0,0,1,1,0,0,0,0,0,0,0
GCF_000801185.2|WP_021293313.1,0,0,1,1,0,0,0,0,0,0,0
GCF_000801185.2|WP_021293339.1,0,0,1,1,0,0,0,0,0,0,0
GCF_000801185.2|WP_021293344.1,0,0,0,1,0,0,0,0,0,0,0
GCF_000801185.2|WP_021293345.1,0,0,0,1,0,0,0,0,0,0,0
GCF_000801185.2|WP_021293365.1,0,0,0,1,0,0,0,0,0,0,0
GCF_000801185.2|WP_021293378.1,0,0,0,1,0,0,0,0,0,0,0
GCF_000801185.2|WP_021293385.1,1,0,1,1,0,0,0,0,0,0,0
GCF_000801185.2|WP_021293394.1,0,0,0,1,0,0,0,0,0,0,0
GCF_000801185.2|WP_021293397.1,1,1,1,1,1,1,1,1,1,1,1
GCF_000801185.2|WP_021293439.1,0,0,0,1,0,0,0,0,0,0,0
GCF_000801185.2|WP_021293440.1,0,0,0,1,0,0,0,0,0,0,0
GCF_000801185.2|WP_021293441.1,0,0,0,1,0,0,0,0,0,0,0
GCF_000801185.2|WP_021293442.1,0,0,0,1,0,0,0,0,0,0,0
GCF_000801185.2|WP_021293450.1,0,0,1,1,0,0,0,0,0,0,0
GCF_000801185.2|WP_021293454.1,0,0,0,1,0,0,0,0,0,0,0
GCF_000801185.2|WP_021293489.1,0,0,0,1,0,0,0,0,0,0,0
GCF_000801185.2|WP_021293490.1,0,0,0,1,0,0,0,0,0,0,0
GCF_000801185.2|WP_021552435.1,0,0,0,1,0,0,0,0,0,0,1
GCF_000801185.2|WP_021578710.1,0,0,0,1,0,0,0,0,0,0,0
GCF_000801185.2|WP_024173694.1,0,0,1,1,0,0,0,0,0,0,0
GCF_000801185.2|WP_024174019.1,1,1,1,1,1,1,1,1,1,1,1
GCF_000801185.2|WP_024177317.1,0,0,0,1,0,0,0,0,0,0,0
GCF_000801185.2|WP_024190854.1,0,0,0,1,0,0,0,0,0,0,0
GCF_000801185.2|WP_024199659.1,0,0,1,1,0,0,0,0,0,0,0
GCF_000801185.2|WP_024199660.1,0,0,1,1,0,0,0,0,0,0,0
GCF_000801185.2|WP_024199668.1,0,0,0,1,0,0,0,0,0,0,0
GCF_000801185.2|WP_024199674.1,0,1,0,1,0,0,0,0,0,0,0
GCF_000801185.2|WP_024199679.1,0,0,1,1,0,0,0,0,0,0,0
GCF_000801185.2|WP_024199692.1,0,0,0,1,0,0,0,0,0,0,0
GCF_000801185.2|WP_024199761.1,0,1,1,1,0,0,0,0,0,0,0
GCF_000801185.2|WP_024199769.1,0,0,0,1,0,0,0,0,0,0,0
GCF_000801185.2|WP_031314521.1,1,0,0,1,0,0,0,0,0,0,0
GCF_000801185.2|WP_032149715.1,0,0,0,1,0,0,0,0,0,0,0
GCF_000801185.2|WP_032150120.1,0,0,0,1,0,0,0,0,0,0,0
GCF_000801185.2|WP_032317051.1,0,0,0,1,0,0,0,0,0,0,0
GCF_000801185.2|WP_032317171.1,0,0,0,1,0,0,0,0,0,0,0
GCF_000801185.2|WP_033817147.1,0,0,1,1,0,0,0,0,0,0,0
GCF_000801185.2|WP_039259893.1,0,0,0,1,0,0,0,0,0,0,0
GCF_000801185.2|WP_039259895.1,0,0,0,1,0,0,0,0,0,0,0
GCF_000801185.2|WP_040118365.1,0,0,1,1,0,0,0,0,0,0,0
GCF_000801185.2|WP_040118366.1,0,0,0,1,0,0,0,0,0,0,0
GCF_000801185.2|WP_040118372.1,0,0,0,1,0,0,0,0,0,0,0
GCF_000801185.2|WP_040118373.1,0,0,1,1,0,0,0,0,0,0,0
GCF_000801185.2|WP_040118375.1,1,1,1,1,1,1,1,1,1,1,1
GCF_000801185.2|WP_040118377.1,0,0,0,1,0,0,0,0,0,0,0
GCF_000801185.2|WP_048264131.1,0,0,1,1,0,0,0,0,0,0,0
GCF_000801185.2|WP_071531845.1,0,0,1,1,0,0,0,0,0,0,0
GCF_000801185.2|WP_071883250.1,0,0,0,1,0,0,0,0,0,0,0
GCF_000801185.2|WP_072094473.1,0,0,1,1,0,0,0,0,0,0,0
GCF_000801185.2|WP_122996095.1,1,0,0,1,1,1,0,0,0,1,0
GCF_000801185.2|WP_129560323.1,0,0,0,1,0,0,0,0,0,0,0
GCF_000801185.2|WP_148935988.1,0,0,0,1,0,0,0,0,0,0,0
GCF_000801185.2|WP_148936795.1,0,0,0,1,0,0,0,0,0,0,0
GCF_000801185.2|WP_157903494.1,0,0,0,1,0,0,0,0,0,0,0
GCF_000801185.2|WP_172968413.1,0,0,0,1,0,0,0,0,0,0,0
GCF_000801185.2|WP_187642537.1,0,0,0,1,0,0,0,0,0,0,0
GCF_000801185.2|WP_225276405.1,0,0,1,1,0,0,0,0,0,0,0
GCF_000801185.2|WP_244468453.1,0,0,1,1,0,0,0,0,0,0,0
GCF_000801185.2|WP_244469305.1,0,0,0,1,0,0,0,0,0,0,0
GCF_000801185.2|WP_249399658.1,0,0,0,1,0,0,0,0,0,0,0
GCF_000801185.2|WP_306292336.1,0,0,0,1,0,0,0,0,0,0,0
GCF_000801185.2|WP_306308484.1,0,0,1,1,0,0,0,0,0,0,0
GCF_000801185.2|WP_306308498.1,0,0,0,1,0,0,0,0,0,0,0
GCF_000801185.2|WP_418886025.1,0,0,0,1,0,0,0,0,0,0,0
GCF_000801185.2|WP_418886155.1,0,0,0,1,0,0,0,0,0,0,0
GCF_000830035.1|WP_000006260.1,1,0,0,0,1,1,1,1,1,0,1
GCF_000830035.1|WP_000014858.1,1,1,0,1,1,1,1,1,1,1,1
GCF_000830035.1|WP_000020596.1,1,1,0,0,1,1,0,0,0,0,1
GCF_000830035.1|WP_000026224.1,0,0,0,0,1,0,0,0,0,0,0
GCF_000830035.1|WP_000040858.1,1,1,0,1,1,1,1,1,0,1,0
GCF_000830035.1|WP_000045178.1,1,1,1,1,1,1,1,1,1,1,1
GCF_000830035.1|WP_000050905.1,0,0,0,0,1,1,0,0,0,0,1
GCF_000830035.1|WP_000064010.1,0,0,1,0,1,1,0,0,0,1,1
GCF_000830035.1|WP_000065752.1,0,0,1,1,1,1,0,0,0,1,1
GCF_000830035.1|WP_000082780.1,0,0,0,0,1,1,1,1,1,0,0
GCF_000830035.1|WP_000104800.1,0,0,0,0,1,1,0,0,0,1,0
GCF_000830035.1|WP_000107574.1,1,0,0,0,1,1,1,1,1,0,1
GCF_000830035.1|WP_000118626.1,0,0,0,0,1,1,1,1,1,0,0
GCF_000830035.1|WP_000131234.1,0,1,0,0,1,1,1,1,1,0,0
GCF_000830035.1|WP_000166319.1,0,0,0,0,1,1,1,1,0,1,0
GCF_000830035.1|WP_000172051.1,0,0,0,0,1,0,0,0,0,0,0
GCF_000830035.1|WP_000178163.1,0,0,0,0,1,1,1,1,1,0,1
GCF_000830035.1|WP_000179691.1,1,1,1,1,1,1,1,1,1,1,1
GCF_000830035.1|WP_000193293.1,1,0,0,0,1,1,1,1,1,0,0
GCF_000830035.1|WP_000196203.1,0,0,0,0,1,1,0,0,0,1,0
GCF_000830035.1|WP_000201405.1,0,0,0,0,1,1,0,0,0,1,0
GCF_000830035.1|WP_000217934.1,0,0,0,0,1,1,1,1,1,0,0
GCF_000830035.1|WP_000233810.1,0,0,0,0,1,1,1,1,1,1,0
GCF_000830035.1|WP_000235975.1,0,1,0,0,1,1,0,0,0,0,0
GCF_000830035.1|WP_000250228.1,0,0,0,0,1,1,0,0,0,0,1
GCF_000830035.1|WP_000254999.1,0,0,0,0,1,1,1,1,1,0,1
GCF_000830035.1|WP_000256575.1,0,0,0,0,1,0,0,0,0,0,0
GCF_000830035.1|WP_000258604.1,1,1,0,0,1,1,1,1,1,0,1
GCF_000830035.1|WP_000268704.1,0,0,0,0,1,1,0,0,0,0,1
GCF_000830035.1|WP_000273128.1,0,0,0,0,1,1,0,0,0,0,1
GCF_000830035.1|WP_000354251.1,0,0,0,0,1,1,1,1,1,0,0
GCF_000830035.1|WP_000355616.1,0,0,0,0,1,1,1,1,1,0,1
GCF_000830035.1|WP_000443948.1,0,0,0,0,1,1,1,1,1,0,0
GCF_000830035.1|WP_000460843.1,1,1,1,1,1,1,1,1,1,1,0
GCF_000830035.1|WP_000483767.1,0,0,0,0,1,1,1,1,1,0,0
GCF_000830035.1|WP_000487766.1,0,0,0,1,1,1,1,1,1,0,1
GCF_000830035.1|WP_000535345.1,1,1,0,1,1,1,1,1,1,0,1
GCF_000830035.1|WP_000545733.1,1,0,0,0,1,1,0,0,0,0,1
GCF_000830035.1|WP_000590251.1,0,1,0,0,1,1,0,0,0,0,0
GCF_000830035.1|WP_000594405.1,0,0,0,0,1,1,1,1,1,0,1
GCF_000830035.1|WP_000600622.1,0,0,0,0,1,1,1,1,1,0,0
GCF_000830035.1|WP_000611568.1,0,0,0,0,1,1,1,1,1,0,1
GCF_000830035.1|WP_000628034.1,1,1,1,1,1,1,1,1,1,1,1
GCF_000830035.1|WP_000643701.1,0,1,1,1,1,1,1,1,1,1,1
GCF_000830035.1|WP_000651266.1,1,1,1,1,1,1,1,1,1,1,1
GCF_000830035.1|WP_000698909.1,1,1,1,1,1,1,1,1,1,1,1
GCF_000830035.1|WP_000722973.1,0,0,0,0,1,1,1,1,1,0,0
GCF_000830035.1|WP_000783735.1,1,0,0,0,1,0,0,0,0,0,0
GCF_000830035.1|WP_000829156.1,0,1,0,0,1,1,0,0,0,1,0
GCF_000830035.1|WP_000837667.1,0,1,0,1,1,1,0,0,0,0,0
GCF_000830035.1|WP_000856353.1,1,0,0,0,1,1,1,1,1,0,1
GCF_000830035.1|WP_000877768.1,0,0,0,0,1,1,1,1,1,0,1
GCF_000830035.1|WP_000889232.1,0,0,0,0,1,0,0,0,0,0,0
GCF_000830035.1|WP_000913828.1,1,1,1,1,1,1,1,1,1,1,1
GCF_000830035.1|WP_000939263.1,0,0,0,1,1,1,1,1,1,0,1
GCF_000830035.1|WP_000981003.1,0,0,0,0,1,1,1,1,1,0,0
GCF_000830035.1|WP_000981380.1,0,0,0,0,1,1,0,1,0,0,0
GCF_000830035.1|WP_000999851.1,0,0,0,0,1,1,0,0,0,0,1
GCF_000830035.1|WP_001016348.1,0,0,0,0,1,1,1,1,1,0,0
GCF_000830035.1|WP_001026900.1,1,1,1,0,1,1,0,0,0,1,0
GCF_000830035.1|WP_001039932.1,0,1,0,0,1,1,0,0,0,1,0
GCF_000830035.1|WP_001047321.1,0,0,0,0,1,1,0,0,0,1,0
GCF_000830035.1|WP_001054376.1,0,0,0,0,1,1,1,1,1,0,0
GCF_000830035.1|WP_001063206.1,0,0,0,0,1,1,1,1,1,0,0
GCF_000830035.1|WP_001092355.1,0,0,0,0,1,0,0,0,0,0,0
GCF_000830035.1|WP_001128347.1,1,1,1,1,1,1,1,1,1,1,1
GCF_000830035.1|WP_001128468.1,0,0,0,0,1,1,0,0,0,0,1
GCF_000830035.1|WP_001153640.1,0,1,0,0,1,1,0,0,0,0,0
GCF_000830035.1|WP_001154431.1,0,0,0,0,1,1,0,0,0,1,0
GCF_000830035.1|WP_001197411.1,0,0,0,0,1,1,1,1,1,0,0
GCF_000830035.1|WP_001217575.1,0,0,0,0,1,1,0,0,0,1,0
GCF_000830035.1|WP_001235469.1,1,0,0,0,1,0,1,1,1,1,1
GCF_000830035.1|WP_001247707.1,0,0,0,0,1,1,0,0,0,1,0
GCF_000830035.1|WP_001264601.1,1,1,1,1,1,1,1,1,1,1,1
GCF_000830035.1|WP_001290250.1,0,0,0,0,1,1,0,0,0,0,1
GCF_000830035.1|WP_001293436.1,1,1,1,1,1,1,0,1,1,1,1
GCF_000830035.1|WP_001295629.1,1,1,1,1,1,1,1,1,1,1,1
GCF_000830035.1|WP_001297301.1,0,0,0,0,1,1,1,1,1,0,0
GCF_000830035.1|WP_001309181.1,0,0,0,0,1,1,1,1,1,0,0
GCF_000830035.1|WP_001309182.1,0,0,0,0,1,1,1,1,1,0,0
GCF_000830035.1|WP_001313395.1,0,1,0,0,1,1,0,0,0,0,0
GCF_000830035.1|WP_001317028.1,0,1,0,0,1,1,1,1,0,1,0
GCF_000830035.1|WP_001318550.1,0,0,0,0,1,1,1,1,1,0,0
GCF_000830035.1|WP_001319146.1,0,1,1,1,1,1,1,1,1,1,1
GCF_000830035.1|WP_001320180.1,0,0,0,0,1,1,1,1,1,0,0
GCF_000830035.1|WP_001321204.1,0,0,0,0,1,1,0,0,0,1,0
GCF_000830035.1|WP_012767744.1,1,1,1,0,1,1,1,1,1,1,1
GCF_000830035.1|WP_012775982.1,0,0,1,1,1,1,1,1,1,1,1
GCF_000830035.1|WP_023147221.1,0,1,1,1,1,1,0,0,0,1,1
GCF_000830035.1|WP_071842248.1,0,0,0,0,1,0,0,0,0,0,0
GCF_000830035.1|WP_120795385.1,0,0,0,1,1,1,1,1,1,0,1
GCF_000830035.1|WP_211180513.1,1,0,1,1,1,1,1,1,1,0,1
GCF_000830035.1|WP_223704555.1,0,0,0,0,1,1,0,0,0,1,0
GCF_000833145.1|WP_000002107.1,0,0,0,0,0,1,0,0,0,0,0
GCF_000833145.1|WP_000015362.1,0,0,0,0,1,1,0,0,0,0,0
GCF_000833145.1|WP_000030740.1,1,1,1,1,1,1,1,1,1,1,1
GCF_000833145.1|WP_000040994.1,0,0,0,0,1,1,0,0,0,0,0
GCF_000833145.1|WP_000069818.1,0,0,0,0,1,1,0,0,0,0,0
GCF_000833145.1|WP_000074142.1,0,0,0,0,1,1,0,0,0,0,0
GCF_000833145.1|WP_000097983.1,1,1,1,1,1,1,1,1,1,1,1
GCF_000833145.1|WP_000113283.1,0,0,0,0,0,1,0,0,0,0,0
GCF_000833145.1|WP_000115390.1,0,0,0,0,1,1,0,0,0,0,0
GCF_000833145.1|WP_000124289.1,0,1,0,0,1,1,0,0,0,0,0
GCF_000833145.1|WP_000135616.1,0,0,0,0,1,1,0,0,0,0,0
GCF_000833145.1|WP_000159335.1,0,0,0,0,1,1,0,0,0,0,0
GCF_000833145.1|WP_000161786.1,0,0,0,0,1,1,0,0,0,0,0
GCF_000833145.1|WP_000194414.1,0,0,0,0,1,1,0,0,0,0,0
GCF_000833145.1|WP_000204789.1,0,0,0,0,0,1,0,0,0,0,0
GCF_000833145.1|WP_000214035.1,0,0,0,0,1,1,0,0,0,0,0
GCF_000833145.1|WP_000216259.1,0,0,0,0,1,1,0,0,0,1,0
GCF_000833145.1|WP_000227786.1,0,0,0,1,1,1,0,0,0,0,0
GCF_000833145.1|WP_000323726.1,0,0,0,0,1,1,0,0,0,0,0
GCF_000833145.1|WP_000340445.1,0,0,0,0,1,1,0,0,0,0,0
GCF_000833145.1|WP_000370546.1,0,0,0,0,1,1,0,0,0,0,0
GCF_000833145.1|WP_000394418.1,0,0,0,0,0,1,0,0,0,0,0
GCF_000833145.1|WP_000404861.1,0,1,0,0,1,1,0,0,0,0,0
GCF_000833145.1|WP_000412404.1,0,1,0,0,1,1,0,0,0,0,0
GCF_000833145.1|WP_000463026.1,0,0,0,0,1,1,0,0,0,0,0
GCF_000833145.1|WP_000520360.1,0,1,0,1,1,1,0,0,0,1,1
GCF_000833145.1|WP_000551482.1,0,0,0,0,1,1,0,0,0,0,1
GCF_000833145.1|WP_000579244.1,0,1,0,0,1,1,0,0,0,0,0
GCF_000833145.1|WP_000589802.1,0,0,0,0,1,1,0,0,0,0,0
GCF_000833145.1|WP_000603805.1,0,0,0,0,0,1,0,0,0,0,0
GCF_000833145.1|WP_000614784.1,0,0,0,0,1,1,0,0,0,0,0
GCF_000833145.1|WP_000677419.1,0,0,0,0,1,1,0,0,0,0,0
GCF_000833145.1|WP_000690820.1,0,0,0,0,1,1,0,0,0,0,0
GCF_000833145.1|WP_000700140.1,0,0,0,0,1,1,0,0,0,0,0
GCF_000833145.1|WP_000720774.1,0,0,0,0,1,1,0,0,0,0,0
GCF_000833145.1|WP_000749926.1,1,0,0,0,1,1,0,0,0,0,0
GCF_000833145.1|WP_000751614.1,0,1,0,0,1,1,0,0,0,0,0
GCF_000833145.1|WP_000762846.1,0,0,0,0,0,1,0,0,0,0,0
GCF_000833145.1|WP_000773160.1,0,0,0,0,1,1,0,0,0,0,0
GCF_000833145.1|WP_000780584.1,1,1,1,1,1,1,1,1,1,1,1
GCF_000833145.1|WP_000789017.1,0,0,0,0,1,1,0,0,0,0,0
GCF_000833145.1|WP_000789849.1,1,1,1,1,1,1,1,1,1,0,1
GCF_000833145.1|WP_000852398.1,1,1,1,1,1,1,1,1,1,1,1
GCF_000833145.1|WP_000936465.1,0,0,0,0,1,1,0,0,0,0,0
GCF_000833145.1|WP_000974872.1,0,0,1,0,1,1,0,0,0,0,0
GCF_000833145.1|WP_000991482.1,0,0,0,0,1,1,0,0,0,0,0
GCF_000833145.1|WP_000998331.1,0,0,0,0,1,1,0,0,0,0,0
GCF_000833145.1|WP_000998544.1,0,0,0,0,1,1,0,0,0,0,0
GCF_000833145.1|WP_001032214.1,0,0,0,0,1,1,0,0,0,0,0
GCF_000833145.1|WP_001033615.1,1,1,1,1,1,1,1,1,1,1,1
GCF_000833145.1|WP_001034589.1,0,0,0,0,1,1,0,0,0,0,0
GCF_000833145.1|WP_001038839.1,0,0,0,0,1,1,0,0,0,0,0
GCF_000833145.1|WP_001059831.1,0,0,0,0,1,1,0,0,0,0,0
GCF_000833145.1|WP_001060532.1,0,0,0,0,1,1,0,0,0,0,0
GCF_000833145.1|WP_001066390.1,0,1,0,1,1,1,0,0,0,0,0
GCF_000833145.1|WP_001093393.1,0,0,0,0,1,1,0,0,0,0,0
GCF_000833145.1|WP_001104982.1,0,0,0,0,0,1,0,0,0,0,0
GCF_000833145.1|WP_001140843.1,0,0,0,0,1,1,0,0,0,0,0
GCF_000833145.1|WP_001157925.1,0,0,0,0,1,1,0,0,0,0,0
GCF_000833145.1|WP_001218995.1,0,0,0,0,0,1,0,0,0,0,1
GCF_000833145.1|WP_001227362.1,0,0,0,0,1,1,0,0,0,0,0
GCF_000833145.1|WP_001230642.1,0,0,0,0,1,1,0,0,0,0,0
GCF_000833145.1|WP_001268667.1,0,0,0,0,1,1,0,0,0,0,0
GCF_000833145.1|WP_001276099.1,0,0,0,0,1,1,0,0,0,0,0
GCF_000833145.1|WP_001278664.1,0,0,1,1,1,1,0,0,0,0,0
GCF_000833145.1|WP_001301301.1,0,0,0,0,1,1,0,0,0,0,0
GCF_000833145.1|WP_001305068.1,0,0,0,0,0,1,0,0,0,0,0
GCF_000833145.1|WP_001313396.1,0,0,0,0,1,1,0,0,0,0,0
GCF_000833145.1|WP_001318412.1,0,0,0,1,1,1,0,0,0,0,0
GCF_000833145.1|WP_001320327.1,0,0,0,0,1,1,0,0,0,0,0
GCF_000833145.1|WP_001324497.1,1,0,0,0,0,1,0,0,0,0,0
GCF_000833145.1|WP_001326841.1,0,0,0,0,1,1,0,0,0,0,0
GCF_000833145.1|WP_001703923.1,0,0,0,0,1,1,0,0,0,0,0
GCF_000833145.1|WP_012775983.1,0,0,0,0,0,1,0,0,0,0,0
GCF_000833145.1|WP_012777340.1,1,0,0,0,1,1,0,0,0,0,0
GCF_000833145.1|WP_024181909.1,0,0,0,0,1,1,0,0,0,0,0
GCF_000833145.1|WP_048339841.1,0,0,0,0,1,1,0,0,0,0,0
GCF_000833145.1|WP_077626112.1,0,0,0,0,1,1,0,0,0,0,0
GCF_000833145.1|WP_085948656.1,1,1,0,1,1,1,1,1,1,0,1
GCF_000833145.1|WP_175565144.1,1,1,1,1,1,1,1,1,1,1,1
GCF_000833145.1|WP_223343795.1,0,0,0,0,1,1,0,0,0,0,0
GCF_000833145.1|WP_223343796.1,0,0,0,0,1,1,0,0,0,0,0
GCF_000833145.1|WP_225089326.1,0,0,0,0,0,1,0,0,0,0,0
GCF_000833145.1|WP_226347323.1,0,0,0,0,1,1,0,0,0,0,0
GCF_000833145.1|WP_230872760.1,0,1,0,0,1,1,0,0,0,0,0
GCF_000833635.2|WP_000012218.1,0,0,0,0,0,0,1,1,1,0,0
GCF_000833635.2|WP_000036434.1,0,1,0,1,1,1,1,1,1,0,0
GCF_000833635.2|WP_000067507.1,1,0,0,0,0,0,1,1,1,0,0
GCF_000833635.2|WP_000105143.1,0,1,0,0,0,0,1,1,1,1,0
GCF_000833635.2|WP_000116326.1,1,1,1,1,1,1,1,1,1,1,1
GCF_000833635.2|WP_000135077.1,1,1,1,1,1,1,1,1,1,1,1
GCF_000833635.2|WP_000136402.1,0,0,0,0,0,0,1,1,1,0,0
GCF_000833635.2|WP_000150333.1,0,0,0,0,0,0,1,1,1,0,0
GCF_000833635.2|WP_000155570.1,0,0,0,0,0,0,1,1,1,0,0
GCF_000833635.2|WP_000158225.1,0,0,0,0,0,0,1,1,1,0,0
GCF_000833635.2|WP_000188051.1,0,0,0,0,0,0,1,1,1,0,1
GCF_000833635.2|WP_000189409.1,0,0,1,0,0,0,1,1,1,0,1
GCF_000833635.2|WP_000272486.1,0,0,0,0,0,0,1,1,1,0,0
GCF_000833635.2|WP_000281400.1,1,0,0,0,0,0,1,1,1,0,1
GCF_000833635.2|WP_000323025.1,0,1,0,0,0,0,1,1,1,1,0
GCF_000833635.2|WP_000344964.1,0,0,0,0,0,0,1,1,1,0,0
GCF_000833635.2|WP_000350612.1,0,1,1,0,0,0,1,1,1,1,1
GCF_000833635.2|WP_000362028.1,0,0,0,0,0,0,1,1,1,0,0
GCF_000833635.2|WP_000373366.1,0,0,0,0,0,0,1,1,1,0,0
GCF_000833635.2|WP_000433152.1,0,0,0,0,0,0,1,1,1,0,0
GCF_000833635.2|WP_000445380.1,0,0,0,0,0,0,1,1,1,0,0
GCF_000833635.2|WP_000448564.1,0,0,1,1,1,1,1,1,1,0,0
GCF_000833635.2|WP_000455114.1,0,0,0,0,0,0,1,1,1,0,1
GCF_000833635.2|WP_000461704.1,0,0,0,0,0,0,1,1,1,0,0
GCF_000833635.2|WP_000465371.1,0,0,0,0,0,0,1,1,1,0,0
GCF_000833635.2|WP_000468310.1,0,1,0,0,1,1,1,1,1,1,0
GCF_000833635.2|WP_000481742.1,0,0,0,1,0,0,1,1,1,0,1
GCF_000833635.2|WP_000494172.1,0,1,0,0,0,0,1,1,1,0,0
GCF_000833635.2|WP_000502050.1,0,0,0,0,0,0,1,1,1,0,0
GCF_000833635.2|WP_000510827.1,0,0,0,0,0,0,1,1,1,0,0
GCF_000833635.2|WP_000534858.1,0,1,0,0,0,0,1,1,1,0,0
GCF_000833635.2|WP_000601187.1,0,0,0,0,0,0,1,1,1,0,0
GCF_000833635.2|WP_000632913.1,0,1,0,0,0,0,1,1,1,0,1
GCF_000833635.2|WP_000639866.1,0,0,0,0,0,0,1,1,1,0,0
GCF_000833635.2|WP_000683964.1,0,0,0,0,0,0,1,1,1,0,0
GCF_000833635.2|WP_000693797.1,0,1,0,0,0,0,1,1,1,0,0
GCF_000833635.2|WP_000698745.1,1,1,1,1,1,1,1,1,1,0,1
GCF_000833635.2|WP_000702495.1,0,0,0,0,0,0,1,1,1,0,0
GCF_000833635.2|WP_000722348.1,0,0,0,0,0,0,1,1,1,0,1
GCF_000833635.2|WP_000767280.1,0,0,0,0,0,0,1,1,1,0,1
GCF_000833635.2|WP_000773156.1,1,0,0,0,0,0,1,1,1,0,1
GCF_000833635.2|WP_000790279.1,0,0,0,0,0,0,1,1,1,0,0
GCF_000833635.2|WP_000824222.1,0,0,0,0,0,0,1,1,1,0,0
GCF_000833635.2|WP_000856081.1,1,1,1,1,1,1,1,1,1,1,1
GCF_000833635.2|WP_000896263.1,0,0,0,0,0,0,1,1,1,0,0
GCF_000833635.2|WP_000899748.1,0,0,0,0,0,0,1,1,1,0,0
GCF_000833635.2|WP_000914994.1,0,0,0,0,0,0,1,1,1,0,0
GCF_000833635.2|WP_000915541.1,0,0,0,0,0,0,1,1,1,0,0
GCF_000833635.2|WP_000920568.1,0,0,1,1,1,1,1,1,1,0,0
GCF_000833635.2|WP_000937655.1,0,1,0,0,0,0,1,1,1,0,0
GCF_000833635.2|WP_000988600.1,0,0,0,0,0,0,1,1,1,0,1
GCF_000833635.2|WP_001030215.1,0,0,0,0,0,0,1,1,1,0,0
GCF_000833635.2|WP_001050401.1,1,0,0,0,0,0,1,1,1,0,0
GCF_000833635.2|WP_001067008.1,0,0,0,0,0,0,1,1,1,0,0
GCF_000833635.2|WP_001071769.1,1,0,0,0,0,0,1,1,1,1,0
GCF_000833635.2|WP_001140187.1,1,1,1,1,1,1,1,1,1,1,1
GCF_000833635.2|WP_001171942.1,0,0,0,0,0,0,1,1,1,0,0
GCF_000833635.2|WP_001236433.1,0,0,0,0,0,0,1,1,1,0,0
GCF_000833635.2|WP_001272447.1,0,0,0,0,0,0,1,1,1,0,0
GCF_000833635.2|WP_001293115.1,0,0,0,0,0,0,1,1,1,0,0
GCF_000833635.2|WP_001301033.1,0,0,0,0,0,0,1,1,1,0,0
GCF_000833635.2|WP_001310874.1,0,1,0,0,1,1,1,1,1,0,1
GCF_000833635.2|WP_001311157.1,0,0,0,0,0,0,1,1,1,0,0
GCF_000833635.2|WP_001326558.1,0,0,0,0,0,0,1,1,1,0,1
GCF_000833635.2|WP_001326916.1,0,0,0,0,0,0,1,1,1,0,1
GCF_000833635.2|WP_001326990.1,0,0,0,0,0,0,1,1,1,0,0
GCF_000833635.2|WP_001350510.1,0,0,0,0,0,0,1,1,1,0,0
GCF_000833635.2|WP_001350525.1,0,0,0,0,0,0,1,1,1,0,0
GCF_000833635.2|WP_001350560.1,1,1,1,1,1,1,1,1,1,1,1
GCF_000833635.2|WP_001368374.1,1,1,1,1,1,1,1,1,1,1,0
GCF_000833635.2|WP_001393554.1,0,0,0,0,0,0,1,1,1,0,1
GCF_000833635.2|WP_001393555.1,0,1,0,0,0,0,1,1,1,0,0
GCF_000833635.2|WP_001407480.1,0,0,1,1,0,0,1,1,1,0,1
GCF_000833635.2|WP_001407542.1,0,0,0,0,0,0,1,1,1,0,0
GCF_000833635.2|WP_006250222.1,0,0,0,0,0,0,1,0,0,0,0
GCF_000833635.2|WP_010723099.1,1,0,0,0,0,0,1,1,1,0,1
GCF_000833635.2|WP_010723187.1,0,0,1,0,0,0,1,1,1,1,1
GCF_000833635.2|WP_011443592.1,0,0,0,0,0,0,1,1,1,0,0
GCF_000833635.2|WP_042405267.1,0,0,0,0,0,0,1,1,1,0,0
GCF_000833635.2|WP_071592174.1,0,0,0,0,0,0,1,1,1,1,1
GCF_000833635.2|WP_072042501.1,0,0,0,0,0,0,1,0,0,0,0
GCF_000833635.2|WP_120795388.1,0,0,0,0,0,0,1,1,1,0,0
GCF_000833635.2|WP_211180502.1,0,0,0,0,0,0,1,1,1,0,0
GCF_000833635.2|WP_223200729.1,0,0,0,1,0,0,1,1,1,0,1
GCF_000833635.2|WP_306304598.1,0,0,0,0,0,0,1,1,1,0,0
GCF_000952955.1|WP_000854672.1,0,0,0,1,1,1,1,1,1,0,1
GCF_000952955.1|WP_032243554.1,0,0,0,0,0,0,1,1,1,0,0
GCF_000952955.1|WP_071829664.1,0,0,0,0,0,0,0,1,0,0,0
GCF_000953515.1|WP_000052882.1,0,0,0,0,0,0,0,0,1,0,0
GCF_000953515.1|WP_000072039.1,0,0,1,0,0,0,0,1,1,0,0
GCF_000953515.1|WP_000081352.1,1,0,0,0,0,0,0,1,1,0,0
GCF_000953515.1|WP_000174714.1,1,1,1,1,1,1,1,1,1,1,1
GCF_000953515.1|WP_000211838.1,0,0,1,1,0,0,1,1,1,0,1
GCF_000953515.1|WP_000224818.1,0,0,1,0,0,0,0,1,1,0,0
GCF_000953515.1|WP_000388269.1,0,0,0,0,0,0,0,1,1,0,0
GCF_000953515.1|WP_000398186.1,0,0,0,0,0,0,0,0,1,0,0
GCF_000953515.1|WP_000406871.1,0,0,0,0,0,0,0,1,1,0,0
GCF_000953515.1|WP_000458337.1,0,0,0,0,0,0,0,0,1,0,0
GCF_000953515.1|WP_000520320.1,0,0,0,0,0,0,1,1,1,0,0
GCF_000953515.1|WP_000683389.1,0,0,0,0,0,0,0,0,1,0,0
GCF_000953515.1|WP_000703651.1,1,1,1,1,1,1,1,1,1,1,1
GCF_000953515.1|WP_000770246.1,1,1,1,1,1,1,1,1,1,1,1
GCF_000953515.1|WP_000770705.1,0,0,0,0,0,0,0,0,1,0,0
GCF_000953515.1|WP_000860996.1,0,0,1,1,0,0,1,1,1,0,1
GCF_000953515.1|WP_000865921.1,0,0,0,0,0,0,0,0,1,0,0
GCF_000953515.1|WP_001030800.1,0,0,0,0,0,0,0,1,1,0,0
GCF_000953515.1|WP_001214248.1,0,0,0,0,0,0,0,1,1,0,0
GCF_000953515.1|WP_001270762.1,0,0,0,0,0,0,0,0,1,0,0
GCF_000953515.1|WP_001272156.1,0,0,1,0,0,0,0,1,1,0,0
GCF_000953515.1|WP_001350483.1,0,0,0,0,0,0,0,1,1,0,0
GCF_000953515.1|WP_001407714.1,0,0,1,0,0,0,0,1,1,0,0
GCF_000953515.1|WP_010723122.1,0,0,0,0,0,0,0,0,1,0,0
GCF_000953515.1|WP_010723125.1,0,0,0,0,0,0,0,0,1,0,0
GCF_000953515.1|WP_211180486.1,0,0,0,0,0,0,0,1,1,0,0
GCF_000971615.1|WP_000008066.1,1,0,0,0,0,0,0,0,0,1,0
GCF_000971615.1|WP_000009226.1,0,1,1,0,0,0,0,0,0,1,0
GCF_000971615.1|WP_000009749.1,1,0,0,0,0,0,0,0,0,1,0
GCF_000971615.1|WP_000019009.1,0,0,0,0,0,0,0,0,0,1,0
GCF_000971615.1|WP_000027811.1,1,0,0,0,0,0,0,0,0,1,0
GCF_000971615.1|WP_000029081.1,1,0,0,0,0,0,0,0,0,1,0
GCF_000971615.1|WP_000036628.1,0,0,1,0,0,0,0,0,0,1,0
GCF_000971615.1|WP_000041317.1,0,0,1,0,0,0,0,0,0,1,0
GCF_000971615.1|WP_000043127.1,1,0,0,0,0,0,0,0,0,1,0
GCF_000971615.1|WP_000058708.1,0,0,1,0,0,0,0,0,0,1,0
GCF_000971615.1|WP_000059206.1,0,1,0,1,0,0,0,0,0,1,1
GCF_000971615.1|WP_000094292.1,0,1,0,0,0,0,0,0,0,1,0
GCF_000971615.1|WP_000106442.1,0,0,0,0,0,0,0,0,0,1,0
GCF_000971615.1|WP_000119441.1,0,0,1,0,0,0,0,0,0,1,0
GCF_000971615.1|WP_000119531.1,1,1,1,1,1,1,1,1,1,1,1
GCF_000971615.1|WP_000122239.1,0,0,1,0,0,0,0,0,0,1,0
GCF_000971615.1|WP_000144225.1,0,0,1,0,0,0,0,0,0,1,0
GCF_000971615.1|WP_000149055.1,1,1,1,1,0,0,1,1,1,1,1
GCF_000971615.1|WP_000151524.1,1,0,0,0,0,0,0,0,0,1,0
GCF_000971615.1|WP_000152739.1,0,0,0,0,0,0,0,0,0,1,0
GCF_000971615.1|WP_000152800.1,0,0,0,0,0,0,0,0,0,1,0
GCF_000971615.1|WP_000166365.1,0,0,0,0,0,0,0,0,0,1,0
GCF_000971615.1|WP_000171568.1,0,0,0,0,0,0,0,0,0,1,0
GCF_000971615.1|WP_000183810.1,0,0,1,0,0,0,0,0,0,1,0
GCF_000971615.1|WP_000184665.1,0,1,1,0,0,0,0,0,0,1,0
GCF_000971615.1|WP_000185422.1,0,0,0,0,0,0,0,0,0,1,0
GCF_000971615.1|WP_000201462.1,0,0,0,1,0,0,0,0,0,1,0
GCF_000971615.1|WP_000207842.1,0,0,0,0,0,0,0,0,0,1,0
GCF_000971615.1|WP_000218642.1,1,0,0,0,0,0,0,0,0,1,0
GCF_000971615.1|WP_000243498.1,0,0,0,0,0,0,0,0,0,1,0
GCF_000971615.1|WP_000247763.1,0,1,1,0,1,1,0,1,1,1,0
GCF_000971615.1|WP_000275035.1,0,0,0,1,0,0,0,0,0,1,0
GCF_000971615.1|WP_000279885.1,0,0,1,0,0,0,0,0,0,1,0
GCF_000971615.1|WP_000285319.1,1,0,0,0,0,0,0,0,0,1,0
GCF_000971615.1|WP_000342497.1,0,0,0,0,0,0,0,0,0,1,0
GCF_000971615.1|WP_000360581.1,0,0,0,0,0,0,0,0,0,1,0
GCF_000971615.1|WP_000362155.1,0,0,0,0,0,0,0,0,0,1,0
GCF_000971615.1|WP_000367226.1,1,0,0,0,0,0,0,0,0,1,0
GCF_000971615.1|WP_000371307.1,0,0,0,0,0,0,0,0,0,1,0
GCF_000971615.1|WP_000371477.1,0,0,1,0,0,0,0,0,0,1,0
GCF_000971615.1|WP_000375448.1,1,0,0,0,0,0,0,0,0,1,0
GCF_000971615.1|WP_000391950.1,0,0,0,0,0,0,0,0,0,1,0
GCF_000971615.1|WP_000402944.1,0,0,0,0,0,0,0,0,0,1,0
GCF_000971615.1|WP_000414996.1,1,0,0,0,0,0,0,0,0,1,0
GCF_000971615.1|WP_000450225.1,0,0,1,0,0,0,0,0,0,1,0
GCF_000971615.1|WP_000450723.1,0,0,0,0,0,0,0,0,0,1,0
GCF_000971615.1|WP_000451345.1,0,0,0,0,0,0,0,0,0,1,0
GCF_000971615.1|WP_000460900.1,0,0,0,0,0,0,0,0,0,1,0
GCF_000971615.1|WP_000469794.1,0,0,0,0,0,0,0,0,0,1,0
GCF_000971615.1|WP_000512950.1,1,1,1,1,1,1,1,1,1,1,1
GCF_000971615.1|WP_000522897.1,0,0,1,0,0,0,0,0,0,1,0
GCF_000971615.1|WP_000533466.1,0,0,1,0,0,0,0,0,0,1,0
GCF_000971615.1|WP_000551487.1,0,0,0,1,0,0,0,0,0,1,0
GCF_000971615.1|WP_000565927.1,0,0,1,0,0,0,0,0,0,1,0
GCF_000971615.1|WP_000581650.1,0,0,0,0,0,0,0,0,0,1,0
GCF_000971615.1|WP_000592033.1,0,0,1,1,0,0,0,0,0,1,0
GCF_000971615.1|WP_000609676.1,1,0,0,0,0,0,0,0,0,1,0
GCF_000971615.1|WP_000622057.1,0,0,0,0,0,0,0,0,0,1,0
GCF_000971615.1|WP_000624654.1,1,0,1,1,0,0,0,0,0,1,1
GCF_000971615.1|WP_000625667.1,0,0,0,0,0,0,0,0,0,1,0
GCF_000971615.1|WP_000628099.1,0,0,0,0,0,0,0,0,0,1,0
GCF_000971615.1|WP_000635646.1,0,0,1,0,0,0,0,0,0,1,0
GCF_000971615.1|WP_000638145.1,0,0,1,0,0,0,0,0,0,1,0
GCF_000971615.1|WP_000661408.1,0,0,1,0,0,0,0,0,0,1,0
GCF_000971615.1|WP_000666530.1,0,0,1,0,0,0,0,0,0,1,0
GCF_000971615.1|WP_000673524.1,0,1,0,1,0,0,0,0,0,1,1
GCF_000971615.1|WP_000693853.1,0,0,1,0,0,0,0,0,0,1,1
GCF_000971615.1|WP_000695774.1,0,0,1,0,0,0,0,0,0,1,0
GCF_000971615.1|WP_000702013.1,0,0,0,0,0,0,0,0,0,1,0
GCF_000971615.1|WP_000705394.1,1,0,0,0,0,0,0,0,0,1,0
GCF_000971615.1|WP_000711110.1,0,0,1,0,0,0,0,0,0,1,1
GCF_000971615.1|WP_000725257.1,1,0,0,0,0,0,0,0,0,1,0
GCF_000971615.1|WP_000730293.1,1,1,1,1,1,1,1,1,1,1,1
GCF_000971615.1|WP_000733565.1,0,0,1,0,0,0,0,0,0,1,0
GCF_000971615.1|WP_000737725.1,0,0,0,0,0,0,0,0,0,1,0
GCF_000971615.1|WP_000741702.1,0,0,0,0,0,0,0,0,0,1,0
GCF_000971615.1|WP_000742510.1,0,1,0,1,0,0,0,0,0,1,1
GCF_000971615.1|WP_000748140.1,0,1,1,1,1,1,1,1,1,1,1
GCF_000971615.1|WP_000758915.1,0,1,1,1,0,0,0,0,0,1,0
GCF_000971615.1|WP_000763311.1,0,0,0,0,0,0,0,0,0,1,0
GCF_000971615.1|WP_000773311.1,0,0,0,0,0,0,0,0,0,1,0
GCF_000971615.1|WP_000785662.1,1,1,1,1,1,1,1,1,1,1,1
GCF_000971615.1|WP_000788506.1,0,0,0,0,0,0,0,0,0,1,1
GCF_000971615.1|WP_000797400.1,0,0,1,0,0,0,0,0,0,1,0
GCF_000971615.1|WP_000799399.1,1,1,1,1,1,1,1,1,1,1,1
GCF_000971615.1|WP_000800868.1,1,0,0,0,0,0,0,0,0,1,0
GCF_000971615.1|WP_000804010.1,0,0,1,0,0,0,0,0,0,1,0
GCF_000971615.1|WP_000807561.1,0,0,1,0,0,0,0,0,0,1,0
GCF_000971615.1|WP_000835433.1,0,0,0,0,0,0,0,0,0,1,0
GCF_000971615.1|WP_000852372.1,0,0,0,0,0,0,0,0,0,1,0
GCF_000971615.1|WP_000859529.1,1,0,0,0,0,0,0,0,0,1,0
GCF_000971615.1|WP_000867182.1,1,0,0,0,0,0,0,0,0,1,0
GCF_000971615.1|WP_000871596.1,0,0,1,0,0,0,0,0,0,1,0
GCF_000971615.1|WP_000872077.1,0,0,0,0,0,0,0,0,0,1,0
GCF_000971615.1|WP_000922506.1,1,0,0,0,0,0,0,0,0,1,0
GCF_000971615.1|WP_000930136.1,0,0,0,0,0,0,0,0,0,1,0
GCF_000971615.1|WP_000938729.1,1,1,1,1,0,0,1,1,1,1,1
GCF_000971615.1|WP_000947398.1,0,0,1,0,0,0,0,0,0,1,0
GCF_000971615.1|WP_000949083.1,1,0,0,0,0,0,0,0,0,1,0
GCF_000971615.1|WP_000957774.1,1,1,1,1,1,1,1,1,1,1,1
GCF_000971615.1|WP_000985137.1,1,1,1,1,1,1,0,1,1,1,0
GCF_000971615.1|WP_000993248.1,0,0,0,0,0,0,0,0,0,1,0
GCF_000971615.1|WP_000993925.1,0,0,1,0,0,0,0,0,0,1,1
GCF_000971615.1|WP_000996600.1,0,0,1,0,0,0,0,0,0,1,0
GCF_000971615.1|WP_000996717.1,0,0,0,0,0,0,0,0,0,1,0
GCF_000971615.1|WP_001013091.1,1,0,0,0,0,0,0,0,0,1,0
GCF_000971615.1|WP_001014265.1,0,0,0,1,0,0,0,0,0,1,0
GCF_000971615.1|WP_001033999.1,0,0,1,1,0,0,0,0,0,1,0
GCF_000971615.1|WP_001037963.1,0,0,0,1,0,0,0,0,0,1,0
GCF_000971615.1|WP_001039467.1,0,0,0,0,0,0,0,0,0,1,0
GCF_000971615.1|WP_001040751.1,0,0,1,0,0,0,0,0,0,1,0
GCF_000971615.1|WP_001060171.1,0,0,0,0,0,0,0,0,0,1,0
GCF_000971615.1|WP_001060994.1,0,0,1,0,0,0,0,0,0,1,0
GCF_000971615.1|WP_001066128.1,0,0,0,0,0,0,0,0,0,1,0
GCF_000971615.1|WP_001066231.1,0,0,1,0,0,0,0,0,0,1,0
GCF_000971615.1|WP_001072337.1,0,0,0,0,0,0,0,0,0,1,0
GCF_000971615.1|WP_001078805.1,0,0,1,0,0,0,0,0,0,1,0
GCF_000971615.1|WP_001093673.1,1,0,0,0,0,0,0,0,0,1,0
GCF_000971615.1|WP_001097116.1,0,0,1,0,0,0,0,0,0,1,0
GCF_000971615.1|WP_001119492.1,1,1,1,1,1,1,1,1,1,1,1
GCF_000971615.1|WP_001132895.1,0,0,0,0,0,0,0,0,0,1,0
GCF_000971615.1|WP_001143110.1,1,0,0,0,0,0,0,0,0,1,0
GCF_000971615.1|WP_001150579.1,0,0,1,0,0,0,0,0,0,1,0
GCF_000971615.1|WP_001169518.1,1,1,1,1,1,1,1,1,1,1,1
GCF_000971615.1|WP_001183287.1,0,0,1,0,0,0,0,0,0,1,0
GCF_000971615.1|WP_001199686.1,0,0,1,0,0,0,0,0,0,1,0
GCF_000971615.1|WP_001244228.1,0,0,0,0,0,0,0,0,0,1,0
GCF_000971615.1|WP_001248924.1,1,0,0,0,0,0,0,0,0,1,0
GCF_000971615.1|WP_001252647.1,0,0,1,1,0,0,0,0,0,1,0
GCF_000971615.1|WP_001260507.1,1,0,0,0,0,0,0,0,0,1,0
GCF_000971615.1|WP_001266279.1,0,0,0,0,0,0,0,0,0,1,0
GCF_000971615.1|WP_001267006.1,0,0,0,0,0,0,0,0,0,1,0
GCF_000971615.1|WP_001276642.1,0,0,1,0,0,0,0,0,0,1,0
GCF_000971615.1|WP_001279080.1,0,0,0,0,0,0,0,0,0,1,0
GCF_000971615.1|WP_001281013.1,0,0,0,0,0,0,0,0,0,1,0
GCF_000971615.1|WP_001281184.1,0,1,1,0,0,0,0,0,0,1,0
GCF_000971615.1|WP_001293171.1,1,0,0,0,0,0,0,0,0,1,0
GCF_000971615.1|WP_001296816.1,0,1,1,0,0,0,0,0,0,1,0
GCF_000971615.1|WP_001315863.1,0,0,0,0,0,0,0,0,0,1,0
GCF_000971615.1|WP_001317336.1,0,0,0,0,0,0,0,0,0,1,0
GCF_000971615.1|WP_001341841.1,0,0,1,0,0,0,0,0,0,1,0
GCF_000971615.1|WP_001348108.1,0,1,0,1,0,0,0,0,0,1,0
GCF_000971615.1|WP_001350183.1,0,0,0,0,0,0,0,0,0,1,0
GCF_000971615.1|WP_001365705.1,0,0,0,0,0,0,0,0,0,1,0
GCF_000971615.1|WP_001395679.1,0,0,1,0,0,0,0,0,0,1,0
GCF_000971615.1|WP_001395971.1,0,0,1,0,0,0,0,0,0,1,0
GCF_000971615.1|WP_001396330.1,0,0,1,0,0,0,0,0,0,1,0
GCF_000971615.1|WP_001400936.1,1,1,1,1,1,1,1,1,1,1,1
GCF_000971615.1|WP_001402047.1,0,0,0,0,0,0,0,0,0,1,0
GCF_000971615.1|WP_001402122.1,0,0,1,0,0,0,0,0,0,1,0
GCF_000971615.1|WP_001402123.1,0,0,0,0,0,0,0,0,0,1,0
GCF_000971615.1|WP_001518830.1,0,0,0,0,0,0,0,0,0,1,0
GCF_000971615.1|WP_001524926.1,1,1,1,1,1,1,1,1,1,1,1
GCF_000971615.1|WP_001542642.1,0,0,1,0,0,0,0,0,0,1,0
GCF_000971615.1|WP_001542896.1,0,0,1,0,0,0,0,0,0,1,0
GCF_000971615.1|WP_001575658.1,0,0,0,0,0,0,0,0,0,1,0
GCF_000971615.1|WP_001726272.1,0,1,0,1,0,0,0,0,0,1,1
GCF_000971615.1|WP_004027535.1,0,0,0,1,0,0,1,1,1,1,1
GCF_000971615.1|WP_011254640.1,1,0,0,0,0,0,0,0,0,1,0
GCF_000971615.1|WP_016262936.1,0,0,0,0,0,0,0,0,0,1,0
GCF_000971615.1|WP_021499141.1,0,1,1,0,1,0,0,0,0,1,1
GCF_000971615.1|WP_021568783.1,0,0,0,0,0,0,0,0,0,1,0
GCF_000971615.1|WP_021572669.1,0,0,0,0,0,0,0,0,0,1,0
GCF_000971615.1|WP_023155945.1,0,0,0,0,0,0,0,0,0,1,0
GCF_000971615.1|WP_024170797.1,0,0,1,0,0,0,0,0,0,1,0
GCF_000971615.1|WP_024189479.1,0,0,0,0,0,0,0,0,0,1,0
GCF_000971615.1|WP_024194565.1,0,0,1,0,0,0,0,0,0,1,0
GCF_000971615.1|WP_024239663.1,0,0,1,0,0,0,0,0,0,1,0
GCF_000971615.1|WP_024251353.1,0,0,1,0,0,0,0,0,0,1,0
GCF_000971615.1|WP_024251355.1,0,0,0,1,0,0,0,0,0,1,0
GCF_000971615.1|WP_028131426.1,0,0,0,0,0,0,0,0,0,1,0
GCF_000971615.1|WP_032164298.1,0,0,0,0,0,0,0,0,0,1,0
GCF_000971615.1|WP_032167172.1,0,0,1,1,0,0,0,0,0,1,0
GCF_000971615.1|WP_032200197.1,0,0,0,0,0,0,0,0,0,1,0
GCF_000971615.1|WP_032201390.1,0,0,0,0,0,0,0,0,0,1,0
GCF_000971615.1|WP_032217617.1,0,0,0,0,0,0,0,0,0,1,0
GCF_000971615.1|WP_032217637.1,1,0,0,0,0,0,0,0,0,1,0
GCF_000971615.1|WP_032217638.1,1,0,0,0,0,0,0,0,0,1,0
GCF_000971615.1|WP_032217640.1,0,0,0,0,0,0,0,0,0,1,0
GCF_000971615.1|WP_032246098.1,0,0,0,0,0,0,0,0,0,1,0
GCF_000971615.1|WP_032325769.1,0,0,0,0,0,0,0,0,0,1,0
GCF_000971615.1|WP_032325772.1,0,0,1,0,0,0,0,0,0,1,0
GCF_000971615.1|WP_032325773.1,0,0,0,0,0,0,0,0,0,1,0
GCF_000971615.1|WP_032325774.1,0,0,0,0,0,0,0,0,0,1,0
GCF_000971615.1|WP_033816661.1,0,0,0,0,0,0,0,0,0,1,0
GCF_000971615.1|WP_034172969.1,0,0,1,1,0,0,0,0,0,1,0
GCF_000971615.1|WP_034172974.1,0,1,1,1,1,0,0,0,0,1,1
GCF_000971615.1|WP_034172986.1,0,1,1,1,1,0,0,0,0,1,1
GCF_000971615.1|WP_034172988.1,0,1,1,1,1,0,0,0,0,1,1
GCF_000971615.1|WP_034172990.1,0,0,0,0,0,0,0,0,0,1,0
GCF_000971615.1|WP_034172997.1,0,0,0,0,0,0,0,0,0,1,0
GCF_000971615.1|WP_034173271.1,0,0,0,0,0,0,0,0,0,1,0
GCF_000971615.1|WP_034173827.1,1,0,0,1,0,0,0,0,0,1,0
GCF_000971615.1|WP_034173828.1,1,0,0,0,0,0,0,0,0,1,0
GCF_000971615.1|WP_039264360.1,0,0,1,0,0,0,0,0,0,1,0
GCF_000971615.1|WP_039264497.1,0,0,1,0,0,0,0,0,0,1,0
GCF_000971615.1|WP_039264498.1,0,0,1,0,0,0,0,0,0,1,0
GCF_000971615.1|WP_039264501.1,0,0,1,0,0,0,0,0,0,1,0
GCF_000971615.1|WP_039264502.1,0,0,1,0,0,0,0,0,0,1,0
GCF_000971615.1|WP_039264505.1,0,0,1,0,0,0,0,0,0,1,0
GCF_000971615.1|WP_042201934.1,0,0,0,0,0,0,0,0,0,1,0
GCF_000971615.1|WP_042201937.1,0,0,0,0,0,0,0,0,0,1,0
GCF_000971615.1|WP_042201948.1,0,0,0,0,0,0,0,0,0,1,0
GCF_000971615.1|WP_042201950.1,0,0,0,0,0,0,0,0,0,1,0
GCF_000971615.1|WP_042202737.1,0,0,0,0,0,0,0,0,0,1,0
GCF_000971615.1|WP_042202738.1,0,0,0,0,0,0,0,0,0,1,0
GCF_000971615.1|WP_046201411.1,0,0,0,0,0,0,0,0,0,1,0
GCF_000971615.1|WP_046201413.1,0,0,1,0,0,0,0,0,0,1,0
GCF_000971615.1|WP_046201419.1,0,0,0,0,0,0,0,0,0,1,0
GCF_000971615.1|WP_046201420.1,0,0,0,0,0,0,0,0,0,1,0
GCF_000971615.1|WP_046201421.1,0,0,0,0,0,0,0,0,0,1,0
GCF_000971615.1|WP_046201422.1,0,0,0,0,0,0,0,0,0,1,0
GCF_000971615.1|WP_046201423.1,0,1,0,0,1,1,1,1,1,1,0
GCF_000971615.1|WP_046201424.1,0,0,0,0,0,0,0,0,0,1,0
GCF_000971615.1|WP_046201429.1,0,0,0,0,0,0,0,0,0,1,0
GCF_000971615.1|WP_046201430.1,0,0,0,0,0,0,0,0,0,1,0
GCF_000971615.1|WP_046201431.1,0,0,0,0,0,0,0,0,0,1,0
GCF_000971615.1|WP_046201432.1,0,0,0,0,0,0,0,0,0,1,0
GCF_000971615.1|WP_046201433.1,0,0,0,0,0,0,0,0,0,1,0
GCF_000971615.1|WP_046201434.1,0,0,0,0,0,0,0,0,0,1,0
GCF_000971615.1|WP_046201435.1,0,0,0,0,0,0,0,0,0,1,0
GCF_000971615.1|WP_046201436.1,0,0,0,0,0,0,0,0,0,1,0
GCF_000971615.1|WP_046201438.1,0,0,0,0,0,0,0,0,0,1,0
GCF_000971615.1|WP_046201439.1,0,0,0,0,0,0,0,0,0,1,0
GCF_000971615.1|WP_046201440.1,0,0,0,0,0,0,0,0,0,1,0
GCF_000971615.1|WP_046201454.1,0,1,0,1,0,0,0,0,0,1,0
GCF_000971615.1|WP_046201470.1,0,0,1,1,0,0,0,0,0,1,0
GCF_000971615.1|WP_046201471.1,0,0,0,0,0,0,0,0,0,1,0
GCF_000971615.1|WP_046201476.1,0,0,0,1,0,0,0,0,0,1,0
GCF_000971615.1|WP_046201477.1,0,1,1,1,1,0,0,0,0,1,1
GCF_000971615.1|WP_046201481.1,0,0,1,1,0,0,0,0,0,1,0
GCF_000971615.1|WP_046201483.1,0,0,0,0,0,0,0,0,0,1,0
GCF_000971615.1|WP_046201489.1,0,1,1,1,0,0,0,0,0,1,0
GCF_000971615.1|WP_046201490.1,1,1,1,1,1,1,1,1,1,1,1
GCF_000971615.1|WP_046201500.1,0,1,0,0,0,0,0,0,0,1,0
GCF_000971615.1|WP_046201501.1,0,0,0,0,0,0,0,0,0,1,0
GCF_000971615.1|WP_046201508.1,0,0,0,1,0,0,0,0,0,1,1
GCF_000971615.1|WP_046201528.1,0,1,1,0,1,0,0,0,0,1,1
GCF_000971615.1|WP_046201542.1,0,0,0,0,0,0,0,0,0,1,0
GCF_000971615.1|WP_046201544.1,0,0,0,0,0,0,0,0,0,1,0
GCF_000971615.1|WP_046201545.1,0,0,1,1,0,0,0,0,0,1,0
GCF_000971615.1|WP_046201547.1,0,0,0,0,0,0,0,0,0,1,0
GCF_000971615.1|WP_046201548.1,0,0,1,1,0,0,0,0,0,1,0
GCF_000971615.1|WP_046201550.1,0,0,0,0,0,0,0,0,0,1,0
GCF_000971615.1|WP_046201551.1,1,1,1,1,1,1,1,1,1,1,1
GCF_000971615.1|WP_046201567.1,1,1,0,0,0,0,0,0,0,1,0
GCF_000971615.1|WP_046201573.1,0,0,1,1,0,0,0,0,0,1,0
GCF_000971615.1|WP_046201602.1,0,0,0,0,0,0,0,0,0,1,0
GCF_000971615.1|WP_046201603.1,0,0,0,0,0,0,0,0,0,1,0
GCF_000971615.1|WP_046201604.1,0,0,0,0,0,0,0,0,0,1,0
GCF_000971615.1|WP_046201607.1,0,0,0,0,0,0,0,0,0,1,0
GCF_000971615.1|WP_046201609.1,0,0,0,0,0,0,0,0,0,1,0
GCF_000971615.1|WP_046201613.1,0,0,0,0,0,0,0,0,0,1,0
GCF_000971615.1|WP_046201615.1,0,0,0,0,0,0,0,0,0,1,0
GCF_000971615.1|WP_046201616.1,0,0,0,0,0,0,0,0,0,1,0
GCF_000971615.1|WP_046201618.1,0,0,0,0,0,0,0,0,0,1,0
GCF_000971615.1|WP_046201622.1,0,0,0,0,0,0,0,0,0,1,0
GCF_000971615.1|WP_046201624.1,0,0,0,0,0,0,0,0,0,1,0
GCF_000971615.1|WP_046201630.1,0,0,0,0,0,0,0,0,0,1,0
GCF_000971615.1|WP_046201633.1,0,0,0,0,0,0,0,0,0,1,0
GCF_000971615.1|WP_046201634.1,0,0,0,0,0,0,0,0,0,1,0
GCF_000971615.1|WP_046201637.1,0,0,0,0,0,0,0,0,0,1,0
GCF_000971615.1|WP_046201639.1,0,0,0,0,0,0,0,0,0,1,0
GCF_000971615.1|WP_046201640.1,0,0,0,0,0,0,0,0,0,1,0
GCF_000971615.1|WP_046201641.1,0,0,0,0,0,0,0,0,0,1,0
GCF_000971615.1|WP_046201643.1,0,0,0,0,0,0,0,0,0,1,0
GCF_000971615.1|WP_046201651.1,0,1,1,0,0,0,0,0,0,1,0
GCF_000971615.1|WP_046201661.1,0,0,0,0,0,0,0,0,0,1,0
GCF_000971615.1|WP_046201662.1,0,0,0,0,0,0,0,0,0,1,0
GCF_000971615.1|WP_046201663.1,0,0,0,0,0,0,0,0,0,1,0
GCF_000971615.1|WP_046201664.1,0,0,0,0,0,0,0,0,0,1,0
GCF_000971615.1|WP_046201665.1,0,0,0,0,0,0,0,0,0,1,0
GCF_000971615.1|WP_046201666.1,0,0,0,0,0,0,0,0,0,1,0
GCF_000971615.1|WP_046201667.1,0,0,0,0,0,0,0,0,0,1,0
GCF_000971615.1|WP_046201669.1,0,0,0,0,0,0,0,0,0,1,0
GCF_000971615.1|WP_046201670.1,0,0,0,0,0,0,0,0,0,1,0
GCF_000971615.1|WP_046201671.1,0,0,0,0,0,0,0,0,0,1,0
GCF_000971615.1|WP_046201672.1,0,0,0,0,0,0,0,0,0,1,0
GCF_000971615.1|WP_046201673.1,0,0,0,0,0,0,0,0,0,1,0
GCF_000971615.1|WP_046201674.1,0,0,0,0,0,0,0,0,0,1,0
GCF_000971615.1|WP_046201675.1,0,0,0,0,0,0,0,0,0,1,0
GCF_000971615.1|WP_046201676.1,0,0,0,0,0,0,0,0,0,1,0
GCF_000971615.1|WP_046201677.1,0,0,0,0,0,0,0,0,0,1,1
GCF_000971615.1|WP_046201679.1,0,0,0,0,0,0,0,0,0,1,0
GCF_000971615.1|WP_046201682.1,0,0,0,0,0,0,0,0,0,1,0
GCF_000971615.1|WP_046201687.1,0,0,0,0,0,0,0,0,0,1,0
GCF_000971615.1|WP_046201688.1,0,0,0,0,0,0,0,0,0,1,0
GCF_000971615.1|WP_046201689.1,0,0,0,0,0,0,0,0,0,1,0
GCF_000971615.1|WP_046201696.1,1,0,1,1,1,1,0,0,0,1,1
GCF_000971615.1|WP_046201709.1,0,0,0,0,0,0,0,0,0,1,0
GCF_000971615.1|WP_046201715.1,0,0,0,0,0,0,0,0,0,1,0
GCF_000971615.1|WP_046201717.1,0,0,0,0,0,0,0,0,0,1,0
GCF_000971615.1|WP_046201718.1,0,0,0,0,0,0,0,0,0,1,0
GCF_000971615.1|WP_046201719.1,0,0,0,0,0,0,0,0,0,1,0
GCF_000971615.1|WP_046201720.1,1,1,1,1,1,1,1,1,1,1,1
GCF_000971615.1|WP_046201721.1,0,0,0,0,0,0,0,0,0,1,0
GCF_000971615.1|WP_046201722.1,0,0,0,0,0,0,0,0,0,1,0
GCF_000971615.1|WP_046201729.1,0,0,0,0,0,0,0,0,0,1,0
GCF_000971615.1|WP_046201731.1,0,0,0,0,0,0,0,0,0,1,0
GCF_000971615.1|WP_046201733.1,1,1,1,1,1,1,1,1,1,1,1
GCF_000971615.1|WP_046201737.1,0,0,0,1,0,0,0,0,0,1,0
GCF_000971615.1|WP_046201741.1,0,0,0,0,0,0,0,0,0,1,0
GCF_000971615.1|WP_046201743.1,0,0,0,0,0,0,0,0,0,1,0
GCF_000971615.1|WP_046201747.1,0,0,0,0,0,0,0,0,0,1,0
GCF_000971615.1|WP_046201748.1,0,0,0,0,0,0,0,0,0,1,0
GCF_000971615.1|WP_046201750.1,1,1,1,1,1,1,1,1,1,1,1
GCF_000971615.1|WP_046201751.1,1,0,0,0,0,0,0,0,0,1,0
GCF_000971615.1|WP_046201752.1,1,0,0,0,0,0,0,0,0,1,0
GCF_000971615.1|WP_046201753.1,1,0,0,0,0,0,0,0,0,1,0
GCF_000971615.1|WP_046201756.1,1,0,0,0,0,0,0,0,0,1,0
GCF_000971615.1|WP_046201757.1,0,0,0,0,0,0,0,0,0,1,0
GCF_000971615.1|WP_046201758.1,1,0,0,0,0,0,0,0,0,1,0
GCF_000971615.1|WP_046201759.1,1,0,0,0,0,0,0,0,0,1,0
GCF_000971615.1|WP_046201761.1,1,0,0,0,0,0,0,0,0,1,0
GCF_000971615.1|WP_046201762.1,1,0,0,0,0,0,0,0,0,1,0
GCF_000971615.1|WP_046201765.1,1,0,0,0,0,0,0,0,0,1,0
GCF_000971615.1|WP_046201766.1,1,0,0,0,0,0,0,0,0,1,0
GCF_000971615.1|WP_046201767.1,1,0,0,0,0,0,0,0,0,1,0
GCF_000971615.1|WP_046201768.1,1,0,0,0,0,0,0,0,0,1,0
GCF_000971615.1|WP_046201769.1,0,0,0,0,0,0,0,0,0,1,0
GCF_000971615.1|WP_046201770.1,0,0,0,0,0,0,0,0,0,1,0
GCF_000971615.1|WP_046201772.1,0,0,0,0,0,0,0,0,0,1,0
GCF_000971615.1|WP_046201774.1,1,0,0,0,0,0,0,0,0,1,0
GCF_000971615.1|WP_046201775.1,1,0,0,0,0,0,0,0,0,1,0
GCF_000971615.1|WP_046201776.1,1,0,0,0,0,0,0,0,0,1,0
GCF_000971615.1|WP_046201778.1,1,0,0,0,0,0,0,0,0,1,0
GCF_000971615.1|WP_046201779.1,1,0,0,0,0,0,0,0,0,1,0
GCF_000971615.1|WP_046201780.1,1,0,0,0,0,0,0,0,0,1,0
GCF_000971615.1|WP_046201782.1,0,0,0,0,0,0,0,0,0,1,0
GCF_000971615.1|WP_046201784.1,1,0,1,1,0,0,1,1,1,1,1
GCF_000971615.1|WP_046201785.1,1,0,0,0,0,0,0,0,0,1,0
GCF_000971615.1|WP_046201786.1,0,0,0,0,0,0,0,0,0,1,0
GCF_000971615.1|WP_046201788.1,0,0,1,0,0,0,0,0,0,1,0
GCF_000971615.1|WP_046201789.1,1,0,1,0,0,0,0,0,0,1,0
GCF_000971615.1|WP_046201790.1,1,0,1,0,0,0,0,0,0,1,0
GCF_000971615.1|WP_046201795.1,1,0,0,0,0,0,0,0,0,1,0
GCF_000971615.1|WP_046201796.1,1,0,0,0,0,0,0,0,0,1,0
GCF_000971615.1|WP_046201802.1,0,0,0,0,0,0,0,0,0,1,0
GCF_000971615.1|WP_046201804.1,0,0,0,0,0,0,0,0,0,1,0
GCF_000971615.1|WP_046201806.1,0,0,0,0,0,0,0,0,0,1,0
GCF_000971615.1|WP_046201807.1,0,0,0,0,0,0,0,0,0,1,0
GCF_000971615.1|WP_046201808.1,0,0,0,0,0,0,0,0,0,1,0
GCF_000971615.1|WP_046201809.1,0,0,0,0,0,0,0,0,0,1,0
GCF_000971615.1|WP_046201810.1,1,0,0,0,0,0,0,0,0,1,0
GCF_000971615.1|WP_046201812.1,0,0,0,0,0,0,0,0,0,1,0
GCF_000971615.1|WP_046201814.1,0,0,1,1,0,0,0,0,0,1,0
GCF_000971615.1|WP_046201819.1,0,1,0,0,0,0,0,0,0,1,0
GCF_000971615.1|WP_046201820.1,0,0,0,0,0,0,0,0,0,1,0
GCF_000971615.1|WP_046201823.1,1,0,1,1,0,0,0,0,0,1,0
GCF_000971615.1|WP_046201825.1,0,0,0,0,0,0,0,0,0,1,0
GCF_000971615.1|WP_046201826.1,0,0,0,0,0,0,0,0,0,1,0
GCF_000971615.1|WP_046201827.1,0,0,0,0,0,0,0,0,0,1,0
GCF_000971615.1|WP_046201845.1,1,0,0,0,0,0,0,0,0,1,0
GCF_000971615.1|WP_049590271.1,0,1,1,1,1,0,0,0,0,1,1
GCF_000971615.1|WP_052734126.1,0,0,0,0,0,0,0,0,0,1,0
GCF_000971615.1|WP_052734128.1,0,0,1,0,0,0,0,0,0,1,0
GCF_000971615.1|WP_052734129.1,0,0,0,0,0,0,0,0,0,1,0
GCF_000971615.1|WP_052734131.1,0,0,0,0,0,0,0,0,0,1,0
GCF_000971615.1|WP_058153243.1,0,0,0,0,0,0,0,0,0,1,0
GCF_000971615.1|WP_064756529.1,1,0,0,0,0,0,0,0,0,1,0
GCF_000971615.1|WP_071790912.1,0,0,0,0,0,0,0,0,0,1,0
GCF_000971615.1|WP_071886252.1,0,0,0,0,0,0,0,0,0,1,0
GCF_000971615.1|WP_071886254.1,0,1,0,0,0,0,0,0,0,1,1
GCF_000971615.1|WP_071886256.1,0,0,0,0,0,0,0,0,0,1,0
GCF_000971615.1|WP_071886274.1,0,0,0,0,0,0,0,0,0,1,0
GCF_000971615.1|WP_071886277.1,0,0,0,0,0,0,0,0,0,1,0
GCF_000971615.1|WP_071886279.1,1,0,0,0,0,0,0,0,0,1,0
GCF_000971615.1|WP_071886281.1,0,0,0,0,0,0,0,0,0,1,0
GCF_000971615.1|WP_072134538.1,0,0,0,0,0,0,0,0,0,1,0
GCF_000971615.1|WP_075262006.1,1,0,0,0,0,0,0,0,0,1,0
GCF_000971615.1|WP_077787734.1,0,0,0,0,0,0,0,0,0,1,0
GCF_000971615.1|WP_077787746.1,0,0,0,0,0,0,0,0,0,1,0
GCF_000971615.1|WP_077787749.1,0,0,0,0,0,0,0,0,0,1,0
GCF_000971615.1|WP_077787757.1,1,0,0,1,0,0,0,0,0,1,0
GCF_000971615.1|WP_099355921.1,0,0,0,0,0,0,0,0,0,1,0
GCF_000971615.1|WP_135452264.1,0,0,0,0,0,0,0,0,0,1,0
GCF_000971615.1|WP_139108876.1,0,0,0,0,0,0,0,0,0,1,0
GCF_000971615.1|WP_139108877.1,0,0,0,0,0,0,0,0,0,1,0
GCF_000971615.1|WP_139108882.1,0,0,0,0,0,0,0,0,0,1,0
GCF_000971615.1|WP_144405567.1,0,0,0,0,0,0,0,0,0,1,0
GCF_000971615.1|WP_144405573.1,0,0,0,0,0,0,0,0,0,1,0
GCF_000971615.1|WP_200896486.1,0,0,0,0,0,0,0,0,0,1,0
GCF_000971615.1|WP_211114082.1,0,0,0,0,0,0,0,0,0,1,0
GCF_000971615.1|WP_223200913.1,1,0,0,0,0,0,0,0,0,1,0
GCF_000971615.1|WP_224142731.1,0,0,1,0,0,0,0,0,0,1,0
GCF_000971615.1|WP_225387439.1,0,0,0,0,0,0,0,0,0,1,0
GCF_000971615.1|WP_225877598.1,0,0,0,0,0,0,0,0,0,1,0
GCF_000971615.1|WP_230986327.1,0,0,1,0,0,0,0,0,0,1,0
GCF_000971615.1|WP_244468205.1,1,0,0,0,0,0,0,0,0,1,0
GCF_000971615.1|WP_244468206.1,0,0,0,0,0,0,0,0,0,1,0
GCF_000971615.1|WP_244468207.1,0,0,0,0,0,0,0,0,0,1,0
GCF_000971615.1|WP_244468208.1,0,0,0,0,0,0,0,0,0,1,0
GCF_000971615.1|WP_244468209.1,0,0,0,0,0,0,0,0,0,1,0
GCF_000971615.1|WP_244468210.1,0,0,0,0,0,0,0,0,0,1,0
GCF_000971615.1|WP_244468211.1,0,0,0,0,0,0,0,0,0,1,0
GCF_000971615.1|WP_244468212.1,0,0,0,0,0,0,0,0,0,1,0
GCF_000971615.1|WP_244468215.1,0,0,0,0,0,0,0,0,0,1,0
GCF_000971615.1|WP_244468216.1,0,0,0,0,0,0,0,0,0,1,0
GCF_000971615.1|WP_244468220.1,0,0,0,0,0,0,0,0,0,1,0
GCF_000971615.1|WP_311112886.1,0,1,1,1,1,1,1,1,1,1,1
GCF_000971615.1|WP_348271000.1,0,0,0,0,0,0,0,0,0,1,0
GCF_000971615.1|WP_348271003.1,0,0,0,0,0,0,0,0,0,1,0
GCF_000971615.1|WP_349808740.1,1,0,0,0,0,0,0,0,0,1,0
GCF_000971615.1|WP_407981370.1,0,0,0,0,0,0,0,0,0,1,0
GCF_000971615.1|WP_409071766.1,0,0,0,0,0,0,0,0,0,1,0
GCF_000971615.1|WP_409071767.1,0,0,0,0,0,0,0,0,0,1,0
GCF_000971615.1|WP_432276681.1,0,0,0,0,0,0,0,0,0,1,0
GCF_000987875.1|WP_000005570.1,0,0,0,0,0,0,0,0,0,0,1
GCF_000987875.1|WP_000008726.1,0,0,0,0,0,0,0,0,0,0,1
GCF_000987875.1|WP_000008820.1,0,0,0,0,0,0,0,0,0,0,1
GCF_000987875.1|WP_000012391.1,0,0,0,0,0,0,0,0,0,0,1
GCF_000987875.1|WP_000014505.1,0,0,0,0,0,0,0,0,0,0,1
GCF_000987875.1|WP_000016209.1,0,0,0,0,0,0,0,0,0,0,1
GCF_000987875.1|WP_000019300.1,0,0,0,0,0,0,0,0,0,0,1
GCF_000987875.1|WP_000020242.1,0,0,0,0,0,0,0,0,0,0,1
GCF_000987875.1|WP_000021652.1,0,0,0,1,0,0,0,0,0,0,1
GCF_000987875.1|WP_000021850.1,0,0,0,0,0,0,0,0,0,0,1
GCF_000987875.1|WP_000022949.1,0,0,0,0,0,0,0,0,0,0,1
GCF_000987875.1|WP_000025002.1,0,0,0,0,0,0,0,0,0,0,1
GCF_000987875.1|WP_000028685.1,0,0,0,0,0,0,0,0,0,0,1
GCF_000987875.1|WP_000033880.1,0,0,0,0,0,0,0,0,0,0,1
GCF_000987875.1|WP_000039786.1,0,0,0,0,0,0,0,0,0,0,1
GCF_000987875.1|WP_000039876.1,0,0,0,0,0,0,0,0,0,0,1
GCF_000987875.1|WP_000042170.1,1,0,0,0,0,0,0,0,0,0,1
GCF_000987875.1|WP_000045627.1,0,0,0,0,0,0,0,0,0,0,1
GCF_000987875.1|WP_000045904.1,0,0,0,0,0,0,0,0,0,0,1
GCF_000987875.1|WP_000046933.1,1,0,0,0,0,0,0,0,0,0,1
GCF_000987875.1|WP_000049950.1,1,0,0,0,0,0,0,0,0,0,1
GCF_000987875.1|WP_000051355.1,0,0,0,0,0,0,0,0,0,0,1
GCF_000987875.1|WP_000051491.1,0,0,0,0,0,0,0,0,0,0,1
GCF_000987875.1|WP_000051843.1,0,0,0,0,0,0,0,0,0,0,1
GCF_000987875.1|WP_000056168.1,0,0,0,0,0,0,0,0,0,0,1
GCF_000987875.1|WP_000061531.1,0,0,0,0,0,0,0,0,0,0,1
GCF_000987875.1|WP_000063156.1,0,0,0,1,0,0,0,0,0,0,1
GCF_000987875.1|WP_000063839.1,0,0,0,0,0,0,0,0,0,0,1
GCF_000987875.1|WP_000065377.1,0,0,0,0,1,0,0,0,0,0,1
GCF_000987875.1|WP_000069884.1,1,0,0,0,0,0,0,0,0,0,1
GCF_000987875.1|WP_000078920.1,0,0,1,1,0,0,0,0,0,0,1
GCF_000987875.1|WP_000081745.1,1,0,0,0,0,0,0,0,0,0,1
GCF_000987875.1|WP_000086422.1,0,0,0,0,0,0,0,0,0,0,1
GCF_000987875.1|WP_000086751.1,0,0,0,0,0,0,0,0,0,0,1
GCF_000987875.1|WP_000089318.1,0,0,0,0,0,0,0,0,0,0,1
GCF_000987875.1|WP_000090998.1,0,0,0,0,0,0,0,0,0,0,1
GCF_000987875.1|WP_000104350.1,0,0,0,1,0,0,0,0,0,0,1
GCF_000987875.1|WP_000105682.1,0,0,0,0,0,0,0,0,0,0,1
GCF_000987875.1|WP_000107474.1,0,0,0,0,0,0,0,0,0,0,1
GCF_000987875.1|WP_000108562.1,0,0,0,0,0,0,0,0,0,0,1
GCF_000987875.1|WP_000109249.1,1,0,0,0,0,0,0,0,0,0,1
GCF_000987875.1|WP_000114854.1,0,0,0,0,0,0,0,0,0,0,1
GCF_000987875.1|WP_000115638.1,0,0,0,0,0,0,0,0,0,0,1
GCF_000987875.1|WP_000116719.1,0,1,0,0,0,0,0,0,0,0,1
GCF_000987875.1|WP_000119841.1,0,0,0,0,0,0,0,0,0,0,1
GCF_000987875.1|WP_000122958.1,0,0,0,0,0,0,0,0,0,0,1
GCF_000987875.1|WP_000124171.1,0,0,0,1,0,0,0,0,0,0,1
GCF_000987875.1|WP_000126105.1,0,0,0,0,0,0,0,0,0,0,1
GCF_000987875.1|WP_000132059.1,0,0,0,0,0,0,0,0,0,0,1
GCF_000987875.1|WP_000133160.1,0,0,0,0,0,0,0,0,0,0,1
GCF_000987875.1|WP_000139044.1,1,1,1,1,1,1,1,1,1,1,1
GCF_000987875.1|WP_000140405.1,0,0,0,0,0,0,0,0,0,0,1
GCF_000987875.1|WP_000148192.1,0,0,0,0,0,0,0,0,0,0,1
GCF_000987875.1|WP_000153280.1,1,1,0,0,0,0,0,0,0,0,1
GCF_000987875.1|WP_000153674.1,0,0,0,1,0,0,0,0,0,0,1
GCF_000987875.1|WP_000158971.1,0,0,0,1,0,0,0,0,0,0,1
GCF_000987875.1|WP_000163452.1,0,0,0,0,0,0,0,0,0,0,1
GCF_000987875.1|WP_000179263.1,0,0,0,0,0,0,0,0,0,0,1
GCF_000987875.1|WP_000180166.1,0,0,0,0,0,0,0,0,0,0,1
GCF_000987875.1|WP_000181940.1,0,0,0,0,0,0,0,0,0,0,1
GCF_000987875.1|WP_000184969.1,0,0,0,0,0,0,0,0,0,0,1
GCF_000987875.1|WP_000188903.1,0,0,0,0,0,0,0,0,0,0,1
GCF_000987875.1|WP_000194281.1,0,0,0,0,0,0,0,0,0,0,1
GCF_000987875.1|WP_000198986.1,0,0,0,0,0,0,0,0,0,0,1
GCF_000987875.1|WP_000200451.1,0,0,0,0,0,0,0,0,0,0,1
GCF_000987875.1|WP_000206747.1,0,0,0,0,0,0,0,0,0,0,1
GCF_000987875.1|WP_000207019.1,0,0,0,0,0,0,0,0,0,0,1
GCF_000987875.1|WP_000208227.1,0,0,0,0,0,0,0,0,0,0,1
GCF_000987875.1|WP_000210155.1,1,0,0,0,0,0,0,0,0,0,1
GCF_000987875.1|WP_000210399.1,0,0,0,0,0,0,0,0,0,0,1
GCF_000987875.1|WP_000210446.1,0,0,0,0,0,0,0,0,0,0,1
GCF_000987875.1|WP_000211268.1,0,0,0,1,0,0,0,0,0,0,1
GCF_000987875.1|WP_000213605.1,0,0,0,0,0,0,0,0,0,0,1
GCF_000987875.1|WP_000224835.1,0,0,0,0,0,0,0,0,0,0,1
GCF_000987875.1|WP_000236492.1,0,0,0,0,0,0,0,0,0,0,1
GCF_000987875.1|WP_000248953.1,0,0,0,0,0,0,0,0,0,0,1
GCF_000987875.1|WP_000251941.1,0,0,0,0,0,0,0,0,0,0,1
GCF_000987875.1|WP_000256718.1,0,0,0,0,0,0,0,0,0,0,1
GCF_000987875.1|WP_000256735.1,0,0,0,0,0,0,0,0,0,0,1
GCF_000987875.1|WP_000258199.1,0,0,0,0,0,0,0,0,0,1,1
GCF_000987875.1|WP_000263650.1,0,0,0,0,0,0,0,0,0,0,1
GCF_000987875.1|WP_000268716.1,0,0,0,0,0,0,0,0,0,0,1
GCF_000987875.1|WP_000273201.1,0,0,0,0,0,0,0,0,0,0,1
GCF_000987875.1|WP_000276886.1,1,0,0,0,1,0,0,0,0,0,1
GCF_000987875.1|WP_000280683.1,0,0,0,0,0,0,0,0,0,0,1
GCF_000987875.1|WP_000281082.1,0,0,0,0,0,0,0,0,0,0,1
GCF_000987875.1|WP_000281555.1,0,0,0,0,0,0,0,0,0,0,1
GCF_000987875.1|WP_000284450.1,0,0,0,0,0,0,0,0,0,0,1
GCF_000987875.1|WP_000287502.1,0,0,0,0,0,0,0,0,0,0,1
GCF_000987875.1|WP_000290346.1,0,0,0,0,0,0,0,0,0,0,1
GCF_000987875.1|WP_000290450.1,0,1,0,1,0,0,0,0,0,1,1
GCF_000987875.1|WP_000312945.1,0,0,0,0,0,0,0,0,0,0,1
GCF_000987875.1|WP_000332264.1,0,0,0,0,0,0,0,0,0,0,1
GCF_000987875.1|WP_000333495.1,0,1,0,1,0,0,0,0,0,0,1
GCF_000987875.1|WP_000334867.1,0,0,0,0,0,0,0,0,0,0,1
GCF_000987875.1|WP_000337197.1,0,0,0,0,0,0,0,0,0,0,1
GCF_000987875.1|WP_000343747.1,0,0,0,0,0,0,0,0,0,0,1
GCF_000987875.1|WP_000345434.1,0,1,0,0,0,0,0,0,0,0,1
GCF_000987875.1|WP_000350265.1,1,1,1,1,1,1,1,1,0,1,1
GCF_000987875.1|WP_000355476.1,0,0,0,0,0,0,0,0,0,0,1
GCF_000987875.1|WP_000356349.1,0,0,0,1,0,0,0,0,0,0,1
GCF_000987875.1|WP_000360015.1,0,0,0,0,0,0,0,0,0,0,1
GCF_000987875.1|WP_000366614.1,0,0,0,0,0,0,0,0,0,0,1
GCF_000987875.1|WP_000369498.1,0,0,0,0,0,0,0,0,0,0,1
GCF_000987875.1|WP_000372937.1,0,0,0,0,1,0,0,0,0,0,1
GCF_000987875.1|WP_000383554.1,0,0,0,0,0,0,0,0,0,0,1
GCF_000987875.1|WP_000386643.1,1,0,0,0,0,0,0,0,0,0,1
GCF_000987875.1|WP_000388778.1,0,0,0,1,0,0,0,0,0,0,1
GCF_000987875.1|WP_000390070.1,0,0,0,0,0,0,0,0,0,0,1
GCF_000987875.1|WP_000392424.1,0,0,0,0,0,0,0,0,0,0,1
GCF_000987875.1|WP_000402895.1,0,0,0,0,0,0,0,0,0,0,1
GCF_000987875.1|WP_000403785.1,0,0,0,0,0,0,0,0,0,1,1
GCF_000987875.1|WP_000412539.1,0,0,0,0,0,0,0,0,0,0,1
GCF_000987875.1|WP_000413229.1,0,0,0,0,0,0,0,0,0,0,1
GCF_000987875.1|WP_000415817.1,0,0,0,0,0,0,0,0,0,0,1
GCF_000987875.1|WP_000419015.1,0,0,0,0,0,0,0,0,0,0,1
GCF_000987875.1|WP_000424489.1,0,0,0,0,0,0,0,0,0,0,1
GCF_000987875.1|WP_000424732.1,0,0,0,0,0,0,0,0,0,1,1
GCF_000987875.1|WP_000434627.1,0,0,0,0,0,0,0,0,0,0,1
GCF_000987875.1|WP_000438163.1,0,0,0,0,0,0,0,0,0,0,1
GCF_000987875.1|WP_000451762.1,0,0,0,0,0,0,0,0,0,0,1
GCF_000987875.1|WP_000458584.1,0,0,0,0,0,0,0,0,0,0,1
GCF_000987875.1|WP_000462045.1,0,0,0,0,0,0,0,0,0,0,1
GCF_000987875.1|WP_000472086.1,0,0,0,0,0,0,0,0,0,0,1
GCF_000987875.1|WP_000476150.1,0,0,0,0,0,0,0,0,0,0,1
GCF_000987875.1|WP_000488107.1,0,0,0,1,0,0,0,0,0,0,1
GCF_000987875.1|WP_000488333.1,0,0,0,0,0,0,0,0,0,0,1
GCF_000987875.1|WP_000497757.1,0,0,0,0,0,0,0,0,0,0,1
GCF_000987875.1|WP_000514277.1,0,0,0,1,0,0,0,0,0,0,1
GCF_000987875.1|WP_000515818.1,0,0,0,0,0,0,0,0,0,0,1
GCF_000987875.1|WP_000539505.1,0,0,0,0,0,0,0,0,0,0,1
GCF_000987875.1|WP_000551021.1,0,0,0,0,0,0,0,0,0,0,1
GCF_000987875.1|WP_000554685.1,0,0,0,0,0,0,0,0,0,0,1
GCF_000987875.1|WP_000555092.1,0,0,0,0,0,0,0,0,0,0,1
GCF_000987875.1|WP_000567466.1,0,0,0,0,0,0,0,0,0,0,1
GCF_000987875.1|WP_000581512.1,0,0,0,1,0,0,0,0,0,0,1
GCF_000987875.1|WP_000588338.1,0,0,0,0,0,0,0,0,0,0,1
GCF_000987875.1|WP_000597696.1,0,0,0,0,0,0,0,0,0,0,1
GCF_000987875.1|WP_000599410.1,0,0,0,1,0,0,0,0,0,0,1
GCF_000987875.1|WP_000600822.1,0,0,0,0,0,0,0,0,0,0,1
GCF_000987875.1|WP_000613809.1,0,1,0,1,1,1,0,0,0,1,1
GCF_000987875.1|WP_000623034.1,0,0,0,0,0,0,0,0,0,0,1
GCF_000987875.1|WP_000625349.1,0,1,0,0,0,0,0,0,0,1,1
GCF_000987875.1|WP_000627061.1,0,0,0,0,0,0,0,0,0,0,1
GCF_000987875.1|WP_000627733.1,0,0,0,0,0,0,0,0,0,0,1
GCF_000987875.1|WP_000637723.1,0,0,1,0,0,0,0,0,0,0,1
GCF_000987875.1|WP_000637738.1,0,0,0,0,0,0,0,0,0,0,1
GCF_000987875.1|WP_000640254.1,0,0,0,0,0,0,0,0,0,0,1
GCF_000987875.1|WP_000651450.1,0,0,0,0,0,0,0,0,0,0,1
GCF_000987875.1|WP_000658303.1,0,0,0,0,0,0,0,0,0,0,1
GCF_000987875.1|WP_000661047.1,0,0,0,0,0,0,0,0,0,0,1
GCF_000987875.1|WP_000665308.1,0,0,0,1,0,0,0,0,0,0,1
GCF_000987875.1|WP_000668950.1,0,0,0,0,0,0,0,0,0,0,1
GCF_000987875.1|WP_000670565.1,0,0,0,0,0,0,0,0,0,0,1
GCF_000987875.1|WP_000675390.1,0,0,0,0,0,0,0,0,0,0,1
GCF_000987875.1|WP_000676503.1,0,0,0,0,0,0,0,0,0,0,1
GCF_000987875.1|WP_000677831.1,0,0,0,0,0,0,0,0,0,0,1
GCF_000987875.1|WP_000678612.1,0,0,0,0,0,0,0,0,0,0,1
GCF_000987875.1|WP_000679479.1,0,0,0,0,0,0,0,0,0,0,1
GCF_000987875.1|WP_000680585.1,0,0,0,0,0,0,0,0,0,0,1
GCF_000987875.1|WP_000686494.1,1,0,1,1,0,0,0,0,0,0,1
GCF_000987875.1|WP_000694952.1,0,0,0,0,0,0,0,0,0,0,1
GCF_000987875.1|WP_000702407.1,0,0,0,0,0,0,0,0,0,0,1
GCF_000987875.1|WP_000703040.1,0,0,0,0,0,0,0,0,0,0,1
GCF_000987875.1|WP_000705928.1,0,0,0,0,0,0,0,0,0,0,1
GCF_000987875.1|WP_000707067.1,0,0,0,0,0,0,0,0,0,0,1
GCF_000987875.1|WP_000708681.1,0,0,0,0,0,0,0,0,0,0,1
GCF_000987875.1|WP_000708858.1,0,0,0,0,0,0,0,0,0,0,1
GCF_000987875.1|WP_000710653.1,0,0,0,0,0,0,0,0,0,0,1
GCF_000987875.1|WP_000714422.1,0,0,0,0,0,0,0,0,0,0,1
GCF_000987875.1|WP_000722269.1,0,0,0,0,0,0,0,0,0,0,1
GCF_000987875.1|WP_000729826.1,0,0,0,0,0,0,0,0,0,0,1
GCF_000987875.1|WP_000736904.1,1,0,0,0,0,0,0,0,0,0,1
GCF_000987875.1|WP_000738066.1,0,0,0,0,0,0,0,0,0,0,1
GCF_000987875.1|WP_000747951.1,0,0,0,0,0,0,0,0,0,0,1
GCF_000987875.1|WP_000753060.1,0,0,0,0,0,0,0,0,0,0,1
GCF_000987875.1|WP_000758228.1,0,0,0,0,0,0,0,0,0,0,1
GCF_000987875.1|WP_000763708.1,0,1,0,0,0,0,0,0,0,1,1
GCF_000987875.1|WP_000766102.1,0,0,0,0,0,0,0,0,0,0,1
GCF_000987875.1|WP_000769004.1,0,0,0,0,0,0,0,0,0,0,1
GCF_000987875.1|WP_000770125.1,0,0,0,0,0,0,0,0,0,0,1
GCF_000987875.1|WP_000774665.1,0,0,0,0,0,0,0,0,0,0,1
GCF_000987875.1|WP_000779287.1,0,0,0,0,0,0,0,0,0,0,1
GCF_000987875.1|WP_000779566.1,0,0,0,0,0,0,0,0,0,0,1
GCF_000987875.1|WP_000780535.1,0,0,0,1,0,0,0,0,0,0,1
GCF_000987875.1|WP_000784545.1,0,0,0,0,0,0,0,0,0,0,1
GCF_000987875.1|WP_000785312.1,0,0,0,0,0,0,0,0,0,0,1
GCF_000987875.1|WP_000786770.1,0,0,0,0,0,0,0,0,0,0,1
GCF_000987875.1|WP_000790483.1,0,0,0,0,0,0,0,0,0,0,1
GCF_000987875.1|WP_000796272.1,0,1,0,0,0,0,0,0,0,0,1
GCF_000987875.1|WP_000801965.1,0,0,0,0,0,0,0,0,0,0,1
GCF_000987875.1|WP_000805233.1,0,0,0,0,0,0,0,0,0,0,1
GCF_000987875.1|WP_000805520.1,0,0,0,0,0,0,0,0,0,0,1
GCF_000987875.1|WP_000807199.1,0,0,0,0,0,0,0,0,0,0,1
GCF_000987875.1|WP_000809341.1,0,0,0,0,0,0,0,0,0,0,1
GCF_000987875.1|WP_000813455.1,0,0,0,0,0,0,0,0,0,0,1
GCF_000987875.1|WP_000821231.1,0,0,0,0,0,0,0,0,0,0,1
GCF_000987875.1|WP_000833174.1,0,0,0,0,0,0,0,0,0,0,1
GCF_000987875.1|WP_000833651.1,0,0,0,0,0,0,0,0,0,0,1
GCF_000987875.1|WP_000836290.1,0,0,0,0,0,0,0,0,0,0,1
GCF_000987875.1|WP_000838376.1,0,0,0,0,0,0,0,0,0,0,1
GCF_000987875.1|WP_000840197.1,0,1,1,1,1,0,0,0,0,1,1
GCF_000987875.1|WP_000840619.1,0,1,0,0,0,0,0,0,0,1,1
GCF_000987875.1|WP_000843494.1,0,0,0,0,0,0,0,0,0,0,1
GCF_000987875.1|WP_000848749.1,0,0,0,1,0,0,0,0,0,0,1
GCF_000987875.1|WP_000852155.1,0,0,0,0,0,0,0,0,0,0,1
GCF_000987875.1|WP_000853397.1,0,0,0,1,0,0,0,0,0,0,1
GCF_000987875.1|WP_000859350.1,0,0,0,0,0,0,0,0,0,0,1
GCF_000987875.1|WP_000864897.1,0,1,1,1,0,0,0,0,0,1,1
GCF_000987875.1|WP_000872050.1,0,0,0,0,0,0,0,0,0,0,1
GCF_000987875.1|WP_000875105.1,0,0,0,0,0,0,0,0,0,0,1
GCF_000987875.1|WP_000875230.1,0,1,0,0,0,0,0,0,0,0,1
GCF_000987875.1|WP_000879785.1,0,1,0,1,0,0,0,0,0,0,1
GCF_000987875.1|WP_000887617.1,0,0,0,0,0,0,0,0,0,1,1
GCF_000987875.1|WP_000900553.1,0,1,0,0,0,0,0,0,0,0,1
GCF_000987875.1|WP_000902356.1,0,0,0,0,0,0,0,0,0,0,1
GCF_000987875.1|WP_000912573.1,0,0,0,1,0,0,0,0,0,0,1
GCF_000987875.1|WP_000920578.1,0,0,0,1,0,0,0,0,0,0,1
GCF_000987875.1|WP_000923139.1,0,0,0,0,0,0,0,0,0,0,1
GCF_000987875.1|WP_000924830.1,0,0,0,0,0,0,0,0,0,0,1
GCF_000987875.1|WP_000929187.1,1,0,0,0,0,0,0,0,0,0,1
GCF_000987875.1|WP_000930891.1,0,0,0,0,0,0,0,0,0,0,1
GCF_000987875.1|WP_000939408.1,0,0,0,1,0,0,0,0,0,0,1
GCF_000987875.1|WP_000950576.1,0,0,1,0,0,0,0,0,0,0,1
GCF_000987875.1|WP_000954400.1,0,0,0,0,0,0,0,0,0,0,1
GCF_000987875.1|WP_000958491.1,0,0,0,0,0,0,0,0,0,0,1
GCF_000987875.1|WP_000976825.1,0,0,0,1,1,1,0,0,0,0,1
GCF_000987875.1|WP_000978019.1,0,0,0,0,0,0,0,0,0,0,1
GCF_000987875.1|WP_000978828.1,0,0,0,1,0,0,0,0,0,0,1
GCF_000987875.1|WP_000979956.1,0,0,0,1,0,0,0,0,0,0,1
GCF_000987875.1|WP_000982861.1,0,0,0,0,0,0,0,0,0,0,1
GCF_000987875.1|WP_000985161.1,0,0,0,1,0,0,0,0,0,0,1
GCF_000987875.1|WP_000987941.1,0,0,0,0,0,0,0,0,0,0,1
GCF_000987875.1|WP_000998068.1,1,0,1,1,0,0,0,0,0,1,1
GCF_000987875.1|WP_000998251.1,1,1,0,0,0,0,0,0,0,1,1
GCF_000987875.1|WP_000998349.1,1,1,1,1,0,0,1,1,1,1,1
GCF_000987875.1|WP_000999526.1,0,0,0,0,0,0,0,0,0,1,1
GCF_000987875.1|WP_001005132.1,0,0,0,0,0,0,0,0,0,0,1
GCF_000987875.1|WP_001005232.1,1,1,1,1,1,1,1,1,1,1,1
GCF_000987875.1|WP_001007341.1,1,0,0,0,0,0,0,0,0,0,1
GCF_000987875.1|WP_001009043.1,0,0,0,0,0,0,0,0,0,0,1
GCF_000987875.1|WP_001013295.1,0,0,0,1,0,0,0,0,0,0,1
GCF_000987875.1|WP_001013349.1,0,0,0,0,0,0,0,0,0,0,1
GCF_000987875.1|WP_001016801.1,0,0,0,0,0,0,0,0,0,0,1
GCF_000987875.1|WP_001018558.1,0,0,0,0,0,0,0,0,0,0,1
GCF_000987875.1|WP_001019190.1,0,0,0,0,0,0,0,0,0,0,1
GCF_000987875.1|WP_001019362.1,0,0,0,0,0,0,0,0,0,1,1
GCF_000987875.1|WP_001021551.1,1,0,0,0,0,0,0,0,0,0,1
GCF_000987875.1|WP_001024678.1,0,0,0,0,0,0,0,0,0,0,1
GCF_000987875.1|WP_001026781.1,0,1,0,0,0,0,0,0,0,0,1
GCF_000987875.1|WP_001030845.1,1,1,1,1,0,0,1,1,1,1,1
GCF_000987875.1|WP_001034307.1,0,0,0,0,0,0,0,0,0,0,1
GCF_000987875.1|WP_001040697.1,0,0,0,0,0,0,0,0,0,0,1
GCF_000987875.1|WP_001041560.1,0,0,0,0,0,0,0,0,0,0,1
GCF_000987875.1|WP_001045641.1,0,1,0,0,1,1,0,0,0,0,1
GCF_000987875.1|WP_001051770.1,0,0,0,0,0,0,0,0,0,0,1
GCF_000987875.1|WP_001059592.1,0,0,0,0,0,0,0,0,0,0,1
GCF_000987875.1|WP_001061106.1,0,0,0,0,0,0,0,0,0,0,1
GCF_000987875.1|WP_001062150.1,0,0,0,0,0,0,0,0,0,0,1
GCF_000987875.1|WP_001064134.1,0,0,0,0,0,0,0,0,0,0,1
GCF_000987875.1|WP_001065741.1,0,0,0,0,0,0,0,0,0,0,1
GCF_000987875.1|WP_001066173.1,0,0,0,0,0,0,0,0,0,0,1
GCF_000987875.1|WP_001067212.1,0,0,0,0,0,0,0,0,0,0,1
GCF_000987875.1|WP_001075801.1,0,0,0,0,0,0,0,0,0,0,1
GCF_000987875.1|WP_001077065.1,0,0,0,0,0,0,0,0,0,0,1
GCF_000987875.1|WP_001077332.1,0,0,0,0,0,0,0,0,0,0,1
GCF_000987875.1|WP_001078959.1,0,0,0,0,0,0,0,0,0,0,1
GCF_000987875.1|WP_001088812.1,1,1,1,1,1,1,1,1,1,1,1
GCF_000987875.1|WP_001091671.1,0,0,0,0,0,0,0,0,0,0,1
GCF_000987875.1|WP_001093358.1,0,0,0,0,0,0,0,0,0,0,1
GCF_000987875.1|WP_001093922.1,0,0,0,0,0,0,0,0,0,0,1
GCF_000987875.1|WP_001097566.1,0,0,0,0,0,0,0,0,0,0,1
GCF_000987875.1|WP_001102261.1,0,0,0,0,0,0,0,0,0,0,1
GCF_000987875.1|WP_001112736.1,0,0,0,0,0,0,0,0,0,0,1
GCF_000987875.1|WP_001113513.1,0,0,0,0,0,0,0,0,0,0,1
GCF_000987875.1|WP_001117825.1,0,0,0,0,0,0,0,0,0,0,1
GCF_000987875.1|WP_001119729.1,1,0,1,1,0,0,0,1,1,1,1
GCF_000987875.1|WP_001120496.1,1,0,0,0,0,0,0,0,0,0,1
GCF_000987875.1|WP_001121920.1,0,0,0,0,0,0,0,0,0,0,1
GCF_000987875.1|WP_001128526.1,0,0,0,0,0,0,0,0,0,0,1
GCF_000987875.1|WP_001129702.1,0,0,0,0,0,0,0,0,0,0,1
GCF_000987875.1|WP_001130793.1,0,0,0,0,0,1,0,0,0,0,1
GCF_000987875.1|WP_001135203.1,1,0,0,0,0,0,0,0,0,0,1
GCF_000987875.1|WP_001138287.1,0,0,0,0,0,0,0,0,0,0,1
GCF_000987875.1|WP_001138327.1,0,0,0,0,0,0,0,0,0,0,1
GCF_000987875.1|WP_001142484.1,1,0,0,0,0,0,0,0,0,0,1
GCF_000987875.1|WP_001143617.1,0,0,0,0,0,0,0,0,0,0,1
GCF_000987875.1|WP_001147906.1,0,0,0,0,0,0,0,0,0,0,1
GCF_000987875.1|WP_001148680.1,0,0,0,0,0,0,0,0,0,0,1
GCF_000987875.1|WP_001159678.1,0,0,0,0,0,0,0,0,0,0,1
GCF_000987875.1|WP_001164127.1,0,0,0,0,0,0,0,0,0,0,1
GCF_000987875.1|WP_001171280.1,0,0,0,0,0,0,0,0,0,0,1
GCF_000987875.1|WP_001172377.1,0,0,0,0,0,0,0,0,0,0,1
GCF_000987875.1|WP_001174014.1,0,0,0,0,0,0,0,0,0,0,1
GCF_000987875.1|WP_001177650.1,0,0,0,0,0,0,0,0,0,0,1
GCF_000987875.1|WP_001180114.1,0,0,0,0,0,0,0,0,0,0,1
GCF_000987875.1|WP_001181620.1,0,0,0,0,0,1,0,0,0,0,1
GCF_000987875.1|WP_001188253.1,0,0,0,0,0,0,0,0,0,0,1
GCF_000987875.1|WP_001191674.1,0,0,0,0,0,0,0,0,0,0,1
GCF_000987875.1|WP_001198620.1,0,0,0,0,0,0,0,0,0,0,1
GCF_000987875.1|WP_001198861.1,0,0,0,0,1,0,0,0,0,0,1
GCF_000987875.1|WP_001211180.1,1,1,1,1,1,1,1,1,1,1,1
GCF_000987875.1|WP_001213770.1,0,0,0,0,0,0,0,0,0,0,1
GCF_000987875.1|WP_001218277.1,0,0,0,1,0,0,0,0,0,0,1
GCF_000987875.1|WP_001221604.1,0,0,0,0,0,0,0,0,0,0,1
GCF_000987875.1|WP_001224659.1,0,0,0,0,0,0,0,0,0,0,1
GCF_000987875.1|WP_001227531.1,0,1,0,0,0,0,0,0,0,0,1
GCF_000987875.1|WP_001229290.1,0,0,0,0,0,0,0,0,0,1,1
GCF_000987875.1|WP_001231257.1,0,0,0,0,0,0,0,0,0,0,1
GCF_000987875.1|WP_001248445.1,0,0,0,0,0,0,0,0,0,0,1
GCF_000987875.1|WP_001248831.1,0,0,0,0,0,0,0,0,0,0,1
GCF_000987875.1|WP_001254215.1,1,0,0,0,0,0,0,0,0,0,1
GCF_000987875.1|WP_001255892.1,0,0,0,0,0,0,0,0,0,0,1
GCF_000987875.1|WP_001259082.1,0,0,0,0,0,0,0,0,0,0,1
GCF_000987875.1|WP_001262336.1,0,0,0,0,0,0,0,0,0,1,1
GCF_000987875.1|WP_001262655.1,0,0,0,1,0,0,0,0,0,0,1
GCF_000987875.1|WP_001270633.1,1,0,0,0,0,0,0,0,0,0,1
GCF_000987875.1|WP_001274214.1,0,0,0,1,0,0,0,0,0,0,1
GCF_000987875.1|WP_001275998.1,0,0,0,0,0,0,0,0,0,0,1
GCF_000987875.1|WP_001277856.1,0,0,0,0,0,0,0,0,0,0,1
GCF_000987875.1|WP_001280452.1,1,0,0,0,0,0,0,0,0,0,1
GCF_000987875.1|WP_001282459.1,0,0,0,0,0,0,0,0,0,0,1
GCF_000987875.1|WP_001283044.1,0,0,0,0,0,0,0,0,0,0,1
GCF_000987875.1|WP_001283169.1,0,0,0,0,0,0,0,0,0,0,1
GCF_000987875.1|WP_001285947.1,0,0,0,0,0,0,0,0,0,0,1
GCF_000987875.1|WP_001286281.1,0,0,0,0,0,0,0,0,0,0,1
GCF_000987875.1|WP_001287796.1,0,0,0,1,0,0,0,0,0,0,1
GCF_000987875.1|WP_001288046.1,0,0,0,0,0,0,0,0,0,0,1
GCF_000987875.1|WP_001288450.1,0,0,1,0,0,0,0,0,0,0,1
GCF_000987875.1|WP_001288821.1,0,0,0,0,0,0,0,0,0,0,1
GCF_000987875.1|WP_001290570.1,0,0,0,0,0,0,0,0,0,0,1
GCF_000987875.1|WP_001291105.1,0,1,0,0,0,0,0,0,0,0,1
GCF_000987875.1|WP_001293588.1,0,0,0,0,0,0,0,0,0,0,1
GCF_000987875.1|WP_001297643.1,0,0,0,1,0,0,0,0,0,0,1
GCF_000987875.1|WP_001297666.1,0,0,0,0,0,0,0,0,0,0,1
GCF_000987875.1|WP_001300279.1,0,1,0,1,1,1,0,0,0,1,1
GCF_000987875.1|WP_001304548.1,0,0,0,0,0,0,0,0,0,0,1
GCF_000987875.1|WP_001304725.1,0,0,0,0,0,0,0,0,0,0,1
GCF_000987875.1|WP_001312809.1,0,0,0,0,0,0,0,0,0,0,1
GCF_000987875.1|WP_001317036.1,0,1,0,0,0,0,0,0,0,1,1
GCF_000987875.1|WP_001327954.1,1,1,1,1,1,1,1,1,1,1,1
GCF_000987875.1|WP_001333284.1,0,0,0,0,0,0,0,0,0,0,1
GCF_000987875.1|WP_001344215.1,0,0,0,0,0,0,0,0,0,0,1
GCF_000987875.1|WP_001350102.1,0,0,0,0,0,0,0,0,0,0,1
GCF_000987875.1|WP_001350104.1,0,0,0,0,0,0,0,0,0,0,1
GCF_000987875.1|WP_001350105.1,0,0,0,0,0,0,0,0,0,0,1
GCF_000987875.1|WP_001350106.1,0,0,0,0,0,0,0,0,0,0,1
GCF_000987875.1|WP_001358311.1,0,0,0,0,0,0,0,0,0,0,1
GCF_000987875.1|WP_001363070.1,0,0,0,0,0,0,0,0,0,0,1
GCF_000987875.1|WP_001368802.1,0,0,0,0,0,0,0,0,0,0,1
GCF_000987875.1|WP_001387651.1,0,0,0,0,0,0,0,0,0,0,1
GCF_000987875.1|WP_001387733.1,0,0,0,0,0,0,0,0,0,0,1
GCF_000987875.1|WP_001387734.1,0,0,1,0,0,0,0,0,0,0,1
GCF_000987875.1|WP_001390632.1,0,0,0,0,0,0,0,0,0,0,1
GCF_000987875.1|WP_001405000.1,0,0,0,0,0,0,0,0,0,0,1
GCF_000987875.1|WP_001406039.1,0,0,0,0,0,0,0,0,0,0,1
GCF_000987875.1|WP_001407729.1,0,0,0,0,0,0,0,0,0,0,1
GCF_000987875.1|WP_001420344.1,0,0,0,0,0,0,0,0,0,0,1
GCF_000987875.1|WP_001433668.1,0,0,0,0,0,0,0,0,0,0,1
GCF_000987875.1|WP_001514621.1,0,0,0,0,0,0,0,0,0,0,1
GCF_000987875.1|WP_001520086.1,0,0,0,0,0,0,0,0,0,0,1
GCF_000987875.1|WP_001542448.1,0,0,0,0,0,0,0,0,0,0,1
GCF_000987875.1|WP_001573251.1,0,0,0,0,0,0,0,0,0,0,1
GCF_000987875.1|WP_001598196.1,0,0,0,0,0,0,0,0,0,0,1
GCF_000987875.1|WP_001673482.1,0,0,0,0,0,0,0,0,0,0,1
GCF_000987875.1|WP_007666384.1,0,0,0,0,0,0,0,0,0,1,1
GCF_000987875.1|WP_008322898.1,0,0,0,0,0,0,0,0,0,0,1
GCF_000987875.1|WP_014639829.1,1,0,1,1,0,0,0,0,0,1,1
GCF_000987875.1|WP_014639837.1,0,0,0,0,0,0,0,0,0,0,1
GCF_000987875.1|WP_014639840.1,0,0,0,0,0,0,0,0,0,0,1
GCF_000987875.1|WP_014639900.1,1,0,1,1,1,1,1,1,1,1,1
GCF_000987875.1|WP_014639927.1,0,0,0,0,0,0,0,0,0,0,1
GCF_000987875.1|WP_014639930.1,0,0,0,0,0,0,0,0,0,0,1
GCF_000987875.1|WP_014639948.1,0,0,0,0,0,0,0,0,0,0,1
GCF_000987875.1|WP_014639990.1,0,0,0,0,0,0,0,0,0,0,1
GCF_000987875.1|WP_014639992.1,0,0,0,0,0,0,0,0,0,0,1
GCF_000987875.1|WP_014640011.1,0,0,0,0,0,0,0,0,0,0,1
GCF_000987875.1|WP_014640033.1,0,0,0,0,0,0,0,0,0,0,1
GCF_000987875.1|WP_014640052.1,0,0,0,0,0,0,0,0,0,0,1
GCF_000987875.1|WP_014640085.1,0,0,0,0,0,0,0,0,0,0,1
GCF_000987875.1|WP_024185625.1,0,0,1,0,0,0,1,1,1,1,1
GCF_000987875.1|WP_024185651.1,0,0,0,0,0,0,0,0,0,0,1
GCF_000987875.1|WP_024185664.1,0,0,0,1,0,0,1,1,1,0,1
GCF_000987875.1|WP_024185670.1,1,0,1,1,0,0,1,1,1,1,1
GCF_000987875.1|WP_032162305.1,0,0,0,0,0,0,0,0,0,0,1
GCF_000987875.1|WP_052604443.1,0,0,0,0,0,0,0,0,0,0,1
GCF_000987875.1|WP_064721323.1,0,0,0,0,0,0,0,0,0,0,1
GCF_000987875.1|WP_071593530.1,1,0,0,1,0,0,0,0,0,0,1
GCF_000987875.1|WP_071594060.1,0,0,0,0,0,0,0,0,0,0,1
GCF_000987875.1|WP_071595684.1,0,0,0,0,0,0,0,0,0,0,1
GCF_000987875.1|WP_077634916.1,0,0,0,0,0,0,0,0,0,0,1
GCF_000987875.1|WP_077634926.1,0,0,0,0,0,0,0,0,0,0,1
GCF_000987875.1|WP_077634929.1,0,1,0,1,1,1,0,0,0,1,1
GCF_000987875.1|WP_085948622.1,1,1,1,1,1,1,0,1,1,1,1
GCF_000987875.1|WP_097738121.1,0,0,0,0,0,0,0,0,0,0,1
GCF_000987875.1|WP_122985688.1,1,0,0,0,0,0,0,0,0,0,1
GCF_000987875.1|WP_151327001.1,0,0,0,0,0,0,0,0,0,0,1
GCF_000987875.1|WP_155105375.1,0,0,0,0,0,0,0,0,0,0,1
GCF_000987875.1|WP_155522400.1,0,0,0,0,0,0,0,0,0,0,1
GCF_000987875.1|WP_162485313.1,0,0,0,0,0,0,0,0,0,0,1
GCF_000987875.1|WP_166427843.1,0,0,0,0,0,0,0,0,0,0,1
GCF_000987875.1|WP_166427847.1,0,0,0,0,0,0,0,0,0,0,1
GCF_000987875.1|WP_225090931.1,0,0,0,0,0,0,0,0,0,0,1
GCF_000987875.1|WP_225389441.1,0,0,0,0,0,0,0,0,0,0,1
GCF_000987875.1|WP_229018405.1,0,0,0,0,0,0,0,0,0,0,1
GCF_000987875.1|WP_229692861.1,0,0,0,0,0,0,0,0,0,0,1
GCF_000987875.1|WP_233324324.1,0,0,0,0,0,0,0,0,0,0,1
GCF_000987875.1|WP_244422763.1,1,0,0,0,0,0,0,0,0,0,1
GCF_000987875.1|WP_244422771.1,0,0,0,0,0,0,0,0,0,0,1
GCF_000987875.1|WP_244422776.1,0,0,0,0,0,0,0,0,0,0,1
GCF_000987875.1|WP_244422777.1,0,0,0,1,0,0,0,0,0,0,1
GCF_000987875.1|WP_306296727.1,0,0,0,0,0,0,0,0,0,0,1
GCF_000987875.1|WP_308011014.1,0,0,0,0,0,0,0,0,0,0,1
GCF_000987875.1|WP_418886026.1,0,1,1,0,1,1,0,1,1,0,1
GCF_000987875.1|WP_419180840.1,0,0,0,0,0,0,0,0,0,0,1
