cluster,genomes_present,family_type,gene,product,go_function,ontology_term
GCF_000597845.1|WP_000002303.1,11,Core,phnJ,alpha-D-ribose 1-methylphosphonate 5-phosphate C-P-lyase PhnJ,,
GCF_000597845.1|WP_000002474.1,11,Core,citR,DNA-binding transcriptional repressor CitR,DNA-binding transcription factor activity|0003700||IEA,"GO:0006355,GO:0003700"
GCF_000597845.1|WP_000002541.1,11,Core,lepB,signal peptidase I,serine-type endopeptidase activity|0004252||IEA,"GO:0006465,GO:0004252"
GCF_000597845.1|WP_000002907.1,11,Core,dgkA,diacylglycerol kinase,,
GCF_000597845.1|WP_000002953.1,11,Core,rraB,ribonuclease E inhibitor RraB,,
GCF_000597845.1|WP_000003071.1,11,Core,lysS,lysine--tRNA ligase,"lysine-tRNA ligase activity|0004824||IEA,ATP binding|0005524||IEA","GO:0006430,GO:0004824,GO:0005524,GO:0005737"
GCF_000597845.1|WP_000003317.1,11,Core,rlmN,bifunctional tRNA (adenosine(37)-C2)-methyltransferase TrmG/ribosomal RNA large subunit methyltransferase RlmN,,
GCF_000597845.1|WP_000003377.1,11,Core,secB,protein-export chaperone SecB,,
GCF_000597845.1|WP_000003820.1,11,Core,aceE,pyruvate dehydrogenase (acetyl-transferring)%2C homodimeric type,pyruvate dehydrogenase activity|0004738||IEA,"GO:0006086,GO:0004738,GO:0045254"
GCF_000597845.1|WP_000004051.1,11,Core,tauD,taurine dioxygenase,oxidoreductase activity|0016491||IEA,GO:0016491
GCF_000597845.1|WP_000004438.1,11,Core,fmt,methionyl-tRNA formyltransferase,methionyl-tRNA formyltransferase activity|0004479||IEA,"GO:0071951,GO:0004479,GO:0005737"
GCF_000597845.1|WP_000004488.1,11,Core,mlaB,lipid asymmetry maintenance protein MlaB,,
GCF_000597845.1|WP_000004618.1,11,Core,lplT,lysophospholipid transporter LplT,transmembrane transporter activity|0022857||IEA,"GO:0055085,GO:0022857"
GCF_000597845.1|WP_000004655.1,11,Core,fkpB,FKBP-type peptidyl-prolyl cis-trans isomerase,peptidyl-prolyl cis-trans isomerase activity|0003755||IEA,GO:0003755
GCF_000597845.1|WP_000004770.1,11,Core,epmA,elongation factor P--(R)-beta-lysine ligase,aminoacyl-tRNA ligase activity|0004812||IEA,"GO:0006418,GO:0004812"
GCF_000597845.1|WP_000004899.1,11,Core,hyaF,hydrogenase expression/formation protein,,
GCF_000597845.1|WP_000005042.1,11,Core,yacG,DNA gyrase inhibitor YacG,zinc ion binding|0008270||IEA,"GO:0006355,GO:0008270"
GCF_000597845.1|WP_000005552.1,2,Accessory,,excisionase family protein,,
GCF_000597845.1|WP_000006621.1,11,Core,wecC,UDP-N-acetyl-D-mannosamine dehydrogenase,"NAD binding|0051287||IEA,UDP-N-acetyl-D-mannosamine dehydrogenase activity|0089714||IEA","GO:0009246,GO:0051287,GO:0089714"
GCF_000597845.1|WP_000006806.1,11,Core,dxs,1-deoxy-D-xylulose-5-phosphate synthase,1-deoxy-D-xylulose-5-phosphate synthase activity|0008661||IEA,"GO:0008615,GO:0009228,GO:0009240,GO:0008661,GO:0005737"
GCF_000597845.1|WP_000006890.1,11,Core,allB,allantoinase AllB,allantoinase activity|0004038||IEA,"GO:0000256,GO:0004038"
GCF_000597845.1|WP_000007101.1,11,Core,rhlE,ATP-dependent RNA helicase RhlE,RNA helicase activity|0003724||IEA,GO:0003724
GCF_000597845.1|WP_000007283.1,11,Core,sodB,superoxide dismutase [Fe],"superoxide dismutase activity|0004784||IEA,metal ion binding|0046872||IEA","GO:0006801,GO:0004784,GO:0046872"
GCF_000597845.1|WP_000007444.1,4,Accessory,nadS,NadS family protein,,
GCF_000597845.1|WP_000007523.1,11,Core,metF,methylenetetrahydrofolate reductase,methylenetetrahydrofolate reductase (NAD(P)H) activity|0004489||IEA,"GO:0009086,GO:0004489"
GCF_000597845.1|WP_000007629.1,11,Core,yajC,preprotein translocase subunit YajC,protein-transporting ATPase activity|0015450||IEA,"GO:0009306,GO:0015450,GO:0005886"
GCF_000597845.1|WP_000008957.1,11,Core,arsR,As(III)-sensing metalloregulatory transcriptional repressor ArsR,,
GCF_000597845.1|WP_000009244.1,9,Accessory,yodC,YodC family protein,,
GCF_000597845.1|WP_000010276.1,11,Core,prpE,propionate--CoA ligase,propionate-CoA ligase activity|0050218||IEA,"GO:0019629,GO:0050218"
GCF_000597845.1|WP_000010749.1,11,Core,norR,nitric oxide reductase transcriptional regulator NorR,DNA-binding transcription factor activity|0003700||IEA,"GO:0006355,GO:0003700"
GCF_000597845.1|WP_000011114.1,11,Core,yceJ,cytochrome b,"electron transfer activity|0009055||IEA,heme binding|0020037||IEA,metal ion binding|0046872||IEA","GO:0022904,GO:0009055,GO:0020037,GO:0046872,GO:0016020"
GCF_000597845.1|WP_000011660.1,10,Accessory,yobB,carbon-nitrogen hydrolase family protein YobB,,
GCF_000597845.1|WP_000012300.1,11,Core,yfaA,DUF2138 domain-containing protein,,
GCF_000597845.1|WP_000012550.1,11,Core,yjfK,YjfK family protein,,
GCF_000597845.1|WP_000012904.1,11,Core,argF,ornithine carbamoyltransferase,ornithine carbamoyltransferase activity|0004585||IEA,"GO:0042450,GO:0004585"
GCF_000597845.1|WP_000013026.1,1,Singleton,,hypothetical protein,,
GCF_000597845.1|WP_000013046.1,11,Core,pyrB,aspartate carbamoyltransferase,aspartate carbamoyltransferase activity|0004070||IEA,"GO:0006207,GO:0004070"
GCF_000597845.1|WP_000013149.1,11,Core,dkgA,2%2C5-didehydrogluconate reductase DkgA,2%2C5-didehydrogluconate reductase activity|0050580||IEA,GO:0050580
GCF_000597845.1|WP_000013506.1,11,Core,napH,quinol dehydrogenase ferredoxin subunit NapH,,
GCF_000597845.1|WP_000014036.1,11,Core,pntB,Re/Si-specific NAD(P)(+) transhydrogenase subunit beta,"proton-translocating NAD(P)+ transhydrogenase activity|0008750||IEA,NADP binding|0050661||IEA","GO:0008750,GO:0050661,GO:0016020"
GCF_000597845.1|WP_000014321.1,11,Core,secM,secA translation cis-regulator SecM,translation regulator activity|0045182||IEA,GO:0045182
GCF_000597845.1|WP_000015497.1,11,Core,ygbA,nitrous oxide-stimulated promoter family protein,,
GCF_000597845.1|WP_000015837.1,11,Core,yjeH,L-methionine/branched-chain amino acid transporter,transmembrane transporter activity|0022857||IEA,"GO:0055085,GO:0022857,GO:0016020"
GCF_000597845.1|WP_000015990.1,11,Core,fhuD,Fe(3+)-hydroxamate ABC transporter substrate-binding protein FhuD,,
GCF_000597845.1|WP_000016560.1,11,Core,murG,undecaprenyldiphospho-muramoylpentapeptide beta-N-acetylglucosaminyltransferase,undecaprenyldiphospho-muramoylpentapeptide beta-N-acetylglucosaminyltransferase activity|0050511||IEA,"GO:0009252,GO:0050511"
GCF_000597845.1|WP_000016907.1,11,Core,amiC,N-acetylmuramoyl-L-alanine amidase AmiC,,
GCF_000597845.1|WP_000017106.1,11,Core,ruvX,Holliday junction resolvase RuvX,,GO:0006364
GCF_000597845.1|WP_000017354.1,11,Core,plsB,glycerol-3-phosphate 1-O-acyltransferase PlsB,glycerol-3-phosphate O-acyltransferase activity|0004366||IEA,"GO:0008654,GO:0004366"
GCF_000597845.1|WP_000017552.1,11,Core,,hypothetical protein,,
GCF_000597845.1|WP_000017703.1,11,Core,hybB,Ni/Fe-hydrogenase cytochrome b subunit,,
GCF_000597845.1|WP_000018003.1,11,Core,nfeR,DNA-binding transcriptional regulator NfeR,,
GCF_000597845.1|WP_000018329.1,1,Singleton,,aminoglycoside O-phosphotransferase APH(3')-Ia,,
GCF_000597845.1|WP_000018413.1,9,Accessory,paaI,hydroxyphenylacetyl-CoA thioesterase PaaI,thiolester hydrolase activity|0016790||IEA,"GO:0010124,GO:0016790"
GCF_000597845.1|WP_000018588.1,11,Core,pheS,phenylalanine--tRNA ligase subunit alpha,"nucleotide binding|0000166||IEA,phenylalanine-tRNA ligase activity|0004826||IEA,ATP binding|0005524||IEA","GO:0006432,GO:0000166,GO:0004826,GO:0005524,GO:0005737"
GCF_000597845.1|WP_000018633.1,11,Core,ydcY,DUF2526 family protein YdcY,,
GCF_000597845.1|WP_000018760.1,11,Core,yghA,NADP(+)-dependent aldehyde reductase,,
GCF_000597845.1|WP_000019358.1,11,Core,soxS,superoxide response transcriptional regulator SoxS,,
GCF_000597845.1|WP_000019407.1,4,Accessory,,IS5-like element IS5 family transposase,transposase activity|0004803||IEA,"GO:0006313,GO:0004803"
GCF_000597845.1|WP_000019588.1,11,Core,cmoA,carboxy-S-adenosyl-L-methionine synthase CmoA,,
GCF_000597845.1|WP_000019655.1,11,Core,yhdX,amino acid ABC transporter permease,"ATPase-coupled transmembrane transporter activity|0042626||IEA,ABC-type transporter activity|0140359||IEA","GO:0006865,GO:0042626,GO:0140359,GO:0016020,GO:0043190"
GCF_000597845.1|WP_000019827.1,11,Core,narK,nitrate transporter NarK,,
GCF_000597845.1|WP_000019869.1,11,Core,cyoD,cytochrome o ubiquinol oxidase subunit IV,,
GCF_000597845.1|WP_000019944.1,11,Core,rcnR,Ni(II)/Co(II)-binding transcriptional repressor RcnR,,
GCF_000597845.1|WP_000020078.1,11,Core,kch,voltage-gated potassium channel protein,,
GCF_000597845.1|WP_000020163.1,11,Core,ycgR,flagellar brake protein YcgR,cyclic-di-GMP binding|0035438||IEA,"GO:0071945,GO:0035438"
GCF_000597845.1|WP_000020467.1,11,Core,flgD,flagellar hook assembly protein FlgD,,
GCF_000597845.1|WP_000020749.1,11,Core,era,GTPase Era,"RNA binding|0003723||IEA,GTP binding|0005525||IEA","GO:0003723,GO:0005525"
GCF_000597845.1|WP_000020880.1,11,Core,flgM,flagellar biosynthesis anti-sigma factor FlgM,,GO:0045892
GCF_000597845.1|WP_000021036.1,11,Core,cysA,sulfate/thiosulfate ABC transporter ATP-binding protein CysA,"ATP binding|0005524||IEA,ABC-type sulfate transporter activity|0015419||IEA","GO:1902358,GO:0005524,GO:0015419,GO:0016020,GO:0043190"
GCF_000597845.1|WP_000022442.1,11,Core,mscL,large-conductance mechanosensitive channel protein MscL,,
GCF_000597845.1|WP_000023081.1,11,Core,coaA,type I pantothenate kinase,pantothenate kinase activity|0004594||IEA,"GO:0015937,GO:0004594"
GCF_000597845.1|WP_000023635.1,10,Accessory,yahD,ankyrin repeat domain-containing protein,protein binding|0005515||IEA,GO:0005515
GCF_000597845.1|WP_000024560.1,11,Core,cbpM,chaperone modulator CbpM,,
GCF_000597845.1|WP_000025034.1,1,Singleton,wzt,O9 family O-antigen export ABC transporter ATP-binding subunit,,
GCF_000597845.1|WP_000025458.1,11,Core,sucD,succinate--CoA ligase subunit alpha,catalytic activity|0003824||IEA,GO:0003824
GCF_000597845.1|WP_000025892.1,11,Core,bcsA,UDP-forming cellulose synthase catalytic subunit,"cellulose synthase (UDP-forming) activity|0016760||IEA,cyclic-di-GMP binding|0035438||IEA","GO:0006011,GO:0030244,GO:0016760,GO:0035438,GO:0016020"
GCF_000597845.1|WP_000026047.1,11,Core,hemD,uroporphyrinogen-III synthase,uroporphyrinogen-III synthase activity|0004852||IEA,"GO:0006780,GO:0004852"
GCF_000597845.1|WP_000026117.1,11,Core,glcD,glycolate oxidase subunit GlcD,"(S)-2-hydroxy-acid oxidase activity|0003973||IEA,FAD binding|0071949||IEA","GO:0003973,GO:0071949,GO:0009339"
GCF_000597845.1|WP_000027705.1,11,Core,fdhE,formate dehydrogenase accessory protein FdhE,,
GCF_000597845.1|WP_000028114.1,10,Accessory,melB,melibiose:sodium transporter MelB,"symporter activity|0015293||IEA,transmembrane transporter activity|0022857||IEA","GO:0006814,GO:0008643,GO:0015293,GO:0022857,GO:0016020"
GCF_000597845.1|WP_000028540.1,11,Core,yciC,YciC family protein,,
GCF_000597845.1|WP_000028878.1,11,Core,rplL,50S ribosomal protein L7/L12,structural constituent of ribosome|0003735||IEA,"GO:0006412,GO:0003735,GO:0005840"
GCF_000597845.1|WP_000028953.1,11,Core,iscA,iron-sulfur cluster assembly protein IscA,,
GCF_000597845.1|WP_000029611.1,11,Core,norV,anaerobic nitric oxide reductase flavorubredoxin,"electron transfer activity|0009055||IEA,FMN binding|0010181||IEA,nitric oxide reductase activity|0016966||IEA,metal ion binding|0046872||IEA","GO:0009055,GO:0010181,GO:0016966,GO:0046872"
GCF_000597845.1|WP_000030016.1,11,Core,kdsC,3-deoxy-manno-octulosonate-8-phosphatase KdsC,hydrolase activity%2C acting on ester bonds|0016788||IEA,GO:0016788
GCF_000597845.1|WP_000030537.1,11,Core,lptC,LPS export ABC transporter periplasmic protein LptC,,
GCF_000597845.1|WP_000030901.1,11,Core,yfcZ,YfcZ/YiiS family protein,,
GCF_000597845.1|WP_000031783.1,11,Core,tuf,elongation factor Tu,"translation elongation factor activity|0003746||IEA,GTP binding|0005525||IEA","GO:0006414,GO:0003746,GO:0005525"
GCF_000597845.1|WP_000032581.1,9,Accessory,yigF,DUF2628 domain-containing protein,,
GCF_000597845.1|WP_000032691.1,11,Core,gph,phosphoglycolate phosphatase,phosphoglycolate phosphatase activity|0008967||IEA,"GO:0005975,GO:0008967"
GCF_000597845.1|WP_000032935.1,11,Core,narG,nitrate reductase subunit alpha,nitrate reductase activity|0008940||IEA,"GO:0042126,GO:0008940,GO:0009325"
GCF_000597845.1|WP_000033328.1,11,Core,yfcV,fimbrial protein,,"GO:0007155,GO:0009289"
GCF_000597845.1|WP_000033487.1,11,Core,nrfF,heme lyase NrfEFG subunit NrfF,,
GCF_000597845.1|WP_000034372.1,11,Core,fbaA,class II fructose-bisphosphate aldolase,"fructose-bisphosphate aldolase activity|0004332||IEA,zinc ion binding|0008270||IEA","GO:0005975,GO:0006096,GO:0004332,GO:0008270"
GCF_000597845.1|WP_000034602.1,11,Core,ybgE,cyd operon protein YbgE,,
GCF_000597845.1|WP_000035581.1,11,Core,recQ,ATP-dependent DNA helicase RecQ,DNA helicase activity|0003678||IEA,"GO:0006310,GO:0003678"
GCF_000597845.1|WP_000036371.1,11,Core,cheB,protein-glutamate methylesterase/protein glutamine deamidase,,
GCF_000597845.1|WP_000036723.1,11,Core,eno,phosphopyruvate hydratase,"magnesium ion binding|0000287||IEA,phosphopyruvate hydratase activity|0004634||IEA","GO:0006096,GO:0000287,GO:0004634,GO:0000015"
GCF_000597845.1|WP_000037562.1,11,Core,kdgK,2-dehydro-3-deoxygluconokinase,,
GCF_000597845.1|WP_000037608.1,10,Accessory,yhbO,protein/nucleic acid deglycase,,
GCF_000597845.1|WP_000039688.1,10,Accessory,ygcE,FGGY-family carbohydrate kinase,"ATP binding|0005524||IEA,carbohydrate kinase activity|0019200||IEA","GO:0005975,GO:0016310,GO:0005524,GO:0019200"
GCF_000597845.1|WP_000039862.1,11,Core,cysH,phosphoadenosine phosphosulfate reductase,phosphoadenylyl-sulfate reductase (thioredoxin) activity|0004604||IEA,"GO:0019379,GO:0004604"
GCF_000597845.1|WP_000039881.1,9,Accessory,paaX,phenylacetic acid degradation operon negative regulatory protein PaaX,,GO:0006351
GCF_000597845.1|WP_000040169.1,11,Core,yfiH,purine nucleoside phosphorylase YfiH,"adenosine deaminase activity|0004000||IEA,purine-nucleoside phosphorylase activity|0004731||IEA,protein homodimerization activity|0042803||IEA","GO:0004000,GO:0004731,GO:0042803"
GCF_000597845.1|WP_000040208.1,11,Core,psuG,pseudouridine-5'-phosphate glycosidase,,
GCF_000597845.1|WP_000041681.1,11,Core,ynfE,selenate/tellurate reductase subunit YnfE,,
GCF_000597845.1|WP_000041970.1,11,Core,rsgA,small ribosomal subunit biogenesis GTPase RsgA,"GTPase activity|0003924||IEA,GTP binding|0005525||IEA","GO:0003924,GO:0005525"
GCF_000597845.1|WP_000042533.1,11,Core,uvrB,excinuclease ABC subunit UvrB,"DNA binding|0003677||IEA,ATP binding|0005524||IEA,ATP hydrolysis activity|0016887||IEA","GO:0006289,GO:0003677,GO:0005524,GO:0016887,GO:0009380"
GCF_000597845.1|WP_000042632.1,11,Core,lipA,lipoyl synthase,"lipoate synthase activity|0016992||IEA,4 iron%2C 4 sulfur cluster binding|0051539||IEA,S-adenosyl-L-methionine binding|1904047||IEA","GO:0009107,GO:0016992,GO:0051539,GO:1904047"
GCF_000597845.1|WP_000042900.1,11,Core,yhhM,DUF2500 domain-containing protein,,
GCF_000597845.1|WP_000043335.1,11,Core,rimM,ribosome maturation factor RimM,ribosome binding|0043022||IEA,"GO:0006364,GO:0043022,GO:0005840"
GCF_000597845.1|WP_000044314.1,9,Accessory,mhpF,acetaldehyde dehydrogenase,,
GCF_000597845.1|WP_000044843.1,11,Core,bioD,dethiobiotin synthase,"magnesium ion binding|0000287||IEA,dethiobiotin synthase activity|0004141||IEA,ATP binding|0005524||IEA","GO:0009102,GO:0000287,GO:0004141,GO:0005524"
GCF_000597845.1|WP_000045305.1,11,Core,hemL,glutamate-1-semialdehyde 2%2C1-aminomutase,glutamate-1-semialdehyde 2%2C1-aminomutase activity|0042286||IEA,"GO:0033014,GO:0042286"
GCF_000597845.1|WP_000045450.1,11,Core,ybhN,lysylphosphatidylglycerol synthase domain-containing protein,,
GCF_000597845.1|WP_000045744.1,11,Core,nudE,ADP compounds hydrolase NudE,hydrolase activity|0016787||IEA,GO:0016787
GCF_000597845.1|WP_000046281.1,11,Core,ygiF,inorganic triphosphatase,,
GCF_000597845.1|WP_000047170.1,11,Core,alaS,alanine--tRNA ligase,"nucleotide binding|0000166||IEA,alanine-tRNA ligase activity|0004813||IEA","GO:0006419,GO:0000166,GO:0004813,GO:0005737"
GCF_000597845.1|WP_000048252.1,11,Core,yccX,acylphosphatase,acylphosphatase activity|0003998||IEA,GO:0003998
GCF_000597845.1|WP_000048324.1,4,Accessory,,exonuclease,,
GCF_000597845.1|WP_000048950.1,11,Core,azoR,FMN-dependent NADH-azoreductase,,
GCF_000597845.1|WP_000049208.1,11,Core,nirB,NADPH-nitrite reductase large subunit,,
GCF_000597845.1|WP_000050139.1,11,Core,coaBC,bifunctional phosphopantothenoylcysteine decarboxylase/phosphopantothenate--cysteine ligase CoaBC,"phosphopantothenate--cysteine ligase activity|0004632||IEA,phosphopantothenoylcysteine decarboxylase activity|0004633||IEA,FMN binding|0010181||IEA","GO:0015937,GO:0015941,GO:0004632,GO:0004633,GO:0010181"
GCF_000597845.1|WP_000050265.1,11,Core,wzxE,lipid III flippase WzxE,,"GO:0009246,GO:0016020"
GCF_000597845.1|WP_000050789.1,11,Core,yejK,nucleoid-associated protein YejK,,GO:0009295
GCF_000597845.1|WP_000051560.1,11,Core,ldcA,muramoyltetrapeptide carboxypeptidase,,
GCF_000597845.1|WP_000051841.1,11,Core,aaeX,p-hydroxybenzoic acid efflux pump operon protein AaeX,,
GCF_000597845.1|WP_000052206.1,9,Accessory,prpB,methylisocitrate lyase,methylisocitrate lyase activity|0046421||IEA,"GO:0019629,GO:0046421"
GCF_000597845.1|WP_000052796.1,11,Core,ahpC,alkyl hydroperoxide reductase subunit C,NADH-dependent peroxiredoxin activity|0102039||IEA,"GO:0006979,GO:0102039"
GCF_000597845.1|WP_000053099.1,11,Core,uup,ABC transporter ATP-binding protein,ATP binding|0005524||IEA,GO:0005524
GCF_000597845.1|WP_000053415.1,9,Accessory,galK,galactokinase,"galactokinase activity|0004335||IEA,ATP binding|0005524||IEA","GO:0006012,GO:0046835,GO:0004335,GO:0005524"
GCF_000597845.1|WP_000055072.1,11,Core,ppa,inorganic diphosphatase,inorganic diphosphate phosphatase activity|0004427||IEA,"GO:0006796,GO:0004427"
GCF_000597845.1|WP_000055746.1,11,Core,accA,acetyl-CoA carboxylase carboxyl transferase subunit alpha,acetyl-CoA carboxylase activity|0003989||IEA,"GO:0006633,GO:0003989,GO:0009317"
GCF_000597845.1|WP_000056003.1,11,Core,ssuD,FMNH2-dependent alkanesulfonate monooxygenase,"alkanesulfonate monooxygenase activity|0008726||IEA,FMN binding|0010181||IEA","GO:0006790,GO:0008726,GO:0010181"
GCF_000597845.1|WP_000056442.1,11,Core,ybiR,anion transporter,,
GCF_000597845.1|WP_000056760.1,11,Core,ulaD,3-keto-L-gulonate-6-phosphate decarboxylase UlaD,,
GCF_000597845.1|WP_000057138.1,11,Core,serC,3-phosphoserine/phosphohydroxythreonine transaminase,"catalytic activity|0003824||IEA,O-phospho-L-serine:2-oxoglutarate aminotransferase activity|0004648||IEA","GO:0006564,GO:0003824,GO:0004648"
GCF_000597845.1|WP_000058717.1,1,Singleton,,DMT family transporter,transmembrane transporter activity|0022857||IEA,"GO:0055085,GO:0022857,GO:0016020"
GCF_000597845.1|WP_000059111.1,11,Core,dnaA,chromosomal replication initiator protein DnaA,"DNA binding|0003677||IEA,DNA replication origin binding|0003688||IEA,ATP binding|0005524||IEA","GO:0006270,GO:0006275,GO:0003677,GO:0003688,GO:0005524"
GCF_000597845.1|WP_000059307.1,11,Core,ygcU,FAD-binding oxidoreductase,"oxidoreductase activity|0016491||IEA,FAD binding|0071949||IEA","GO:0016491,GO:0071949"
GCF_000597845.1|WP_000059388.1,11,Core,ftsP,cell division protein FtsP,oxidoreductase activity|0016491||IEA,"GO:0043093,GO:0016491"
GCF_000597845.1|WP_000059466.1,11,Core,rpsO,30S ribosomal protein S15,structural constituent of ribosome|0003735||IEA,"GO:0006412,GO:0003735,GO:0005840"
GCF_000597845.1|WP_000059908.1,11,Core,phnP,phosphonate metabolism protein PhnP,phosphoric diester hydrolase activity|0008081||IEA,"GO:0019700,GO:0008081"
GCF_000597845.1|WP_000060112.1,11,Core,recF,DNA replication/repair protein RecF,"single-stranded DNA binding|0003697||IEA,ATP binding|0005524||IEA","GO:0006260,GO:0006281,GO:0006310,GO:0009432,GO:0003697,GO:0005524"
GCF_000597845.1|WP_000060506.1,11,Core,tisB,type I toxin-antitoxin system toxin TisB,,
GCF_000597845.1|WP_000060978.1,11,Core,tamB,autotransporter assembly complex protein TamB,,"GO:0009306,GO:0089705"
GCF_000597845.1|WP_000062312.1,11,Core,rof,Rho-binding antiterminator,,
GCF_000597845.1|WP_000062457.1,11,Core,citG,triphosphoribosyl-dephospho-CoA synthase CitG,,
GCF_000597845.1|WP_000062611.1,11,Core,rpsH,30S ribosomal protein S8,structural constituent of ribosome|0003735||IEA,"GO:0006412,GO:0003735,GO:0005840"
GCF_000597845.1|WP_000062997.1,11,Core,nuoA,NADH-quinone oxidoreductase subunit NuoA,,
GCF_000597845.1|WP_000063517.1,11,Core,rhaT,L-rhamnose/proton symporter RhaT,rhamnose transmembrane transporter activity|0015153||IEA,"GO:0008645,GO:0015153"
GCF_000597845.1|WP_000063978.1,11,Core,hyaE,hydrogenase-1 operon protein HyaE,,
GCF_000597845.1|WP_000064738.1,11,Core,norW,NADH:flavorubredoxin reductase NorW,oxidoreductase activity%2C acting on iron-sulfur proteins as donors%2C NAD or NADP as acceptor|0016731||IEA,GO:0016731
GCF_000597845.1|WP_000065253.1,11,Core,rplS,50S ribosomal protein L19,structural constituent of ribosome|0003735||IEA,"GO:0006412,GO:0003735,GO:0000311,GO:0022625"
GCF_000597845.1|WP_000065430.1,11,Core,mdaB,NADPH:quinone oxidoreductase MdaB,,
GCF_000597845.1|WP_000066484.1,11,Core,cspB,cold shock-like protein CspB,,
GCF_000597845.1|WP_000066628.1,11,Core,fumB,class I fumarate hydratase,,
GCF_000597845.1|WP_000067401.1,11,Core,hycG,formate hydrogenlyase subunit HycG,,
GCF_000597845.1|WP_000067755.1,11,Core,rarA,replication-associated recombination protein RarA,,
GCF_000597845.1|WP_000067822.1,11,Core,yeaW,carnitine monooxygenase%2C oxygenase subunit YeaW,,
GCF_000597845.1|WP_000068079.1,11,Core,tdk,thymidine kinase,,
GCF_000597845.1|WP_000068457.1,11,Core,folX,dihydroneopterin triphosphate 2'-epimerase,dihydroneopterin aldolase activity|0004150||IEA,"GO:0006760,GO:0004150"
GCF_000597845.1|WP_000068679.1,11,Core,trpR,trp operon repressor,"DNA-binding transcription factor activity|0003700||IEA,sequence-specific DNA binding|0043565||IEA","GO:0006355,GO:0003700,GO:0043565"
GCF_000597845.1|WP_000068701.1,11,Core,gcvT,glycine cleavage system aminomethyltransferase GcvT,aminomethyltransferase activity|0004047||IEA,"GO:0019464,GO:0004047,GO:0005737"
GCF_000597845.1|WP_000068828.1,11,Core,ftsN,cell division protein FtsN,peptidoglycan binding|0042834||IEA,GO:0042834
GCF_000597845.1|WP_000068922.1,11,Core,dsbD,protein-disulfide reductase DsbD,,
GCF_000597845.1|WP_000069375.1,11,Core,ppsA,phosphoenolpyruvate synthase,"ATP binding|0005524||IEA,pyruvate%2C water dikinase activity|0008986||IEA,transferase activity%2C transferring phosphorus-containing groups|0016772||IEA","GO:0006090,GO:0016310,GO:0005524,GO:0008986,GO:0016772"
GCF_000597845.1|WP_000070131.1,11,Core,ybhS,ABC transporter permease,ABC-type transporter activity|0140359||IEA,"GO:0140359,GO:0016020"
GCF_000597845.1|WP_000070621.1,11,Core,elaB,stress response protein ElaB,,
GCF_000597845.1|WP_000071134.1,11,Core,glmM,phosphoglucosamine mutase,"magnesium ion binding|0000287||IEA,phosphoglucosamine mutase activity|0008966||IEA,intramolecular phosphotransferase activity|0016868||IEA","GO:0005975,GO:0000287,GO:0008966,GO:0016868"
GCF_000597845.1|WP_000071554.1,9,Accessory,,EscR/YscR/HrcR family type III secretion system export apparatus protein,,
GCF_000597845.1|WP_000072067.1,11,Core,gyrB,DNA topoisomerase (ATP-hydrolyzing) subunit B,"DNA binding|0003677||IEA,DNA topoisomerase type II (double strand cut%2C ATP-hydrolyzing) activity|0003918||IEA,ATP binding|0005524||IEA","GO:0006265,GO:0003677,GO:0003918,GO:0005524,GO:0005694"
GCF_000597845.1|WP_000072850.1,9,Accessory,yibA,HEAT repeat domain-containing protein,,
GCF_000597845.1|WP_000073223.1,11,Core,scpA,methylmalonyl-CoA mutase,"methylmalonyl-CoA mutase activity|0004494||IEA,cobalamin binding|0031419||IEA,metal ion binding|0046872||IEA","GO:0004494,GO:0031419,GO:0046872"
GCF_000597845.1|WP_000073393.1,9,Accessory,paaB,1%2C2-phenylacetyl-CoA epoxidase subunit PaaB,,GO:0010124
GCF_000597845.1|WP_000073590.1,11,Core,ugpQ,glycerophosphodiester phosphodiesterase,phosphoric diester hydrolase activity|0008081||IEA,"GO:0006629,GO:0008081"
GCF_000597845.1|WP_000074172.1,11,Core,mdtG,multidrug efflux MFS transporter MdtG,transmembrane transporter activity|0022857||IEA,"GO:0055085,GO:0022857"
GCF_000597845.1|WP_000074527.1,11,Core,alaA,alanine transaminase AlaA,,
GCF_000597845.1|WP_000074859.1,10,Accessory,yehL,ATP-binding protein,"ATP binding|0005524||IEA,ATP hydrolysis activity|0016887||IEA","GO:0005524,GO:0016887"
GCF_000597845.1|WP_000075744.1,11,Core,ftsQ,cell division protein FtsQ,,GO:0090529
GCF_000597845.1|WP_000075876.1,11,Core,tesB,acyl-CoA thioesterase II,,
GCF_000597845.1|WP_000076001.1,11,Core,yfgG,YfgG family protein,,
GCF_000597845.1|WP_000076233.1,9,Accessory,codB,cytosine permease,cytosine transmembrane transporter activity|0015209||IEA,"GO:0055085,GO:0015209,GO:0016020"
GCF_000597845.1|WP_000076376.1,9,Accessory,ymfA,DUF3592 domain-containing protein,,
GCF_000597845.1|WP_000078043.1,11,Core,yieH,6-phosphogluconate phosphatase,,
GCF_000597845.1|WP_000078754.1,11,Core,celF,6-phospho-beta-glucosidase,,
GCF_000597845.1|WP_000079520.1,11,Core,yohF,SDR family oxidoreductase,oxidoreductase activity|0016491||IEA,GO:0016491
GCF_000597845.1|WP_000080339.1,7,Accessory,,FAD-dependent oxidoreductase,,
GCF_000597845.1|WP_000080885.1,11,Core,moaC,cyclic pyranopterin monophosphate synthase MoaC,cyclic pyranopterin monophosphate synthase activity|0061799||IEA,"GO:0006777,GO:0061799"
GCF_000597845.1|WP_000080947.1,11,Core,nrdI,class Ib ribonucleoside-diphosphate reductase assembly flavoprotein NrdI,FMN binding|0010181||IEA,"GO:0009263,GO:0036211,GO:0010181"
GCF_000597845.1|WP_000081418.1,10,Accessory,ttcA,tRNA 2-thiocytidine(32) synthetase TtcA,,GO:0008033
GCF_000597845.1|WP_000081550.1,10,Accessory,rpoS,RNA polymerase sigma factor RpoS,"DNA binding|0003677||IEA,DNA-binding transcription factor activity|0003700||IEA,sigma factor activity|0016987||IEA","GO:0006352,GO:0006355,GO:0003677,GO:0003700,GO:0016987"
GCF_000597845.1|WP_000082101.1,11,Core,livG,high-affinity branched-chain amino acid ABC transporter ATP-binding protein LivG,,
GCF_000597845.1|WP_000082127.1,11,Core,yecJ,DUF2766 family protein YecJ,,
GCF_000597845.1|WP_000082201.1,11,Core,mutH,DNA mismatch repair endonuclease MutH,endonuclease activity|0004519||IEA,"GO:0006304,GO:0004519"
GCF_000597845.1|WP_000082738.1,11,Core,katE,catalase HPII,"catalase activity|0004096||IEA,heme binding|0020037||IEA","GO:0006979,GO:0004096,GO:0020037"
GCF_000597845.1|WP_000082846.1,11,Core,leuA,2-isopropylmalate synthase,2-isopropylmalate synthase activity|0003852||IEA,"GO:0019752,GO:0003852"
GCF_000597845.1|WP_000083005.1,11,Core,patZ,peptidyl-lysine N-acetyltransferase PatZ,,
GCF_000597845.1|WP_000083057.1,11,Core,hybC,hydrogenase 2 large subunit,ferredoxin hydrogenase activity|0008901||IEA,GO:0008901
GCF_000597845.1|WP_000083216.1,9,Accessory,alsR,MurR/RpiR family transcriptional regulator,,
GCF_000597845.1|WP_000084131.1,11,Core,glcB,malate synthase G,malate synthase activity|0004474||IEA,"GO:0006097,GO:0004474"
GCF_000597845.1|WP_000084387.1,11,Core,tpx,thiol peroxidase,"thioredoxin peroxidase activity|0008379||IEA,oxidoreductase activity%2C acting on peroxide as acceptor|0016684||IEA","GO:0008379,GO:0016684"
GCF_000597845.1|WP_000084469.1,11,Core,ybeY,rRNA maturation RNase YbeY,"RNA nuclease activity|0004540||IEA,metal ion binding|0046872||IEA","GO:0042254,GO:0004540,GO:0046872"
GCF_000597845.1|WP_000084573.1,8,Accessory,xapA,xanthosine phosphorylase,purine-nucleoside phosphorylase activity|0004731||IEA,"GO:0055086,GO:0004731,GO:0005737"
GCF_000597845.1|WP_000084622.1,11,Core,ytfH,winged helix-turn-helix transcriptional regulator,DNA binding|0003677||IEA,GO:0003677
GCF_000597845.1|WP_000084639.1,11,Core,moaB,molybdenum cofactor biosynthesis protein B,catalytic activity|0003824||IEA,"GO:0006777,GO:0003824"
GCF_000597845.1|WP_000084764.1,11,Core,nirD,nitrite reductase small subunit NirD,,
GCF_000597845.1|WP_000085233.1,11,Core,ynjH,YnjH family protein,,
GCF_000597845.1|WP_000085982.1,11,Core,mdtL,multidrug efflux MFS transporter MdtL,,
GCF_000597845.1|WP_000086722.1,11,Core,pta,phosphate acetyltransferase,acetyltransferase activity|0016407||IEA,GO:0016407
GCF_000597845.1|WP_000086905.1,11,Core,dgcI,GGDEF domain-containing protein,cyclase activity|0009975||IEA,"GO:0009966,GO:0009975"
GCF_000597845.1|WP_000087214.1,11,Core,eamA,O-acetylserine/cysteine exporter,,GO:0016020
GCF_000597845.1|WP_000087280.1,11,Core,tkt,transketolase,transketolase activity|0004802||IEA,GO:0004802
GCF_000597845.1|WP_000088916.1,11,Core,yejE,ABC transporter permease,,
GCF_000597845.1|WP_000089364.1,9,Accessory,sufB,Fe-S cluster assembly protein SufB,,GO:0016226
GCF_000597845.1|WP_000089731.1,11,Core,rnk,nucleoside diphosphate kinase regulator,"DNA binding|0003677||IEA,RNA polymerase binding|0070063||IEA","GO:0032784,GO:0003677,GO:0070063"
GCF_000597845.1|WP_000090097.1,11,Core,tolR,colicin uptake protein TolR,,
GCF_000597845.1|WP_000090158.1,11,Core,gsiB,glutathione ABC transporter substrate-binding protein GsiB,glutathione transmembrane transporter activity|0034634||IEA,"GO:0034775,GO:0034634,GO:0043190"
GCF_000597845.1|WP_000090611.1,11,Core,yhfW,phosphopentomutase,phosphopentomutase activity|0008973||IEA,GO:0008973
GCF_000597845.1|WP_000090775.1,11,Core,rpsM,30S ribosomal protein S13,"RNA binding|0003723||IEA,structural constituent of ribosome|0003735||IEA","GO:0006412,GO:0003723,GO:0003735,GO:0005840"
GCF_000597845.1|WP_000091016.1,11,Core,mntR,manganese-binding transcriptional regulator MntR,"DNA binding|0003677||IEA,DNA-binding transcription factor activity|0003700||IEA,transition metal ion binding|0046914||IEA,protein dimerization activity|0046983||IEA","GO:0006355,GO:0003677,GO:0003700,GO:0046914,GO:0046983"
GCF_000597845.1|WP_000091199.1,11,Core,marA,MDR efflux pump AcrAB transcriptional activator MarA,,
GCF_000597845.1|WP_000091291.1,11,Core,napG,ferredoxin-type protein NapG,,
GCF_000597845.1|WP_000091572.1,9,Accessory,lgoR,GntR family transcriptional regulator,,
GCF_000597845.1|WP_000091700.1,11,Core,yggX,oxidative damage protection protein,iron ion binding|0005506||IEA,GO:0005506
GCF_000597845.1|WP_000091840.1,10,Accessory,ynfM,MFS transporter,transmembrane transporter activity|0022857||IEA,"GO:0055085,GO:0022857,GO:0005886,GO:0016020"
GCF_000597845.1|WP_000091945.1,11,Core,rplF,50S ribosomal protein L6,"structural constituent of ribosome|0003735||IEA,rRNA binding|0019843||IEA","GO:0006412,GO:0003735,GO:0019843,GO:0005840"
GCF_000597845.1|WP_000091955.1,11,Core,rpmB,50S ribosomal protein L28,structural constituent of ribosome|0003735||IEA,"GO:0006412,GO:0003735,GO:0005840"
GCF_000597845.1|WP_000092069.1,11,Core,yaiW,surface-exposed outer membrane lipoprotein YaiW,,
GCF_000597845.1|WP_000092206.1,11,Core,mdtH,multidrug efflux MFS transporter MdtH,transmembrane transporter activity|0022857||IEA,"GO:0055085,GO:0022857"
GCF_000597845.1|WP_000092696.1,11,Core,arfA,alternative ribosome-rescue factor ArfA,,
GCF_000597845.1|WP_000093154.1,11,Core,adiC,arginine/agmatine antiporter,transmembrane transporter activity|0022857||IEA,"GO:0055085,GO:0022857,GO:0016020"
GCF_000597845.1|WP_000093247.1,11,Core,mtlA,PTS mannitol transporter subunit IICBA,,
GCF_000597845.1|WP_000093589.1,11,Core,nemA,N-ethylmaleimide reductase,,
GCF_000597845.1|WP_000093812.1,11,Core,nadR,multifunctional transcriptional regulator/nicotinamide-nucleotide adenylyltransferase/ribosylnicotinamide kinase NadR,"nicotinamide-nucleotide adenylyltransferase activity|0000309||IEA,DNA binding|0003677||IEA,ribosylnicotinamide kinase activity|0050262||IEA","GO:0009058,GO:0000309,GO:0003677,GO:0050262"
GCF_000597845.1|WP_000094011.1,11,Core,tsaA,tRNA (N6-threonylcarbamoyladenosine(37)-N6)-methyltransferase TrmO,S-adenosylmethionine-dependent methyltransferase activity|0008757||IEA,"GO:0006400,GO:0008757,GO:0005737"
GCF_000597845.1|WP_000094721.1,11,Core,aer,aerotaxis sensor receptor Aer,,
GCF_000597845.1|WP_000095187.1,11,Core,ygiQ,YgiQ family radical SAM protein,S-adenosyl-L-methionine binding|1904047||IEA,GO:1904047
GCF_000597845.1|WP_000095707.1,11,Core,ackA,acetate kinase,,
GCF_000597845.1|WP_000096011.1,11,Core,metH,methionine synthase,"zinc ion binding|0008270||IEA,methionine synthase activity|0008705||IEA,cobalamin binding|0031419||IEA","GO:0009086,GO:0008270,GO:0008705,GO:0031419"
GCF_000597845.1|WP_000096086.1,11,Core,yqjK,YqjK-like family protein,,
GCF_000597845.1|WP_000096674.1,11,Core,pdxK,pyridoxine/pyridoxal/pyridoxamine kinase,pyridoxal kinase activity|0008478||IEA,"GO:0009443,GO:0008478"
GCF_000597845.1|WP_000096692.1,11,Core,wzz(fepE),LPS O-antigen length regulator Wzz(fepE),,"GO:0009103,GO:0016020"
GCF_000597845.1|WP_000096875.1,9,Accessory,modF,molybdate ABC transporter ATP-binding protein ModF,ATP binding|0005524||IEA,GO:0005524
GCF_000597845.1|WP_000097369.1,11,Core,dld,D-lactate dehydrogenase,oxidoreductase activity%2C acting on the CH-OH group of donors%2C quinone or similar compound as acceptor|0016901||IEA,"GO:0006089,GO:0016901"
GCF_000597845.1|WP_000097580.1,11,Core,cpoB,cell division protein CpoB,protein binding|0005515||IEA,"GO:0051301,GO:0070206,GO:0005515"
GCF_000597845.1|WP_000098438.1,11,Core,ampG,muropeptide MFS transporter AmpG,transmembrane transporter activity|0022857||IEA,"GO:0055085,GO:0022857,GO:0016020"
GCF_000597845.1|WP_000098818.1,11,Core,dnaT,primosomal protein DnaT,,
GCF_000597845.1|WP_000098896.1,11,Core,cfa,cyclopropane fatty acyl phospholipid synthase,,
GCF_000597845.1|WP_000099289.1,11,Core,ugpA,sn-glycerol-3-phosphate ABC transporter permease UgpA,,
GCF_000597845.1|WP_000099823.1,11,Core,odhB,2-oxoglutarate dehydrogenase complex dihydrolipoyllysine-residue succinyltransferase,dihydrolipoyllysine-residue succinyltransferase activity|0004149||IEA,"GO:0006099,GO:0004149,GO:0045252"
GCF_000597845.1|WP_000100420.1,11,Core,queF,NADPH-dependent 7-cyano-7-deazaguanine reductase QueF,"preQ1 synthase activity|0033739||IEA,7-cyano-7-deazaguanine tRNA-ribosyltransferase activity|0043867||IEA","GO:0008616,GO:0033739,GO:0043867"
GCF_000597845.1|WP_000100800.1,11,Core,dps,DNA starvation/stationary phase protection protein Dps,oxidoreductase activity%2C acting on metal ions|0016722||IEA,GO:0016722
GCF_000597845.1|WP_000101055.1,11,Core,minD,septum site-determining protein MinD,,
GCF_000597845.1|WP_000101685.1,11,Core,yjfM,DUF1190 domain-containing protein,,
GCF_000597845.1|WP_000101737.1,11,Core,acrR,multidrug efflux transporter transcriptional repressor AcrR,,
GCF_000597845.1|WP_000101984.1,9,Accessory,modA,molybdate ABC transporter substrate-binding protein,,GO:0015689
GCF_000597845.1|WP_000102278.1,11,Core,cydH,cytochrome bd-I accessory subunit CydH,,
GCF_000597845.1|WP_000102319.1,10,Accessory,kup,low affinity potassium transporter Kup,potassium ion transmembrane transporter activity|0015079||IEA,"GO:0015079,GO:0016020"
GCF_000597845.1|WP_000102485.1,11,Core,lpdA,dihydrolipoyl dehydrogenase,"dihydrolipoyl dehydrogenase (NADH) activity|0004148||IEA,flavin adenine dinucleotide binding|0050660||IEA","GO:0004148,GO:0050660"
GCF_000597845.1|WP_000102564.1,11,Core,maa,maltose O-acetyltransferase,acetyltransferase activity|0016407||IEA,GO:0016407
GCF_000597845.1|WP_000102886.1,11,Core,amiA,N-acetylmuramoyl-L-alanine amidase AmiA,N-acetylmuramoyl-L-alanine amidase activity|0008745||IEA,"GO:0009253,GO:0008745"
GCF_000597845.1|WP_000103754.1,11,Core,acpP,acyl carrier protein,,GO:0006633
GCF_000597845.1|WP_000104211.1,11,Core,tdcA,transcriptional regulator TdcA,DNA-binding transcription factor activity|0003700||IEA,"GO:0006355,GO:0003700"
GCF_000597845.1|WP_000104521.1,11,Core,igaA,intracellular growth attenuator protein IgaA,,
GCF_000597845.1|WP_000105566.1,11,Core,speB,agmatinase,agmatinase activity|0008783||IEA,"GO:0008295,GO:0008783"
GCF_000597845.1|WP_000105636.1,1,Singleton,merA,mercury(II) reductase,"mercury (II) reductase (NADP+) activity|0016152||IEA,mercury ion binding|0045340||IEA,flavin adenine dinucleotide binding|0050660||IEA,NADP binding|0050661||IEA","GO:0046689,GO:0050787,GO:0016152,GO:0045340,GO:0050660,GO:0050661"
GCF_000597845.1|WP_000105733.1,11,Core,yqiA,esterase YqiA,,
GCF_000597845.1|WP_000105851.1,11,Core,lplA,lipoate--protein ligase LplA,,
GCF_000597845.1|WP_000106474.1,9,Accessory,yecF,DUF2594 family protein YecF,,
GCF_000597845.1|WP_000106560.1,11,Core,zntA,Zn(II)/Cd(II)/Pb(II) translocating P-type ATPase ZntA,"transporter activity|0005215||IEA,ATP binding|0005524||IEA,ATP hydrolysis activity|0016887||IEA,ATPase-coupled monoatomic cation transmembrane transporter activity|0019829||IEA,metal ion binding|0046872||IEA","GO:0006812,GO:0005215,GO:0005524,GO:0016887,GO:0019829,GO:0046872,GO:0016020"
GCF_000597845.1|WP_000106627.1,11,Core,yfbV,terminus macrodomain insulation protein YfbV,,
GCF_000597845.1|WP_000108160.1,11,Core,yciA,acyl-CoA thioester hydrolase YciA,thiolester hydrolase activity|0016790||IEA,GO:0016790
GCF_000597845.1|WP_000108172.1,11,Core,grxD,monothiol glutaredoxin 4,,
GCF_000597845.1|WP_000108294.1,11,Core,queD,6-carboxytetrahydropterin synthase QueD,catalytic activity|0003824||IEA,"GO:0008616,GO:0003824"
GCF_000597845.1|WP_000108330.1,11,Core,gntK,gluconokinase,,
GCF_000597845.1|WP_000108626.1,11,Core,sseA,3-mercaptopyruvate sulfurtransferase,thiosulfate-cyanide sulfurtransferase activity|0004792||IEA,GO:0004792
GCF_000597845.1|WP_000109295.1,11,Core,ycaD,MFS transporter,,
GCF_000597845.1|WP_000109526.1,11,Core,ygcO,ferredoxin family protein,,
GCF_000597845.1|WP_000109943.1,11,Core,tatC,Sec-independent protein translocase subunit TatC,,
GCF_000597845.1|WP_000110501.1,11,Core,dpaL,diaminopropionate ammonia-lyase,"diaminopropionate ammonia-lyase activity|0008838||IEA,pyridoxal phosphate binding|0030170||IEA","GO:0008838,GO:0030170"
GCF_000597845.1|WP_000111043.1,11,Core,pflA,pyruvate formate lyase 1-activating protein,"[formate-C-acetyltransferase]-activating enzyme activity|0043365||IEA,4 iron%2C 4 sulfur cluster binding|0051539||IEA","GO:0043365,GO:0051539"
GCF_000597845.1|WP_000111269.1,11,Core,pgk,phosphoglycerate kinase,,
GCF_000597845.1|WP_000113127.1,9,Accessory,lsrK,autoinducer-2 kinase,autoinducer-2 kinase activity|0071518||IEA,"GO:0005975,GO:0009372,GO:0071518"
GCF_000597845.1|WP_000114272.1,11,Core,ybiV,sugar-phosphatase YbiV,,
GCF_000597845.1|WP_000114985.1,11,Core,def,peptide deformylase,peptide deformylase activity|0042586||IEA,"GO:0036211,GO:0042586"
GCF_000597845.1|WP_000115199.1,11,Core,hycD,formate hydrogenlyase subunit HycD,,
GCF_000597845.1|WP_000115290.1,11,Core,nadA,quinolinate synthase NadA,"quinolinate synthetase A activity|0008987||IEA,4 iron%2C 4 sulfur cluster binding|0051539||IEA","GO:0009435,GO:0008987,GO:0051539"
GCF_000597845.1|WP_000116090.1,11,Core,hemN,oxygen-independent coproporphyrinogen III oxidase,coproporphyrinogen oxidase activity|0004109||IEA,"GO:0006779,GO:0004109,GO:0005737"
GCF_000597845.1|WP_000116297.1,11,Core,rlmI,23S rRNA (cytosine(1962)-C(5))-methyltransferase RlmI,"RNA binding|0003723||IEA,rRNA methyltransferase activity|0008649||IEA","GO:0003723,GO:0008649"
GCF_000597845.1|WP_000116565.1,11,Core,gpmM,2%2C3-bisphosphoglycerate-independent phosphoglycerate mutase,phosphoglycerate mutase activity|0004619||IEA,"GO:0006007,GO:0004619"
GCF_000597845.1|WP_000116695.1,11,Core,atpI,F0F1 ATP synthase subunit I,,
GCF_000597845.1|WP_000116772.1,10,Accessory,cbrB,protein CbrB,,
GCF_000597845.1|WP_000117728.1,11,Core,tcdA,tRNA cyclic N6-threonylcarbamoyladenosine(37) synthase TcdA,ubiquitin-like modifier activating enzyme activity|0008641||IEA,GO:0008641
GCF_000597845.1|WP_000117881.1,11,Core,asnS,asparagine--tRNA ligase,"asparagine-tRNA ligase activity|0004816||IEA,ATP binding|0005524||IEA","GO:0006421,GO:0004816,GO:0005524"
GCF_000597845.1|WP_000118404.1,11,Core,accD,acetyl-CoA carboxylase%2C carboxyltransferase subunit beta,acetyl-CoA carboxylase activity|0003989||IEA,"GO:0006633,GO:0003989,GO:0009317"
GCF_000597845.1|WP_000118507.1,11,Core,nuoH,NADH-quinone oxidoreductase subunit NuoH,,
GCF_000597845.1|WP_000118826.1,11,Core,bioF,8-amino-7-oxononanoate synthase,8-amino-7-oxononanoate synthase activity|0008710||IEA,"GO:0009102,GO:0008710"
GCF_000597845.1|WP_000118901.1,9,Accessory,yedE,selenium metabolism membrane protein YedE/FdhT,,
GCF_000597845.1|WP_000119763.1,11,Core,ygaH,L-valine transporter subunit YgaH,,
GCF_000597845.1|WP_000122013.1,11,Core,dnaX,DNA polymerase III subunit gamma/tau,"DNA binding|0003677||IEA,DNA-directed DNA polymerase activity|0003887||IEA,ATP binding|0005524||IEA","GO:0006260,GO:0003677,GO:0003887,GO:0005524,GO:0009360"
GCF_000597845.1|WP_000122080.1,10,Accessory,scpB,methylmalonyl-CoA decarboxylase,,
GCF_000597845.1|WP_000122253.1,11,Core,clpP,ATP-dependent Clp endopeptidase proteolytic subunit ClpP,"ATP-dependent peptidase activity|0004176||IEA,serine-type endopeptidase activity|0004252||IEA","GO:0006508,GO:0004176,GO:0004252,GO:0009368"
GCF_000597845.1|WP_000122426.1,11,Core,uspC,universal stress protein UspC,,
GCF_000597845.1|WP_000122884.1,11,Core,caiE,carnitine operon protein CaiE,,
GCF_000597845.1|WP_000123197.1,11,Core,rng,ribonuclease G,"RNA binding|0003723||IEA,RNA nuclease activity|0004540||IEA","GO:0006396,GO:0003723,GO:0004540"
GCF_000597845.1|WP_000124421.1,11,Core,fhuA,ferrichrome porin FhuA,"siderophore uptake transmembrane transporter activity|0015344||IEA,signaling receptor activity|0038023||IEA","GO:0015891,GO:0015344,GO:0038023,GO:0009279"
GCF_000597845.1|WP_000124615.1,11,Core,ytjB,YtjB family periplasmic protein,,
GCF_000597845.1|WP_000124700.1,11,Core,fusA,elongation factor G,"translation elongation factor activity|0003746||IEA,GTP binding|0005525||IEA","GO:0006414,GO:0003746,GO:0005525"
GCF_000597845.1|WP_000124850.1,11,Core,rplT,50S ribosomal protein L20,structural constituent of ribosome|0003735||IEA,"GO:0006412,GO:0003735,GO:0000315,GO:0022625"
GCF_000597845.1|WP_000125016.1,11,Core,cmk,(d)CMP kinase,"(d)CMP kinase activity|0004127||IEA,ATP binding|0005524||IEA","GO:0015949,GO:0004127,GO:0005524"
GCF_000597845.1|WP_000125832.1,11,Core,fes,enterochelin esterase,"iron ion binding|0005506||IEA,enterochelin esterase activity|0008849||IEA","GO:0005506,GO:0008849"
GCF_000597845.1|WP_000126500.1,11,Core,dpiA,two-component response regulator DpiA,,
GCF_000597845.1|WP_000126538.1,11,Core,pyrC,dihydroorotase,dihydroorotase activity|0004151||IEA,"GO:0019856,GO:0004151"
GCF_000597845.1|WP_000127356.1,11,Core,apt,adenine phosphoribosyltransferase,adenine phosphoribosyltransferase activity|0003999||IEA,"GO:0006168,GO:0003999"
GCF_000597845.1|WP_000127781.1,11,Core,yfcJ,MFS transporter,,
GCF_000597845.1|WP_000128491.1,11,Core,nimT,2-nitroimidazole transporter,,
GCF_000597845.1|WP_000128776.1,11,Core,shoB,type I toxin-antitoxin system toxin ShoB,,
GCF_000597845.1|WP_000129558.1,11,Core,fbaB,class I fructose-bisphosphate aldolase,fructose-bisphosphate aldolase activity|0004332||IEA,GO:0004332
GCF_000597845.1|WP_000130051.1,11,Core,ddlB,D-alanine--D-alanine ligase,,
GCF_000597845.1|WP_000130100.1,11,Core,rpsQ,30S ribosomal protein S17,structural constituent of ribosome|0003735||IEA,"GO:0006412,GO:0003735,GO:0005840"
GCF_000597845.1|WP_000130189.1,11,Core,tal,transaldolase,transaldolase activity|0004801||IEA,"GO:0006098,GO:0004801,GO:0005737"
GCF_000597845.1|WP_000130217.1,11,Core,rpoH,RNA polymerase sigma factor RpoH,"DNA-binding transcription factor activity|0003700||IEA,sigma factor activity|0016987||IEA","GO:0006352,GO:0006355,GO:0003700,GO:0016987"
GCF_000597845.1|WP_000130305.1,11,Core,clpX,ATP-dependent protease ATP-binding subunit ClpX,"ATP binding|0005524||IEA,unfolded protein binding|0051082||IEA,ATP-dependent protein folding chaperone|0140662||IEA","GO:0005524,GO:0051082,GO:0140662,GO:0009368"
GCF_000597845.1|WP_000130380.1,11,Core,yhbW,luciferase-like monooxygenase,oxidoreductase activity%2C acting on paired donors%2C with incorporation or reduction of molecular oxygen|0016705||IEA,GO:0016705
GCF_000597845.1|WP_000130621.1,11,Core,tusA,sulfurtransferase TusA,sulfur carrier activity|0097163||IEA,"GO:0002143,GO:0097163"
GCF_000597845.1|WP_000130843.1,11,Core,mdtD,MFS transporter,,
GCF_000597845.1|WP_000131314.1,11,Core,tolQ,Tol-Pal system protein TolQ,,
GCF_000597845.1|WP_000131702.1,11,Core,fur,ferric iron uptake transcriptional regulator,DNA-binding transcription factor activity|0003700||IEA,"GO:0006355,GO:0003700"
GCF_000597845.1|WP_000131719.1,11,Core,mrdB,peptidoglycan glycosyltransferase MrdB,,
GCF_000597845.1|WP_000131782.1,11,Core,hisG,ATP phosphoribosyltransferase,ATP phosphoribosyltransferase activity|0003879||IEA,"GO:0000105,GO:0003879,GO:0005737"
GCF_000597845.1|WP_000131925.1,11,Core,tnaB,low affinity tryptophan permease TnaB,,
GCF_000597845.1|WP_000132231.1,11,Core,pncC,nicotinamide-nucleotide amidase,,
GCF_000597845.1|WP_000132643.1,11,Core,gluQRS,tRNA glutamyl-Q(34) synthetase GluQRS,"nucleotide binding|0000166||IEA,aminoacyl-tRNA ligase activity|0004812||IEA,ATP binding|0005524||IEA","GO:0006400,GO:0043039,GO:0000166,GO:0004812,GO:0005524"
GCF_000597845.1|WP_000132961.1,11,Core,hycI,hydrogenase maturation peptidase HycI,aspartic-type endopeptidase activity|0004190||IEA,"GO:0036211,GO:0004190"
GCF_000597845.1|WP_000133044.1,11,Core,infB,translation initiation factor IF-2,"translation initiation factor activity|0003743||IEA,GTPase activity|0003924||IEA,GTP binding|0005525||IEA","GO:0006413,GO:0003743,GO:0003924,GO:0005525,GO:0005737"
GCF_000597845.1|WP_000133193.1,11,Core,rsxA,electron transport complex subunit RsxA,,"GO:0022900,GO:0016020"
GCF_000597845.1|WP_000133591.1,11,Core,pepB,aminopeptidase PepB,"manganese ion binding|0030145||IEA,metalloaminopeptidase activity|0070006||IEA","GO:0006508,GO:0019538,GO:0030145,GO:0070006"
GCF_000597845.1|WP_000133631.1,11,Core,ulaR,HTH-type transcriptional regulator UlaR,DNA-binding transcription factor activity|0003700||IEA,"GO:0006355,GO:0003700"
GCF_000597845.1|WP_000134014.1,11,Core,hybE,hydrogenase-2 assembly chaperone,,
GCF_000597845.1|WP_000134636.1,9,Accessory,rcnA,nickel/cobalt efflux protein RcnA,,
GCF_000597845.1|WP_000134870.1,11,Core,puuB,gamma-glutamylputrescine oxidase,,
GCF_000597845.1|WP_000135040.1,11,Core,yfaE,ferredoxin-like diferric-tyrosyl radical cofactor maintenance protein YfaE,,
GCF_000597845.1|WP_000135058.1,11,Core,rpoZ,DNA-directed RNA polymerase subunit omega,DNA-directed RNA polymerase activity|0003899||IEA,"GO:0006351,GO:0003899"
GCF_000597845.1|WP_000135199.1,11,Core,rpsR,30S ribosomal protein S18,structural constituent of ribosome|0003735||IEA,"GO:0006412,GO:0003735,GO:0000314,GO:0022627"
GCF_000597845.1|WP_000135224.1,11,Core,rpsD,30S ribosomal protein S4,"structural constituent of ribosome|0003735||IEA,rRNA binding|0019843||IEA","GO:0006412,GO:0003735,GO:0019843,GO:0015935"
GCF_000597845.1|WP_000135625.1,11,Core,atpB,F0F1 ATP synthase subunit A,proton transmembrane transporter activity|0015078||IEA,"GO:0015986,GO:0015078,GO:0045259"
GCF_000597845.1|WP_000135680.1,6,Accessory,yfdP,protein YfdP,,
GCF_000597845.1|WP_000136192.1,11,Core,ylaC,YlaC family protein,,
GCF_000597845.1|WP_000136788.1,11,Core,glpK,glycerol kinase GlpK,glycerol kinase activity|0004370||IEA,"GO:0006072,GO:0004370"
GCF_000597845.1|WP_000137280.1,11,Core,ygaV,ArsR/SmtB family transcription factor,"DNA binding|0003677||IEA,DNA-binding transcription factor activity|0003700||IEA","GO:0006355,GO:0003677,GO:0003700"
GCF_000597845.1|WP_000137296.1,9,Accessory,bglF,PTS beta-glucoside transporter subunit IIABC,,
GCF_000597845.1|WP_000137657.1,11,Core,hemE,uroporphyrinogen decarboxylase,uroporphyrinogen decarboxylase activity|0004853||IEA,"GO:0006779,GO:0004853"
GCF_000597845.1|WP_000138052.1,11,Core,yeaK,mischarged aminoacyl-tRNA deacylase,,
GCF_000597845.1|WP_000138282.1,11,Core,guaA,glutamine-hydrolyzing GMP synthase,"GMP synthase (glutamine-hydrolyzing) activity|0003922||IEA,ATP binding|0005524||IEA,pyrophosphatase activity|0016462||IEA","GO:0006177,GO:0003922,GO:0005524,GO:0016462"
GCF_000597845.1|WP_000138728.1,11,Core,ycjF,YcjF family protein,,
GCF_000597845.1|WP_000138905.1,11,Core,aceB,malate synthase A,malate synthase activity|0004474||IEA,"GO:0006097,GO:0004474"
GCF_000597845.1|WP_000139496.1,11,Core,menA,1%2C4-dihydroxy-2-naphthoate polyprenyltransferase,,
GCF_000597845.1|WP_000140327.1,11,Core,rpsA,30S ribosomal protein S1,"RNA binding|0003723||IEA,structural constituent of ribosome|0003735||IEA","GO:0006412,GO:0003723,GO:0003735,GO:0005840"
GCF_000597845.1|WP_000140508.1,11,Core,recX,recombination regulator RecX,,
GCF_000597845.1|WP_000141275.1,11,Core,allR,HTH-type transcriptional repressor AllR,,
GCF_000597845.1|WP_000144073.1,11,Core,rhaB,rhamnulokinase,rhamnulokinase activity|0008993||IEA,"GO:0005975,GO:0019301,GO:0008993"
GCF_000597845.1|WP_000144361.1,11,Core,avtA,valine--pyruvate transaminase,,
GCF_000597845.1|WP_000145975.1,11,Core,rlmE,23S rRNA (uridine(2552)-2'-O)-methyltransferase RlmE,rRNA (uridine) methyltransferase activity|0016436||IEA,"GO:0001510,GO:0006364,GO:0016436"
GCF_000597845.1|WP_000146159.1,11,Core,ghoS,type V toxin-antitoxin system endoribonuclease antitoxin GhoS,RNA endonuclease activity|0004521||IEA,GO:0004521
GCF_000597845.1|WP_000146343.1,11,Core,ybiI,C4-type zinc finger protein YbiI,,
GCF_000597845.1|WP_000146689.1,2,Accessory,traB,F-type conjugal transfer pilus assembly protein TraB,,
GCF_000597845.1|WP_000146992.1,11,Core,dedD,cell division protein DedD,peptidoglycan binding|0042834||IEA,"GO:0032506,GO:0042834,GO:0030428"
GCF_000597845.1|WP_000147624.1,11,Core,yraQ,permease,,GO:0005886
GCF_000597845.1|WP_000147987.1,11,Core,hyfE,hydrogenase 4 membrane subunit,,
GCF_000597845.1|WP_000148063.1,11,Core,yidF,radical SAM protein,,
GCF_000597845.1|WP_000148551.1,11,Core,zraR,sigma-54-dependent response regulator transcription factor ZraR,sequence-specific DNA binding|0043565||IEA,"GO:0000160,GO:0006355,GO:0043565"
GCF_000597845.1|WP_000148875.1,11,Core,srlE,PTS glucitol/sorbitol transporter subunit IIB,"protein-N(PI)-phosphohistidine-sugar phosphotransferase activity|0008982||IEA,kinase activity|0016301||IEA","GO:0009401,GO:0015795,GO:0008982,GO:0016301"
GCF_000597845.1|WP_000148959.1,11,Core,ybbO,NADP(+)-dependent aldehyde reductase,,
GCF_000597845.1|WP_000149639.1,11,Core,brnQ,branched-chain amino acid transporter carrier protein BrnQ,,
GCF_000597845.1|WP_000149991.1,11,Core,gadW,acid resistance transcriptional activator GadW,,
GCF_000597845.1|WP_000150118.1,10,Accessory,ecpA,common pilus major fimbrillin subunit EcpA,,
GCF_000597845.1|WP_000150543.1,11,Core,manX,PTS mannose transporter subunit IIAB,protein-N(PI)-phosphohistidine-sugar phosphotransferase activity|0008982||IEA,"GO:0009401,GO:0008982"
GCF_000597845.1|WP_000150637.1,11,Core,yadG,ABC transporter ATP-binding protein,"ATP binding|0005524||IEA,ATP hydrolysis activity|0016887||IEA,ABC-type transporter activity|0140359||IEA","GO:0005524,GO:0016887,GO:0140359"
GCF_000597845.1|WP_000151734.1,11,Core,araA,L-arabinose isomerase,L-arabinose isomerase activity|0008733||IEA,"GO:0005996,GO:0008733"
GCF_000597845.1|WP_000152305.1,11,Core,osmC,peroxiredoxin OsmC,,
GCF_000597845.1|WP_000152518.1,11,Core,ylbF,DUF2877 domain-containing protein,,
GCF_000597845.1|WP_000152933.1,11,Core,pth,aminoacyl-tRNA hydrolase,peptidyl-tRNA hydrolase activity|0004045||IEA,GO:0004045
GCF_000597845.1|WP_000153067.1,9,Accessory,rcnB,Ni(II)/Co(II) efflux transporter accessory subunit RcnB,,
GCF_000597845.1|WP_000153129.1,11,Core,nagD,ribonucleotide monophosphatase NagD,,
GCF_000597845.1|WP_000153502.1,11,Core,gapA,glyceraldehyde-3-phosphate dehydrogenase,,
GCF_000597845.1|WP_000153910.1,11,Core,metE,5-methyltetrahydropteroyltriglutamate--homocysteine S-methyltransferase,"5-methyltetrahydropteroyltriglutamate-homocysteine S-methyltransferase activity|0003871||IEA,zinc ion binding|0008270||IEA","GO:0008652,GO:0009086,GO:0003871,GO:0008270"
GCF_000597845.1|WP_000154044.1,11,Core,pgpA,phosphatidylglycerophosphatase A,phosphatidylglycerophosphatase activity|0008962||IEA,"GO:0006629,GO:0008962"
GCF_000597845.1|WP_000154398.1,11,Core,efeO,iron uptake system protein EfeO,,
GCF_000597845.1|WP_000155257.1,11,Core,yiiR,DUF805 domain-containing protein,,GO:0016020
GCF_000597845.1|WP_000155657.1,11,Core,yjbR,MmcQ/YjbR family DNA-binding protein,DNA binding|0003677||IEA,GO:0003677
GCF_000597845.1|WP_000156255.1,11,Core,yobD,DUF986 family protein,,
GCF_000597845.1|WP_000156518.1,11,Core,ycbZ,AAA family ATPase,,
GCF_000597845.1|WP_000156701.1,11,Core,nuoN,NADH-quinone oxidoreductase subunit NuoN,NADH dehydrogenase (ubiquinone) activity|0008137||IEA,GO:0008137
GCF_000597845.1|WP_000156811.1,11,Core,csiR,DNA-binding transcriptional regulator CsiR,DNA-binding transcription factor activity|0003700||IEA,"GO:0006355,GO:0003700"
GCF_000597845.1|WP_000157259.1,11,Core,hofC,protein transport protein HofC,proline-tRNA ligase activity|0004827||IEA,GO:0004827
GCF_000597845.1|WP_000158056.1,11,Core,hycA,formate hydrogenlyase regulator HycA,,
GCF_000597845.1|WP_000158153.1,11,Core,yaiI,YaiI/YqxD family protein,,
GCF_000597845.1|WP_000158547.1,11,Core,yphB,aldose 1-epimerase,,
GCF_000597845.1|WP_000160104.1,5,Accessory,,6-phospho-alpha-glucosidase,,
GCF_000597845.1|WP_000160808.1,11,Core,gorA,glutathione-disulfide reductase,"glutathione-disulfide reductase (NADPH) activity|0004362||IEA,flavin adenine dinucleotide binding|0050660||IEA,NADP binding|0050661||IEA","GO:0006749,GO:0045454,GO:0004362,GO:0050660,GO:0050661"
GCF_000597845.1|WP_000161265.1,11,Core,frwB,PTS fructose-like transporter subunit IIB,protein-N(PI)-phosphohistidine-fructose phosphotransferase system transporter activity|0022877||IEA,"GO:0009401,GO:0022877"
GCF_000597845.1|WP_000162569.1,11,Core,smpB,SsrA-binding protein SmpB,RNA binding|0003723||IEA,GO:0003723
GCF_000597845.1|WP_000162740.1,11,Core,miaB,tRNA (N6-isopentenyl adenosine(37)-C2)-methylthiotransferase MiaB,"transferase activity%2C transferring sulphur-containing groups|0016782||IEA,4 iron%2C 4 sulfur cluster binding|0051539||IEA,S-adenosyl-L-methionine binding|1904047||IEA","GO:0006400,GO:0016782,GO:0051539,GO:1904047"
GCF_000597845.1|WP_000164033.1,10,Accessory,yiaU,LysR family transcriptional regulator,"DNA binding|0003677||IEA,DNA-binding transcription factor activity|0003700||IEA","GO:0006355,GO:0003677,GO:0003700"
GCF_000597845.1|WP_000164043.1,1,Singleton,tetR(A),tetracycline resistance transcriptional repressor TetR(A),,
GCF_000597845.1|WP_000164439.1,11,Core,lpoB,penicillin-binding protein activator LpoB,,
GCF_000597845.1|WP_000165552.1,11,Core,trpS,tryptophan--tRNA ligase,"nucleotide binding|0000166||IEA,tryptophan-tRNA ligase activity|0004830||IEA,ATP binding|0005524||IEA","GO:0006436,GO:0000166,GO:0004830,GO:0005524"
GCF_000597845.1|WP_000165699.1,8,Accessory,,MFS transporter,transmembrane transporter activity|0022857||IEA,"GO:0055085,GO:0022857,GO:0005886,GO:0016020"
GCF_000597845.1|WP_000165879.1,11,Core,ycaC,isochorismate family cysteine hydrolase YcaC,hydrolase activity|0016787||IEA,GO:0016787
GCF_000597845.1|WP_000166270.1,11,Core,yjgA,ribosome biogenesis factor YjgA,,GO:0042254
GCF_000597845.1|WP_000166449.1,11,Core,arsC,arsenate reductase (glutaredoxin),arsenate reductase (glutaredoxin) activity|0008794||IEA,"GO:0046685,GO:0008794"
GCF_000597845.1|WP_000166961.1,1,Singleton,,hypothetical protein,,
GCF_000597845.1|WP_000167336.1,11,Core,ihfB,integration host factor subunit beta,DNA binding|0003677||IEA,"GO:0006310,GO:0006355,GO:0006417,GO:0075713,GO:0003677,GO:0005694"
GCF_000597845.1|WP_000168797.1,11,Core,ybiU,DUF1479 domain-containing protein,,
GCF_000597845.1|WP_000169176.1,10,Accessory,rdcB,YjcZ-like family protein,,
GCF_000597845.1|WP_000169728.1,11,Core,arnD,4-deoxy-4-formamido-L-arabinose-phosphoundecaprenol deformylase,hydrolase activity%2C acting on carbon-nitrogen (but not peptide) bonds|0016810||IEA,GO:0016810
GCF_000597845.1|WP_000170346.1,11,Core,glk,glucokinase,"glucokinase activity|0004340||IEA,ATP binding|0005524||IEA,D-glucose binding|0005536||IEA","GO:0006096,GO:0051156,GO:0004340,GO:0005524,GO:0005536"
GCF_000597845.1|WP_000170963.1,11,Core,,type I toxin-antitoxin system toxin Ldr family protein,,
GCF_000597845.1|WP_000171719.1,10,Accessory,rhtB,homoserine/homoserine lactone efflux protein,,"GO:0006865,GO:0016020"
GCF_000597845.1|WP_000172005.1,11,Core,ampE,beta-lactamase regulator AmpE,,
GCF_000597845.1|WP_000172749.1,11,Core,nuoI,NADH-quinone oxidoreductase subunit NuoI,"oxidoreductase activity%2C acting on NAD(P)H|0016651||IEA,4 iron%2C 4 sulfur cluster binding|0051539||IEA","GO:0016651,GO:0051539,GO:0016020"
GCF_000597845.1|WP_000173291.1,11,Core,ypdF,aminopeptidase,hydrolase activity|0016787||IEA,GO:0016787
GCF_000597845.1|WP_000174305.1,11,Core,dgoR,D-galactonate utilization transcriptional regulator DgoR,,
GCF_000597845.1|WP_000174677.1,10,Accessory,crl,sigma factor-binding protein Crl,,GO:0045893
GCF_000597845.1|WP_000175026.1,11,Core,nadE,ammonia-dependent NAD(+) synthetase,"NAD+ synthase (glutamine-hydrolyzing) activity|0003952||IEA,glutaminase activity|0004359||IEA,NAD+ synthase activity|0008795||IEA","GO:0009435,GO:0003952,GO:0004359,GO:0008795"
GCF_000597845.1|WP_000175286.1,11,Core,ytfJ,YtfJ family protein,,
GCF_000597845.1|WP_000175706.1,11,Core,selO,protein adenylyltransferase SelO,"ATP binding|0005524||IEA,AMPylase activity|0070733||IEA","GO:0018117,GO:0005524,GO:0070733"
GCF_000597845.1|WP_000175943.1,11,Core,prfC,peptide chain release factor 3,"translation release factor activity|0003747||IEA,GTPase activity|0003924||IEA,GTP binding|0005525||IEA","GO:0006415,GO:0003747,GO:0003924,GO:0005525"
GCF_000597845.1|WP_000176270.1,11,Core,pyrF,orotidine-5'-phosphate decarboxylase,orotidine-5'-phosphate decarboxylase activity|0004590||IEA,"GO:0006207,GO:0044205,GO:0004590"
GCF_000597845.1|WP_000177057.1,7,Accessory,,hypothetical protein,,
GCF_000597845.1|WP_000177526.1,10,Accessory,ynbA,CDP-alcohol phosphatidyltransferase family protein,"magnesium ion binding|0000287||IEA,phosphotransferase activity%2C for other substituted phosphate groups|0016780||IEA","GO:0008654,GO:0000287,GO:0016780,GO:0016020"
GCF_000597845.1|WP_000177732.1,11,Core,mscK,mechanosensitive channel MscK,,"GO:0055085,GO:0016020"
GCF_000597845.1|WP_000178044.1,11,Core,mliC,C-type lysozyme inhibitor,,
GCF_000597845.1|WP_000178677.1,11,Core,hcr,NADH oxidoreductase,"oxidoreductase activity|0016491||IEA,iron-sulfur cluster binding|0051536||IEA","GO:0016491,GO:0051536"
GCF_000597845.1|WP_000179165.1,11,Core,malK,maltose/maltodextrin ABC transporter ATP-binding protein MalK,"ATP binding|0005524||IEA,ABC-type transporter activity|0140359||IEA","GO:0008643,GO:0055085,GO:0005524,GO:0140359,GO:0043190"
GCF_000597845.1|WP_000179409.1,11,Core,mreD,rod shape-determining protein MreD,,
GCF_000597845.1|WP_000179819.1,11,Core,cyoC,cytochrome o ubiquinol oxidase subunit III,cytochrome-c oxidase activity|0004129||IEA,"GO:0022904,GO:0004129"
GCF_000597845.1|WP_000179845.1,1,Singleton,,DNA-binding domain-containing protein,,
GCF_000597845.1|WP_000180056.1,11,Core,msyB,MysB family protein,,
GCF_000597845.1|WP_000182053.1,11,Core,yeiH,YeiH family protein,,
GCF_000597845.1|WP_000183349.1,11,Core,yihA,ribosome biogenesis GTP-binding protein YihA/YsxC,"GTPase activity|0003924||IEA,GTP binding|0005525||IEA,ribosome binding|0043022||IEA","GO:0042254,GO:0003924,GO:0005525,GO:0043022,GO:0005737"
GCF_000597845.1|WP_000183505.1,11,Core,ygiV,AraC family transcriptional regulator,"DNA binding|0003677||IEA,DNA-binding transcription factor activity|0003700||IEA,sequence-specific DNA binding|0043565||IEA","GO:0006355,GO:0003677,GO:0003700,GO:0043565"
GCF_000597845.1|WP_000183676.1,11,Core,ptsN,PTS IIA-like nitrogen regulatory protein PtsN,,
GCF_000597845.1|WP_000183907.1,11,Core,ybdL,methionine-oxo-acid transaminase,,
GCF_000597845.1|WP_000183976.1,11,Core,aldB,aldehyde dehydrogenase AldB,,
GCF_000597845.1|WP_000184830.1,11,Core,pflD,formate C-acetyltransferase,catalytic activity|0003824||IEA,GO:0003824
GCF_000597845.1|WP_000185247.1,11,Core,tsgA,MFS transporter TsgA,transmembrane transporter activity|0022857||IEA,"GO:0055085,GO:0022857"
GCF_000597845.1|WP_000186369.1,11,Core,mntH,Nramp family divalent metal transporter,transmembrane transporter activity|0022857||IEA,"GO:0055085,GO:0022857,GO:0016020"
GCF_000597845.1|WP_000186450.1,11,Core,barA,two-component sensor histidine kinase BarA,phosphorelay sensor kinase activity|0000155||IEA,"GO:0000160,GO:0016310,GO:0000155,GO:0016020"
GCF_000597845.1|WP_000186540.1,11,Core,ccmD,heme exporter protein CcmD,,"GO:0015886,GO:0017004,GO:0016020"
GCF_000597845.1|WP_000187022.1,11,Core,trmA,tRNA (uridine(54)-C5)-methyltransferase TrmA,tRNA (uracil(54)-C5)-methyltransferase activity%2C S-adenosyl methionine-dependent|0030697||IEA,"GO:0006396,GO:0030697"
GCF_000597845.1|WP_000187442.1,11,Core,uxaC,glucuronate isomerase,glucuronate isomerase activity|0008880||IEA,"GO:0006064,GO:0008880"
GCF_000597845.1|WP_000187530.1,11,Core,ubiB,ubiquinone biosynthesis regulatory protein kinase UbiB,,GO:0006744
GCF_000597845.1|WP_000187776.1,11,Core,nrdD,anaerobic ribonucleoside-triphosphate reductase,ribonucleoside-triphosphate reductase (thioredoxin) activity|0008998||IEA,"GO:0006260,GO:0008998"
GCF_000597845.1|WP_000188140.1,10,Accessory,macB,macrolide ABC transporter ATP-binding protein/permease MacB,"ATP binding|0005524||IEA,transmembrane transporter activity|0022857||IEA","GO:0005524,GO:0022857,GO:1990195"
GCF_000597845.1|WP_000188287.1,8,Accessory,fecA,TonB-dependent Fe(3+) dicitrate receptor FecA,,
GCF_000597845.1|WP_000189019.1,11,Core,yhjX,L-lactate MFS transporter,lactate transmembrane transporter activity|0015129||IEA,GO:0015129
GCF_000597845.1|WP_000189207.1,11,Core,eamB,cysteine/O-acetylserine transporter,,
GCF_000597845.1|WP_000189314.1,11,Core,yhbQ,DNA damage response exodeoxyribonuclease YhbQ,,
GCF_000597845.1|WP_000189541.1,10,Accessory,frsA,esterase FrsA,hydrolase activity%2C acting on ester bonds|0016788||IEA,GO:0016788
GCF_000597845.1|WP_000189606.1,2,Accessory,,CII family transcriptional regulator,DNA binding|0003677||IEA,"GO:0006355,GO:0003677"
GCF_000597845.1|WP_000189743.1,11,Core,rpiA,ribose-5-phosphate isomerase RpiA,ribose-5-phosphate isomerase activity|0004751||IEA,"GO:0009052,GO:0004751"
GCF_000597845.1|WP_000190288.1,11,Core,ybcJ,ribosome-associated protein YbcJ,,
GCF_000597845.1|WP_000190506.1,11,Core,atpD,F0F1 ATP synthase subunit beta,proton-transporting ATP synthase activity%2C rotational mechanism|0046933||IEA,"GO:0015986,GO:0046933,GO:0045259"
GCF_000597845.1|WP_000190516.1,11,Core,yiaF,DUF3053 domain-containing protein,,
GCF_000597845.1|WP_000190577.1,11,Core,glnL,nitrogen regulation protein NR(II),phosphorelay sensor kinase activity|0000155||IEA,"GO:0006355,GO:0007165,GO:0016310,GO:0000155"
GCF_000597845.1|WP_000190655.1,11,Core,yfhb,phosphatidylglycerophosphatase C,hydrolase activity|0016787||IEA,GO:0016787
GCF_000597845.1|WP_000190854.1,11,Core,ycgB,SpoVR family protein,,
GCF_000597845.1|WP_000191257.1,11,Core,yhjD,inner membrane protein YhjD,,
GCF_000597845.1|WP_000191497.1,9,Accessory,galT,galactose-1-phosphate uridylyltransferase,"UDP-glucose:hexose-1-phosphate uridylyltransferase activity|0008108||IEA,zinc ion binding|0008270||IEA","GO:0006012,GO:0008108,GO:0008270"
GCF_000597845.1|WP_000191622.1,11,Core,bcsG,cellulose biosynthesis protein BcsG,,GO:0030244
GCF_000597845.1|WP_000192245.1,11,Core,citF,citrate lyase subunit alpha,"citrate CoA-transferase activity|0008814||IEA,citrate (pro-3S)-lyase activity|0008815||IEA","GO:0006113,GO:0008814,GO:0008815,GO:0009346"
GCF_000597845.1|WP_000192533.1,11,Core,glgX,glycogen debranching protein GlgX,limit dextrin alpha-1%2C6-maltotetraose-hydrolase activity|0120549||IEA,"GO:0005980,GO:0120549"
GCF_000597845.1|WP_000193447.1,11,Core,rssB,two-component system response regulator RssB,,GO:0000160
GCF_000597845.1|WP_000193844.1,11,Core,pepN,aminopeptidase N,"aminopeptidase activity|0004177||IEA,metallopeptidase activity|0008237||IEA,zinc ion binding|0008270||IEA","GO:0006508,GO:0004177,GO:0008237,GO:0008270"
GCF_000597845.1|WP_000194928.1,11,Core,yejF,microcin C ABC transporter ATP-binding protein YejF,"nucleotide binding|0000166||IEA,ATP binding|0005524||IEA","GO:0006810,GO:0000166,GO:0005524"
GCF_000597845.1|WP_000195062.1,11,Core,gcvP,aminomethyl-transferring glycine dehydrogenase,glycine dehydrogenase (decarboxylating) activity|0004375||IEA,"GO:0019464,GO:0004375"
GCF_000597845.1|WP_000195171.1,11,Core,nrfD,cytochrome c nitrite reductase subunit NrfD,,
GCF_000597845.1|WP_000195296.1,11,Core,parE,DNA topoisomerase IV subunit B,"DNA binding|0003677||IEA,DNA topoisomerase type II (double strand cut%2C ATP-hydrolyzing) activity|0003918||IEA,ATP binding|0005524||IEA","GO:0006265,GO:0003677,GO:0003918,GO:0005524,GO:0005694"
GCF_000597845.1|WP_000196256.1,11,Core,envC,murein hydrolase activator EnvC,,
GCF_000597845.1|WP_000196875.1,11,Core,nrfA,ammonia-forming nitrite reductase cytochrome c552 subunit,"calcium ion binding|0005509||IEA,heme binding|0020037||IEA,nitrite reductase (cytochrome%2C ammonia-forming) activity|0042279||IEA","GO:0008152,GO:0005509,GO:0020037,GO:0042279,GO:0042597"
GCF_000597845.1|WP_000197340.1,11,Core,flgN,flagella biosynthesis chaperone FlgN,,
GCF_000597845.1|WP_000197578.1,11,Core,plsX,phosphate acyltransferase PlsX,phosphate:acyl-[acyl carrier protein] acyltransferase activity|0043811||IEA,"GO:0008610,GO:0043811"
GCF_000597845.1|WP_000197686.1,11,Core,bamD,outer membrane protein assembly factor BamD,,
GCF_000597845.1|WP_000197884.1,11,Core,dadX,catabolic alanine racemase DadX,alanine racemase activity|0008784||IEA,"GO:0006522,GO:0008784"
GCF_000597845.1|WP_000198328.1,11,Core,uraA,uracil permease,transmembrane transporter activity|0022857||IEA,GO:0022857
GCF_000597845.1|WP_000198773.1,11,Core,yjdF,DUF2238 domain-containing protein,,
GCF_000597845.1|WP_000200120.1,11,Core,pheA,bifunctional chorismate mutase/prephenate dehydratase,"chorismate mutase activity|0004106||IEA,prephenate dehydratase activity|0004664||IEA","GO:0009094,GO:0046417,GO:0004106,GO:0004664"
GCF_000597845.1|WP_000200378.1,11,Core,sirB2,invasion regulator SirB2,,
GCF_000597845.1|WP_000201819.1,11,Core,murI,glutamate racemase,glutamate racemase activity|0008881||IEA,"GO:0008152,GO:0008881"
GCF_000597845.1|WP_000202798.1,11,Core,yejG,YejG family protein,,
GCF_000597845.1|WP_000202902.1,11,Core,psiE,phosphate-starvation-inducible protein PsiE,,
GCF_000597845.1|WP_000202990.1,11,Core,znuC,zinc ABC transporter ATP-binding protein ZnuC,"ATP binding|0005524||IEA,ABC-type zinc transporter activity|0015633||IEA","GO:0006829,GO:0005524,GO:0015633"
GCF_000597845.1|WP_000203025.1,11,Core,ybjN,YbjN domain-containing protein,,
GCF_000597845.1|WP_000203096.1,11,Core,yhdE,nucleoside triphosphate pyrophosphatase YhdE,,
GCF_000597845.1|WP_000203741.1,11,Core,fixX,ferredoxin-like protein FixX,,
GCF_000597845.1|WP_000203905.1,11,Core,ygdD,DUF423 domain-containing protein,,
GCF_000597845.1|WP_000204018.1,11,Core,holD,DNA polymerase III subunit psi,,
GCF_000597845.1|WP_000204342.1,11,Core,cheR,protein-glutamate O-methyltransferase CheR,S-adenosylmethionine-dependent methyltransferase activity|0008757||IEA,GO:0008757
GCF_000597845.1|WP_000204658.1,11,Core,lgt,prolipoprotein diacylglyceryl transferase,phosphatidylglycerol-prolipoprotein diacylglyceryl transferase activity|0008961||IEA,"GO:0009249,GO:0008961,GO:0016020"
GCF_000597845.1|WP_000206275.1,11,Core,selA,L-seryl-tRNA(Sec) selenium transferase,L-seryl-tRNA(Sec) selenium transferase activity|0004125||IEA,"GO:0001514,GO:0004125,GO:0005737"
GCF_000597845.1|WP_000206388.1,9,Accessory,paaE,1%2C2-phenylacetyl-CoA epoxidase subunit PaaE,,GO:0010124
GCF_000597845.1|WP_000206990.1,11,Core,yqcC,YqcC family protein,,
GCF_000597845.1|WP_000207680.1,11,Core,argG,argininosuccinate synthase,"argininosuccinate synthase activity|0004055||IEA,ATP binding|0005524||IEA,protein homodimerization activity|0042803||IEA","GO:0006526,GO:0004055,GO:0005524,GO:0042803"
GCF_000597845.1|WP_000208242.1,11,Core,hslV,ATP-dependent protease subunit HslV,threonine-type endopeptidase activity|0004298||IEA,"GO:0051603,GO:0004298,GO:0009376"
GCF_000597845.1|WP_000208520.1,11,Core,ilvE,branched-chain-amino-acid transaminase,branched-chain-amino-acid transaminase activity|0004084||IEA,"GO:0009081,GO:0004084"
GCF_000597845.1|WP_000208757.1,11,Core,frdC,fumarate reductase subunit FrdC,,GO:0016020
GCF_000597845.1|WP_000209520.1,11,Core,trpB,tryptophan synthase subunit beta,tryptophan synthase activity|0004834||IEA,"GO:0000162,GO:0004834"
GCF_000597845.1|WP_000209826.1,11,Core,fre,NAD(P)H-flavin reductase,oxidoreductase activity|0016491||IEA,GO:0016491
GCF_000597845.1|WP_000210739.1,11,Core,fabZ,3-hydroxyacyl-ACP dehydratase FabZ,,
GCF_000597845.1|WP_000210878.1,11,Core,pyrG,glutamine hydrolyzing CTP synthase,CTP synthase activity|0003883||IEA,"GO:0006221,GO:0003883"
GCF_000597845.1|WP_000211045.1,11,Core,ndh,NADH-quinone dehydrogenase,,
GCF_000597845.1|WP_000211172.1,11,Core,hcaE,3-phenylpropionate/cinnamic acid dioxygenase subunit alpha,3-phenylpropionate dioxygenase activity|0008695||IEA,"GO:0019380,GO:0008695"
GCF_000597845.1|WP_000211237.1,11,Core,fklB,FKBP-type peptidyl-prolyl cis-trans isomerase,,
GCF_000597845.1|WP_000211655.1,11,Core,sstT,serine/threonine transporter SstT,symporter activity|0015293||IEA,"GO:0015826,GO:0032329,GO:0015293,GO:0016020"
GCF_000597845.1|WP_000211858.1,11,Core,rbsC,ribose ABC transporter permease,transmembrane transporter activity|0022857||IEA,"GO:0055085,GO:0022857,GO:0016020"
GCF_000597845.1|WP_000211907.1,11,Core,cysJ,NADPH-dependent assimilatory sulfite reductase flavoprotein subunit,"sulfite reductase (NADPH) activity|0004783||IEA,FMN binding|0010181||IEA,flavin adenine dinucleotide binding|0050660||IEA","GO:0000103,GO:0019344,GO:0004783,GO:0010181,GO:0050660"
GCF_000597845.1|WP_000211971.1,11,Core,yjiG,YjiG family protein,,
GCF_000597845.1|WP_000212253.1,11,Core,lpxH,UDP-2%2C3-diacylglucosamine diphosphatase,"UDP-2%2C3-diacylglucosamine hydrolase activity|0008758||IEA,pyrophosphatase activity|0016462||IEA","GO:0009245,GO:0008758,GO:0016462,GO:0005737"
GCF_000597845.1|WP_000212426.1,11,Core,ycbX,6-N-hydroxylaminopurine resistance protein YcbX,,
GCF_000597845.1|WP_000212475.1,11,Core,ebgR,transcriptional regulator EbgR,,
GCF_000597845.1|WP_000212680.1,11,Core,ydhR,monooxygenase,,
GCF_000597845.1|WP_000214176.1,11,Core,ydgK,DUF2569 domain-containing protein,,
GCF_000597845.1|WP_000214516.1,11,Core,cls,cardiolipin synthase,"cardiolipin synthase activity|0008808||IEA,phosphotransferase activity%2C for other substituted phosphate groups|0016780||IEA","GO:0032049,GO:0008808,GO:0016780"
GCF_000597845.1|WP_000214712.1,11,Core,ydfZ,putative selenium delivery protein YdfZ,,
GCF_000597845.1|WP_000215137.1,11,Core,folK,2-amino-4-hydroxy-6-hydroxymethyldihydropteridine diphosphokinase,,
GCF_000597845.1|WP_000215549.1,11,Core,rspR,DNA-binding transcriptional regulator rspR,,
GCF_000597845.1|WP_000215657.1,1,Singleton,,hypothetical protein,,
GCF_000597845.1|WP_000216194.1,11,Core,srlB,PTS glucitol/sorbitol transporter subunit IIA,,
GCF_000597845.1|WP_000216791.1,11,Core,npr,PTS phosphocarrier protein NPr,,
GCF_000597845.1|WP_000217137.1,11,Core,rhaS,HTH-type transcriptional activator RhaS,DNA-binding transcription factor activity|0003700||IEA,"GO:0006355,GO:0003700"
GCF_000597845.1|WP_000217859.1,11,Core,ybjJ,MFS transporter,transmembrane transporter activity|0022857||IEA,"GO:0055085,GO:0022857,GO:0016020"
GCF_000597845.1|WP_000217950.1,11,Core,ydgT,transcription modulator YdgT,,
GCF_000597845.1|WP_000218362.1,11,Core,ulaB,PTS ascorbate transporter subunit IIB,,
GCF_000597845.1|WP_000219122.1,11,Core,mpaA,murein tripeptide amidase MpaA,"metallocarboxypeptidase activity|0004181||IEA,zinc ion binding|0008270||IEA","GO:0006508,GO:0004181,GO:0008270"
GCF_000597845.1|WP_000219687.1,11,Core,yeaH,YeaH/YhbH family protein,,
GCF_000597845.1|WP_000220128.1,11,Core,yjfI,YjfI family protein,,
GCF_000597845.1|WP_000220281.1,11,Core,nrfC,cytochrome c nitrite reductase Fe-S protein,,
GCF_000597845.1|WP_000220837.1,11,Core,yehY,glycine betaine ABC transporter permease YehY,,
GCF_000597845.1|WP_000221855.1,10,Accessory,,hypothetical protein,,
GCF_000597845.1|WP_000222172.1,11,Core,yniB,YniB family protein,,
GCF_000597845.1|WP_000222495.1,11,Core,yjiL,putative 2-hydroxyacyl-CoA dehydratase activator YjiL,,
GCF_000597845.1|WP_000224146.1,11,Core,fumE,fumarase E,,
GCF_000597845.1|WP_000224470.1,11,Core,rbsR,ribose operon transcriptional repressor RbsR,DNA binding|0003677||IEA,"GO:0006355,GO:0003677"
GCF_000597845.1|WP_000224573.1,11,Core,pyrH,UMP kinase,UMP kinase activity|0033862||IEA,"GO:0006221,GO:0015949,GO:0033862,GO:0005737"
GCF_000597845.1|WP_000224659.1,11,Core,ycjP,carbohydrate ABC transporter permease,,"GO:0008643,GO:0055085"
GCF_000597845.1|WP_000224714.1,11,Core,nanA,N-acetylneuraminate lyase,N-acetylneuraminate lyase activity|0008747||IEA,"GO:0005975,GO:0008747"
GCF_000597845.1|WP_000224879.1,11,Core,deoD,purine-nucleoside phosphorylase,purine-nucleoside phosphorylase activity|0004731||IEA,"GO:0006139,GO:0004731"
GCF_000597845.1|WP_000224959.1,11,Core,ynjC,ABC transporter permease subunit,,"GO:0055085,GO:0016020"
GCF_000597845.1|WP_000225221.1,11,Core,tyrA,bifunctional chorismate mutase/prephenate dehydrogenase,"chorismate mutase activity|0004106||IEA,prephenate dehydrogenase (NADP+) activity|0004665||IEA,prephenate dehydrogenase (NAD+) activity|0008977||IEA","GO:0006571,GO:0046417,GO:0004106,GO:0004665,GO:0008977"
GCF_000597845.1|WP_000225262.1,11,Core,mlc,sugar metabolism global transcriptional regulator Mlc,"DNA binding|0003677||IEA,metal ion binding|0046872||IEA","GO:0006355,GO:0003677,GO:0046872"
GCF_000597845.1|WP_000227281.1,1,Singleton,,hypothetical protein,,
GCF_000597845.1|WP_000227927.1,11,Core,fabA,bifunctional 3-hydroxydecanoyl-ACP dehydratase/trans-2-decenoyl-ACP isomerase,(3R)-hydroxyacyl-[acyl-carrier-protein] dehydratase activity|0019171||IEA,"GO:0006633,GO:0019171"
GCF_000597845.1|WP_000227958.1,11,Core,ubiE,bifunctional demethylmenaquinone methyltransferase/2-methoxy-6-polyprenyl-1%2C4-benzoquinol methylase UbiE,methyltransferase activity|0008168||IEA,GO:0008168
GCF_000597845.1|WP_000228269.1,11,Core,mtlR,mannitol operon repressor MtlR,,
GCF_000597845.1|WP_000228555.1,11,Core,dprA,DNA-protecting protein DprA,,GO:0009294
GCF_000597845.1|WP_000228655.1,11,Core,manZ,PTS mannose transporter subunit IID,,
GCF_000597845.1|WP_000228937.1,11,Core,mug,G/U mismatch-specific DNA glycosylase,mismatch base pair DNA N-glycosylase activity|0000700||IEA,"GO:0006285,GO:0000700"
GCF_000597845.1|WP_000230281.1,11,Core,yjgH,RidA family protein,,
GCF_000597845.1|WP_000231927.1,11,Core,rsxD,electron transport complex subunit RsxD,,"GO:0022900,GO:0055085,GO:0016020"
GCF_000597845.1|WP_000233090.1,11,Core,,hypothetical protein,,
GCF_000597845.1|WP_000234514.1,11,Core,yqgA,DUF554 domain-containing protein,,
GCF_000597845.1|WP_000234823.1,11,Core,fadR,fatty acid metabolism transcriptional regulator FadR,"fatty-acyl-CoA binding|0000062||IEA,DNA binding|0003677||IEA,DNA-binding transcription factor activity|0003700||IEA","GO:0006355,GO:0019217,GO:0000062,GO:0003677,GO:0003700"
GCF_000597845.1|WP_000235203.1,11,Core,ssuC,aliphatic sulfonate ABC transporter permease SsuC,,"GO:0055085,GO:0016020"
GCF_000597845.1|WP_000235509.1,11,Core,qorA,quinone oxidoreductase,,
GCF_000597845.1|WP_000237005.1,11,Core,yjaB,acetyltransferase,N-acetyltransferase activity|0008080||IEA,GO:0008080
GCF_000597845.1|WP_000237947.1,11,Core,argA,amino-acid N-acetyltransferase,L-glutamate N-acetyltransferase activity|0004042||IEA,"GO:0006526,GO:0004042"
GCF_000597845.1|WP_000239529.1,1,Singleton,,hypothetical protein,,
GCF_000597845.1|WP_000239596.1,11,Core,ecnB,lipoprotein toxin entericidin B,,
GCF_000597845.1|WP_000239730.1,11,Core,rnpA,ribonuclease P protein component,"tRNA binding|0000049||IEA,ribonuclease P activity|0004526||IEA","GO:0008033,GO:0000049,GO:0004526"
GCF_000597845.1|WP_000239862.1,4,Accessory,,biofilm development regulator YmgB/AriR family protein,,GO:0071468
GCF_000597845.1|WP_000239928.1,11,Core,hemW,radical SAM family heme chaperone HemW,"4 iron%2C 4 sulfur cluster binding|0051539||IEA,coproporphyrinogen dehydrogenase activity|0051989||IEA","GO:0006779,GO:0051539,GO:0051989,GO:0005737"
GCF_000597845.1|WP_000240537.1,1,Singleton,repC,replication protein C%2C IncQ-type,,
GCF_000597845.1|WP_000241011.1,11,Core,mepS,bifunctional murein DD-endopeptidase/murein LD-carboxypeptidase,,
GCF_000597845.1|WP_000241259.1,11,Core,pdxA,4-hydroxythreonine-4-phosphate dehydrogenase PdxA,4-hydroxythreonine-4-phosphate dehydrogenase activity|0050570||IEA,"GO:0008615,GO:0050570"
GCF_000597845.1|WP_000241660.1,11,Core,thrB,homoserine kinase,"homoserine kinase activity|0004413||IEA,ATP binding|0005524||IEA","GO:0009088,GO:0004413,GO:0005524"
GCF_000597845.1|WP_000242755.1,11,Core,crp,cAMP-activated global transcriptional regulator CRP,DNA-binding transcription factor activity|0003700||IEA,"GO:0006355,GO:0003700"
GCF_000597845.1|WP_000243741.1,11,Core,rapZ,RNase adapter RapZ,ATP binding|0005524||IEA,GO:0005524
GCF_000597845.1|WP_000244193.1,11,Core,hcaT,3-phenylpropionate MFS transporter,,
GCF_000597845.1|WP_000244777.1,11,Core,ygfX,protein YgfX,,
GCF_000597845.1|WP_000246019.1,11,Core,gadC,acid resistance gamma-aminobutyrate antiporter GadC,,
GCF_000597845.1|WP_000246138.1,11,Core,ispD,2-C-methyl-D-erythritol 4-phosphate cytidylyltransferase,2-C-methyl-D-erythritol 4-phosphate cytidylyltransferase activity|0050518||IEA,"GO:0008299,GO:0019288,GO:0050518"
GCF_000597845.1|WP_000246527.1,11,Core,nrdE,class 1b ribonucleoside-diphosphate reductase subunit alpha,"ribonucleoside-diphosphate reductase activity%2C thioredoxin disulfide as acceptor|0004748||IEA,ATP binding|0005524||IEA","GO:0006260,GO:0004748,GO:0005524"
GCF_000597845.1|WP_000246636.1,1,Singleton,,SMODS domain-containing nucleotidyltransferase,,
GCF_000597845.1|WP_000246761.1,11,Core,bioC,malonyl-ACP O-methyltransferase BioC,carboxyl-O-methyltransferase activity|0010340||IEA,"GO:0009102,GO:0010340"
GCF_000597845.1|WP_000246815.1,11,Core,rpsL,30S ribosomal protein S12,structural constituent of ribosome|0003735||IEA,"GO:0006412,GO:0003735,GO:0015935"
GCF_000597845.1|WP_000246830.1,11,Core,yraN,YraN family protein,,
GCF_000597845.1|WP_000246882.1,11,Core,rpsB,30S ribosomal protein S2,structural constituent of ribosome|0003735||IEA,"GO:0006412,GO:0003735,GO:0015935"
GCF_000597845.1|WP_000247878.1,11,Core,nuoC,NADH-quinone oxidoreductase subunit C/D,"quinone binding|0048038||IEA,NADH:ubiquinone reductase (non-electrogenic) activity|0050136||IEA,NAD binding|0051287||IEA","GO:0048038,GO:0050136,GO:0051287,GO:0030964"
GCF_000597845.1|WP_000248097.1,8,Accessory,,acyl carrier protein,"acyl binding|0000035||IEA,acyl carrier activity|0000036||IEA","GO:0006633,GO:0009245,GO:0000035,GO:0000036"
GCF_000597845.1|WP_000248636.1,11,Core,ydiK,AI-2E family transporter YdiK,,
GCF_000597845.1|WP_000249104.1,11,Core,lpoA,penicillin-binding protein activator LpoA,,
GCF_000597845.1|WP_000249410.1,11,Core,der,ribosome biogenesis GTPase Der,"GTPase activity|0003924||IEA,GTP binding|0005525||IEA,ribosome binding|0043022||IEA","GO:0042254,GO:0003924,GO:0005525,GO:0043022,GO:0005737"
GCF_000597845.1|WP_000250006.1,11,Core,polA,DNA polymerase I,"nucleic acid binding|0003676||IEA,DNA binding|0003677||IEA,DNA-directed DNA polymerase activity|0003887||IEA,3'-5' exonuclease activity|0008408||IEA","GO:0006261,GO:0003676,GO:0003677,GO:0003887,GO:0008408"
GCF_000597845.1|WP_000250274.1,11,Core,trhA,PAQR family membrane homeostasis protein TrhA,,GO:0019835
GCF_000597845.1|WP_000251727.1,11,Core,pfkB,6-phosphofructokinase II,phosphotransferase activity%2C alcohol group as acceptor|0016773||IEA,"GO:0005975,GO:0016773"
GCF_000597845.1|WP_000252397.1,11,Core,cho,excinuclease Cho,,
GCF_000597845.1|WP_000252908.1,11,Core,gutM,transcriptional regulator GutM,,
GCF_000597845.1|WP_000252980.1,11,Core,yecN,MAPEG family protein,,GO:0016020
GCF_000597845.1|WP_000253975.1,11,Core,glgC,glucose-1-phosphate adenylyltransferase,glucose-1-phosphate adenylyltransferase activity|0008878||IEA,"GO:0005978,GO:0008878"
GCF_000597845.1|WP_000254365.1,11,Core,sdhD,succinate dehydrogenase membrane anchor subunit,,
GCF_000597845.1|WP_000254633.1,11,Core,bsmA,biofilm peroxide resistance protein BsmA,,
GCF_000597845.1|WP_000254708.1,11,Core,pcm,protein-L-isoaspartate O-methyltransferase,protein-L-isoaspartate (D-aspartate) O-methyltransferase activity|0004719||IEA,"GO:0036211,GO:0004719"
GCF_000597845.1|WP_000254738.1,10,Accessory,mazF,endoribonuclease MazF,,
GCF_000597845.1|WP_000254839.1,11,Core,cysZ,sulfate transporter CysZ,sulfate transmembrane transporter activity|0015116||IEA,"GO:0000103,GO:0015116,GO:0005886"
GCF_000597845.1|WP_000255997.1,11,Core,ppiB,peptidylprolyl isomerase B,,
GCF_000597845.1|WP_000256203.1,11,Core,yejM,LPS biosynthesis-modulating metalloenzyme YejM,sulfuric ester hydrolase activity|0008484||IEA,GO:0008484
GCF_000597845.1|WP_000256450.1,11,Core,rpsP,30S ribosomal protein S16,structural constituent of ribosome|0003735||IEA,"GO:0006412,GO:0003735,GO:0000314,GO:0022627"
GCF_000597845.1|WP_000256670.1,11,Core,bdcR,TetR/AcrR family transcriptional regulator,"DNA binding|0003677||IEA,DNA-binding transcription factor activity|0003700||IEA","GO:0006355,GO:0003677,GO:0003700"
GCF_000597845.1|WP_000257192.1,11,Core,apaH,bis(5'-nucleosyl)-tetraphosphatase (symmetrical) ApaH,bis(5'-nucleosyl)-tetraphosphatase (symmetrical) activity|0008803||IEA,GO:0008803
GCF_000597845.1|WP_000257278.1,11,Core,efp,elongation factor P,translation elongation factor activity|0003746||IEA,"GO:0006414,GO:0003746,GO:0005737"
GCF_000597845.1|WP_000257293.1,11,Core,sspA,stringent starvation protein SspA,protein binding|0005515||IEA,"GO:0006749,GO:0005515"
GCF_000597845.1|WP_000257409.1,11,Core,glsB,glutaminase B,glutaminase activity|0004359||IEA,"GO:0006541,GO:0004359"
GCF_000597845.1|WP_000257738.1,11,Core,yebG,DNA damage-inducible protein YebG,,
GCF_000597845.1|WP_000258247.1,11,Core,yffB,ArsC family reductase,,
GCF_000597845.1|WP_000262113.1,11,Core,cvpA,colicin V production protein,,
GCF_000597845.1|WP_000263098.1,11,Core,rpoB,DNA-directed RNA polymerase subunit beta,"DNA binding|0003677||IEA,DNA-directed RNA polymerase activity|0003899||IEA","GO:0006351,GO:0003677,GO:0003899"
GCF_000597845.1|WP_000263347.1,11,Core,sdhC,succinate dehydrogenase cytochrome b556 subunit,"succinate dehydrogenase activity|0000104||IEA,electron transfer activity|0009055||IEA","GO:0006099,GO:0000104,GO:0009055,GO:0016020,GO:0045273"
GCF_000597845.1|WP_000264777.1,11,Core,trmD,tRNA (guanosine(37)-N1)-methyltransferase TrmD,tRNA (guanine(37)-N1)-methyltransferase activity|0052906||IEA,"GO:0030488,GO:0052906"
GCF_000597845.1|WP_000265933.1,10,Accessory,ytfQ,galactofuranose ABC transporter substrate-binding protein YtfQ,,
GCF_000597845.1|WP_000267650.1,11,Core,yniA,fructosamine kinase family protein,,
GCF_000597845.1|WP_000268232.1,11,Core,xni,flap endonuclease Xni,"DNA binding|0003677||IEA,5'-flap endonuclease activity|0017108||IEA","GO:0033567,GO:0003677,GO:0017108"
GCF_000597845.1|WP_000270282.1,11,Core,cydX,cytochrome bd-I oxidase subunit CydX,oxidoreductase activity%2C acting on diphenols and related substances as donors%2C oxygen as acceptor|0016682||IEA,GO:0016682
GCF_000597845.1|WP_000270305.1,11,Core,cbdX,cytochrome bd-II oxidase subunit CbdX,,
GCF_000597845.1|WP_000270663.1,9,Accessory,fliS,flagellar export chaperone FliS,,GO:0044780
GCF_000597845.1|WP_000271401.1,11,Core,rplU,50S ribosomal protein L21,"RNA binding|0003723||IEA,structural constituent of ribosome|0003735||IEA","GO:0006412,GO:0003723,GO:0003735,GO:0005840"
GCF_000597845.1|WP_000271962.1,11,Core,lhgO,L-2-hydroxyglutarate oxidase,oxidoreductase activity|0016491||IEA,GO:0016491
GCF_000597845.1|WP_000272188.1,11,Core,yaeH,DUF3461 family protein,,
GCF_000597845.1|WP_000273290.1,11,Core,yqaB,fructose-1-phosphate/6-phosphogluconate phosphatase,,
GCF_000597845.1|WP_000275380.1,11,Core,xylB,xylulokinase,D-xylulokinase activity|0004856||IEA,"GO:0005997,GO:0004856"
GCF_000597845.1|WP_000275853.1,2,Accessory,,hypothetical protein,,
GCF_000597845.1|WP_000277917.1,11,Core,yadE,polysaccharide deacetylase family protein,"hydrolase activity|0016787||IEA,metal ion binding|0046872||IEA","GO:0005975,GO:0016787,GO:0046872"
GCF_000597845.1|WP_000278505.1,11,Core,uspG,universal stress protein UspG,,
GCF_000597845.1|WP_000279599.1,11,Core,yiaN,2%2C3-diketo-L-gulonate TRAP transporter large permease YiaN,,GO:0031317
GCF_000597845.1|WP_000280488.1,11,Core,spoT,bifunctional GTP diphosphokinase/guanosine-3'%2C5'-bis pyrophosphate 3'-pyrophosphohydrolase,"GTP diphosphokinase activity|0008728||IEA,guanosine-3'%2C5'-bis(diphosphate) 3'-diphosphatase activity|0008893||IEA","GO:0015969,GO:0008728,GO:0008893"
GCF_000597845.1|WP_000281320.1,11,Core,ygaC,DUF2002 family protein,,
GCF_000597845.1|WP_000281668.1,10,Accessory,cyaA,class I adenylate cyclase,adenylate cyclase activity|0004016||IEA,"GO:0006171,GO:0004016"
GCF_000597845.1|WP_000283664.1,11,Core,ycdX,zinc-binding phosphatase,,
GCF_000597845.1|WP_000284027.1,11,Core,lipB,lipoyl(octanoyl) transferase LipB,lipoyl(octanoyl) transferase activity|0033819||IEA,"GO:0009249,GO:0033819"
GCF_000597845.1|WP_000284050.1,11,Core,lpcA,D-sedoheptulose 7-phosphate isomerase,D-sedoheptulose 7-phosphate isomerase activity|0008968||IEA,"GO:1901135,GO:0008968"
GCF_000597845.1|WP_000284273.1,11,Core,ycgM,fumarylacetoacetate hydrolase family protein,catalytic activity|0003824||IEA,GO:0003824
GCF_000597845.1|WP_000284783.1,11,Core,ydiP,AraC family transcriptional regulator,"DNA-binding transcription factor activity|0003700||IEA,sequence-specific DNA binding|0043565||IEA","GO:0006355,GO:0003700,GO:0043565"
GCF_000597845.1|WP_000285353.1,11,Core,yigL,sugar/pyridoxal phosphate phosphatase YigL,,
GCF_000597845.1|WP_000285607.1,11,Core,zntR,Zn(2+)-responsive transcriptional regulator,"DNA binding|0003677||IEA,zinc ion binding|0008270||IEA","GO:0006355,GO:0003677,GO:0008270"
GCF_000597845.1|WP_000285774.1,11,Core,acpT,4'-phosphopantetheinyl transferase AcpT,,
GCF_000597845.1|WP_000286500.1,11,Core,endA,deoxyribonuclease I,nuclease activity|0004518||IEA,GO:0004518
GCF_000597845.1|WP_000288132.1,11,Core,fabH,beta-ketoacyl-ACP synthase III,,
GCF_000597845.1|WP_000288621.1,11,Core,crfC,clamp-binding protein CrfC,GTP binding|0005525||IEA,GO:0005525
GCF_000597845.1|WP_000288710.1,11,Core,sulA,SOS-induced cell division inhibitor SulA,protein binding|0005515||IEA,"GO:0009432,GO:0051782,GO:0005515"
GCF_000597845.1|WP_000289085.1,11,Core,bfd,bacterioferritin-associated ferredoxin,,
GCF_000597845.1|WP_000290616.1,9,Accessory,yahM,protein YahM,,
GCF_000597845.1|WP_000290727.1,11,Core,rpmF,50S ribosomal protein L32,structural constituent of ribosome|0003735||IEA,"GO:0006412,GO:0003735,GO:0015934"
GCF_000597845.1|WP_000301050.1,11,Core,inaA,lipopolysaccharide kinase InaA,,
GCF_000597845.1|WP_000301727.1,11,Core,zwf,glucose-6-phosphate dehydrogenase,"glucose-6-phosphate dehydrogenase activity|0004345||IEA,oxidoreductase activity%2C acting on CH-OH group of donors|0016614||IEA,NADP binding|0050661||IEA","GO:0006006,GO:0006098,GO:0004345,GO:0016614,GO:0050661"
GCF_000597845.1|WP_000301864.1,11,Core,rplB,50S ribosomal protein L2,"RNA binding|0003723||IEA,structural constituent of ribosome|0003735||IEA,transferase activity|0016740||IEA","GO:0006412,GO:0003723,GO:0003735,GO:0016740,GO:0015934"
GCF_000597845.1|WP_000312488.1,11,Core,hflK,FtsH protease activity modulator HflK,,GO:0016020
GCF_000597845.1|WP_000323556.1,11,Core,uspD,universal stress protein UspD,,
GCF_000597845.1|WP_000331377.1,11,Core,fdoH,formate dehydrogenase O subunit beta,,
GCF_000597845.1|WP_000331456.1,11,Core,ytfE,iron-sulfur cluster repair protein YtfE,,
GCF_000597845.1|WP_000331559.1,11,Core,fhuF,siderophore-iron reductase FhuF,2 iron%2C 2 sulfur cluster binding|0051537||IEA,GO:0051537
GCF_000597845.1|WP_000331707.1,11,Core,iscU,Fe-S cluster assembly scaffold IscU,"structural molecule activity|0005198||IEA,iron ion binding|0005506||IEA,iron-sulfur cluster binding|0051536||IEA","GO:0016226,GO:0005198,GO:0005506,GO:0051536"
GCF_000597845.1|WP_000331776.1,11,Core,pdhR,pyruvate dehydrogenase complex transcriptional repressor PdhR,,
GCF_000597845.1|WP_000332036.1,11,Core,nrdB,class Ia ribonucleoside-diphosphate reductase subunit beta,oxidoreductase activity|0016491||IEA,"GO:0009263,GO:0016491"
GCF_000597845.1|WP_000332890.1,6,Accessory,hpaA,4-hydroxyphenylacetate catabolism regulatory protein HpaA,"DNA-binding transcription factor activity|0003700||IEA,sequence-specific DNA binding|0043565||IEA","GO:0006355,GO:0003700,GO:0043565"
GCF_000597845.1|WP_000333125.1,11,Core,caiF,carnitine metabolism transcriptional regulator CaiF,,
GCF_000597845.1|WP_000333176.1,11,Core,pqiA,membrane integrity-associated transporter subunit PqiA,,
GCF_000597845.1|WP_000333379.1,11,Core,yafJ,class II glutamine amidotransferase,transferase activity|0016740||IEA,"GO:0006541,GO:0016740"
GCF_000597845.1|WP_000334221.1,11,Core,purF,amidophosphoribosyltransferase,amidophosphoribosyltransferase activity|0004044||IEA,"GO:0009113,GO:0004044"
GCF_000597845.1|WP_000334896.1,11,Core,hybG,hydrogenase maturation factor HybG,,
GCF_000597845.1|WP_000337665.1,11,Core,hypB,hydrogenase nickel incorporation protein HypB,"GTPase activity|0003924||IEA,nickel cation binding|0016151||IEA","GO:0051604,GO:0003924,GO:0016151"
GCF_000597845.1|WP_000339104.1,11,Core,rarD,EamA family transporter RarD,,GO:0016020
GCF_000597845.1|WP_000339283.1,11,Core,ydjA,NAD(P)H nitroreductase,oxidoreductase activity|0016491||IEA,GO:0016491
GCF_000597845.1|WP_000339594.1,10,Accessory,rclR,reactive chlorine-specific transcriptional regulator RclR,,
GCF_000597845.1|WP_000339804.1,11,Core,ubiD,4-hydroxy-3-polyprenylbenzoate decarboxylase,carboxy-lyase activity|0016831||IEA,GO:0016831
GCF_000597845.1|WP_000340194.1,11,Core,cvrA,potassium/proton antiporter,metal cation:proton antiporter activity|0051139||IEA,"GO:0006813,GO:0006884,GO:0055085,GO:0051139,GO:0016020"
GCF_000597845.1|WP_000340758.1,11,Core,hypT,hypochlorite stress DNA-binding transcriptional regulator HypT,,
GCF_000597845.1|WP_000340829.1,1,Singleton,,plasmid partitioning/stability family protein,,
GCF_000597845.1|WP_000341004.1,6,Accessory,,EscS/YscS/HrcS family type III secretion system export apparatus protein,,
GCF_000597845.1|WP_000342431.1,11,Core,syd,SecY-interacting protein,,GO:0009898
GCF_000597845.1|WP_000342643.1,11,Core,maeB,NADP-dependent oxaloacetate-decarboxylating malate dehydrogenase,,
GCF_000597845.1|WP_000342867.1,5,Accessory,yjeN,protein YjeN,,
GCF_000597845.1|WP_000343195.1,11,Core,damX,cell division protein DamX,peptidoglycan binding|0042834||IEA,"GO:0032506,GO:0042834"
GCF_000597845.1|WP_000344800.1,11,Core,tomB,Hha toxicity modulator TomB,,
GCF_000597845.1|WP_000345410.1,11,Core,pnuC,nicotinamide riboside transporter PnuC,,
GCF_000597845.1|WP_000347117.1,11,Core,caiA,crotonobetainyl-CoA dehydrogenase,"acyl-CoA dehydrogenase activity|0003995||IEA,oxidoreductase activity%2C acting on the CH-CH group of donors|0016627||IEA","GO:0009437,GO:0003995,GO:0016627"
GCF_000597845.1|WP_000347217.1,11,Core,ispA,(2E%2C6E)-farnesyl diphosphate synthase,,GO:0008299
GCF_000597845.1|WP_000347251.1,9,Accessory,yhaV,type II toxin-antitoxin system ribonuclease toxin YhaV,,
GCF_000597845.1|WP_000347717.1,11,Core,rmuC,DNA recombination protein RmuC,,
GCF_000597845.1|WP_000349855.1,11,Core,cysG,siroheme synthase CysG,"uroporphyrin-III C-methyltransferase activity|0004851||IEA,precorrin-2 dehydrogenase activity|0043115||IEA,sirohydrochlorin ferrochelatase activity|0051266||IEA,NAD binding|0051287||IEA","GO:0019354,GO:0004851,GO:0043115,GO:0051266,GO:0051287"
GCF_000597845.1|WP_000349924.1,9,Accessory,caiB,L-carnitine CoA-transferase,transferase activity%2C transferring sulphur-containing groups|0016782||IEA,"GO:0009437,GO:0016782"
GCF_000597845.1|WP_000350058.1,11,Core,ycaR,protein YcaR,,
GCF_000597845.1|WP_000350095.1,11,Core,glgS,cell surface composition regulator GlgS,,
GCF_000597845.1|WP_000350356.1,11,Core,digH,family 10 glycosylhydrolase,hydrolase activity%2C acting on glycosyl bonds|0016798||IEA,GO:0016798
GCF_000597845.1|WP_000350635.1,1,Singleton,,AAA family ATPase,,
GCF_000597845.1|WP_000350807.1,11,Core,srsR,LysR family transcriptional regulator SrsR,DNA-binding transcription factor activity|0003700||IEA,GO:0003700
GCF_000597845.1|WP_000351315.1,11,Core,ghrA,glyoxylate/hydroxypyruvate reductase GhrA,"hydroxypyruvate reductase [NAD(P)H] activity|0016618||IEA,glyoxylate reductase (NADPH) activity|0030267||IEA,NAD binding|0051287||IEA","GO:0016618,GO:0030267,GO:0051287"
GCF_000597845.1|WP_000351353.1,10,Accessory,caiC,crotonobetaine/carnitine-CoA ligase,CoA-ligase activity|0016405||IEA,"GO:0009437,GO:0016405"
GCF_000597845.1|WP_000351464.1,11,Core,nfsB,oxygen-insensitive NAD(P)H nitroreductase,oxidoreductase activity|0016491||IEA,GO:0016491
GCF_000597845.1|WP_000354046.1,11,Core,sdhE,FAD assembly factor SdhE,,
GCF_000597845.1|WP_000354622.1,11,Core,accB,acetyl-CoA carboxylase biotin carboxyl carrier protein,acetyl-CoA carboxylase activity|0003989||IEA,"GO:0006633,GO:0003989,GO:0009317"
GCF_000597845.1|WP_000356956.1,11,Core,eutS,ethanolamine utilization microcompartment protein EutS,,
GCF_000597845.1|WP_000357056.1,1,Singleton,,hypothetical protein,,
GCF_000597845.1|WP_000357259.1,11,Core,murA,UDP-N-acetylglucosamine 1-carboxyvinyltransferase,UDP-N-acetylglucosamine 1-carboxyvinyltransferase activity|0008760||IEA,"GO:0019277,GO:0008760"
GCF_000597845.1|WP_000357740.1,11,Core,uvrA,excinuclease ABC subunit UvrA,"DNA binding|0003677||IEA,ATP binding|0005524||IEA,ATP hydrolysis activity|0016887||IEA","GO:0006289,GO:0003677,GO:0005524,GO:0016887"
GCF_000597845.1|WP_000358646.1,3,Accessory,,TcfC E-set like domain-containing protein,,
GCF_000597845.1|WP_000358930.1,11,Core,gadB,glutamate decarboxylase,"glutamate decarboxylase activity|0004351||IEA,pyridoxal phosphate binding|0030170||IEA","GO:0006540,GO:0004351,GO:0030170"
GCF_000597845.1|WP_000358960.1,11,Core,rplR,50S ribosomal protein L18,structural constituent of ribosome|0003735||IEA,"GO:0006412,GO:0003735,GO:0005840"
GCF_000597845.1|WP_000360900.1,11,Core,ppdD,prepilin peptidase-dependent pilin,,
GCF_000597845.1|WP_000360951.1,11,Core,ybdF,MmcQ/YjbR family DNA-binding protein,,
GCF_000597845.1|WP_000364335.1,11,Core,dedA,DedA family protein,,
GCF_000597845.1|WP_000364882.1,11,Core,yiaV,HlyD family secretion protein,,
GCF_000597845.1|WP_000365173.1,11,Core,ybaP,TraB/GumN family protein,peptidase activity|0008233||IEA,GO:0008233
GCF_000597845.1|WP_000365791.1,11,Core,ilvY,HTH-type transcriptional activator IlvY,DNA-binding transcription factor activity|0003700||IEA,"GO:0006355,GO:0003700"
GCF_000597845.1|WP_000366028.1,11,Core,ypdE,aminopeptidase,,
GCF_000597845.1|WP_000366129.1,11,Core,sspB,ClpXP protease specificity-enhancing factor,,
GCF_000597845.1|WP_000366501.1,11,Core,ptrR,putrescine utilization regulator PtrR,DNA-binding transcription factor activity|0003700||IEA,"GO:0006355,GO:0003700"
GCF_000597845.1|WP_000366959.1,11,Core,yciU,HI1450 family dsDNA-mimic protein,,
GCF_000597845.1|WP_000367023.1,10,Accessory,ybeR,DUF1266 domain-containing protein,,
GCF_000597845.1|WP_000368046.1,11,Core,ppsR,posphoenolpyruvate synthetase regulatory kinase/phosphorylase PpsR,"protein serine/threonine kinase activity|0004674||IEA,ATP binding|0005524||IEA,phosphotransferase activity%2C phosphate group as acceptor|0016776||IEA,ADP binding|0043531||IEA","GO:0004674,GO:0005524,GO:0016776,GO:0043531"
GCF_000597845.1|WP_000368117.1,11,Core,yfdC,formate/nitrite transporter family protein,transmembrane transporter activity|0022857||IEA,"GO:0055085,GO:0022857,GO:0016020"
GCF_000597845.1|WP_000368506.1,11,Core,astE,succinylglutamate desuccinylase,"zinc ion binding|0008270||IEA,succinylglutamate desuccinylase activity|0009017||IEA","GO:0006527,GO:0008270,GO:0009017"
GCF_000597845.1|WP_000371325.1,1,Singleton,,DUF4329 domain-containing protein,,
GCF_000597845.1|WP_000371700.1,9,Accessory,yjdI,4Fe-4S mono-cluster protein YjdI,,
GCF_000597845.1|WP_000371928.1,11,Core,glpE,thiosulfate sulfurtransferase GlpE,thiosulfate-cyanide sulfurtransferase activity|0004792||IEA,GO:0004792
GCF_000597845.1|WP_000372108.1,11,Core,cysD,sulfate adenylyltransferase subunit CysD,sulfate adenylyltransferase (ATP) activity|0004781||IEA,"GO:0000103,GO:0004781"
GCF_000597845.1|WP_000372364.1,11,Core,eutC,ethanolamine ammonia-lyase subunit beta,,
GCF_000597845.1|WP_000373044.1,11,Core,gdhA,NADP-specific glutamate dehydrogenase,oxidoreductase activity%2C acting on the CH-NH2 group of donors%2C NAD or NADP as acceptor|0016639||IEA,"GO:0006520,GO:0016639"
GCF_000597845.1|WP_000373101.1,11,Core,ycgX,DUF1398 domain-containing protein,,
GCF_000597845.1|WP_000373624.1,11,Core,ybhL,Bax inhibitor-1/YccA family protein,,GO:0016020
GCF_000597845.1|WP_000373940.1,11,Core,nudC,NAD(+) diphosphatase,"NAD+ diphosphatase activity|0000210||IEA,hydrolase activity|0016787||IEA","GO:0000210,GO:0016787"
GCF_000597845.1|WP_000375136.1,11,Core,yccA,FtsH protease modulator YccA,,
GCF_000597845.1|WP_000376337.1,11,Core,nupC,nucleoside permease NupC,,
GCF_000597845.1|WP_000377223.1,11,Core,yecH,YecH family metal-binding protein,,
GCF_000597845.1|WP_000377786.1,11,Core,phoU,phosphate signaling complex protein PhoU,,GO:0030643
GCF_000597845.1|WP_000378250.1,11,Core,yidC,membrane protein insertase YidC,membrane insertase activity|0032977||IEA,"GO:0032977,GO:0016020"
GCF_000597845.1|WP_000378442.1,11,Core,emrR,multidrug efflux transporter EmrAB transcriptional repressor EmrR,,
GCF_000597845.1|WP_000379245.1,11,Core,hdfR,HTH-type transcriptional regulator HdfR,DNA-binding transcription factor activity|0003700||IEA,"GO:0006355,GO:0003700"
GCF_000597845.1|WP_000381173.1,11,Core,yhdT,YhdT family protein,,
GCF_000597845.1|WP_000381303.1,11,Core,entC,isochorismate synthase EntC,isochorismate synthase activity|0008909||IEA,GO:0008909
GCF_000597845.1|WP_000383096.1,11,Core,yeiS,DUF2542 family protein,,GO:0016020
GCF_000597845.1|WP_000383237.1,11,Core,kduI,5-dehydro-4-deoxy-D-glucuronate isomerase,4-deoxy-L-threo-5-hexosulose-uronate ketol-isomerase activity|0008697||IEA,"GO:0045490,GO:0008697"
GCF_000597845.1|WP_000383836.1,11,Core,ypfN,YpfN family protein,,
GCF_000597845.1|WP_000384306.1,11,Core,yacL,protein YacL,,
GCF_000597845.1|WP_000386551.1,11,Core,ybiB,DNA-binding protein YbiB,,
GCF_000597845.1|WP_000386733.1,11,Core,nuoB,NADH-quinone oxidoreductase subunit NuoB,,
GCF_000597845.1|WP_000387388.1,10,Accessory,zntB,zinc transporter ZntB,zinc ion transmembrane transporter activity|0005385||IEA,"GO:0071577,GO:0005385,GO:0005886"
GCF_000597845.1|WP_000388136.1,10,Accessory,xdhA,xanthine dehydrogenase molybdenum-binding subunit XdhA,"iron ion binding|0005506||IEA,oxidoreductase activity|0016491||IEA","GO:0005506,GO:0016491"
GCF_000597845.1|WP_000389030.1,11,Core,yeiW,YkgJ family cysteine cluster protein,iron-sulfur cluster binding|0051536||IEA,GO:0051536
GCF_000597845.1|WP_000389260.1,11,Core,ybjO,YbjO family protein,,
GCF_000597845.1|WP_000389818.1,11,Core,mscS,small-conductance mechanosensitive channel MscS,,
GCF_000597845.1|WP_000393511.1,11,Core,nuoJ,NADH-quinone oxidoreductase subunit J,NADH dehydrogenase (ubiquinone) activity|0008137||IEA,GO:0008137
GCF_000597845.1|WP_000394125.1,11,Core,ansB,L-asparaginase 2,asparaginase activity|0004067||IEA,"GO:0006528,GO:0004067"
GCF_000597845.1|WP_000394983.1,11,Core,yoaE,CNNM family cation transport protein YoaE,,
GCF_000597845.1|WP_000397144.1,11,Core,pepA,leucyl aminopeptidase,"manganese ion binding|0030145||IEA,metalloaminopeptidase activity|0070006||IEA","GO:0006508,GO:0019538,GO:0030145,GO:0070006"
GCF_000597845.1|WP_000398619.1,11,Core,ghoS,type V toxin-antitoxin system endoribonuclease antitoxin GhoS,,
GCF_000597845.1|WP_000399404.1,11,Core,recO,DNA repair protein RecO,DNA binding|0003677||IEA,"GO:0006281,GO:0006310,GO:0003677"
GCF_000597845.1|WP_000402207.1,11,Core,yjcE,Na+/H+ antiporter,sodium:proton antiporter activity|0015385||IEA,"GO:0006814,GO:0006885,GO:1902600,GO:0015385,GO:0016020"
GCF_000597845.1|WP_000405647.1,11,Core,yjdJ,GNAT family N-acetyltransferase,"N-acetyltransferase activity|0008080||IEA,acyltransferase activity|0016746||IEA","GO:0008080,GO:0016746"
GCF_000597845.1|WP_000405706.1,9,Accessory,yehA,putative fimbrial-like adhesin protein,,
GCF_000597845.1|WP_000405996.1,11,Core,ypeA,GNAT family acetyltransferase,N-acetyltransferase activity|0008080||IEA,GO:0008080
GCF_000597845.1|WP_000406102.1,11,Core,apbE,FAD:protein FMN transferase ApbE,,GO:0017013
GCF_000597845.1|WP_000406214.1,11,Core,agaW,PTS N-acetylgalactosamine transporter subunit IIC,,
GCF_000597845.1|WP_000406926.1,11,Core,manY,PTS mannose transporter subunit IIC,,
GCF_000597845.1|WP_000409205.1,11,Core,yfgM,ancillary SecYEG translocon subunit YfgM,,
GCF_000597845.1|WP_000409456.1,11,Core,sltY,murein transglycosylase,"hydrolase activity%2C hydrolyzing O-glycosyl compounds|0004553||IEA,peptidoglycan lytic transglycosylase activity|0008933||IEA","GO:0000270,GO:0004553,GO:0008933,GO:0016020,GO:0042597"
GCF_000597845.1|WP_000409911.1,11,Core,,MGMT family protein,"DNA binding|0003677||IEA,catalytic activity|0003824||IEA,methylated-DNA-[protein]-cysteine S-methyltransferase activity|0003908||IEA","GO:0006281,GO:0003677,GO:0003824,GO:0003908"
GCF_000597845.1|WP_000410201.1,11,Core,ypeB,DUF3820 family protein,,
GCF_000597845.1|WP_000412379.1,11,Core,ydgI,amino acid permease,,
GCF_000597845.1|WP_000412428.1,11,Core,soxR,redox-sensitive transcriptional activator SoxR,"DNA-binding transcription factor activity|0003700||IEA,2 iron%2C 2 sulfur cluster binding|0051537||IEA","GO:0006355,GO:0006979,GO:0003700,GO:0051537"
GCF_000597845.1|WP_000413677.1,11,Core,ddlA,D-alanine--D-alanine ligase,D-alanine-D-alanine ligase activity|0008716||IEA,GO:0008716
GCF_000597845.1|WP_000414437.1,11,Core,bssS,biofilm formation regulator BssS,,
GCF_000597845.1|WP_000414564.1,11,Core,ydcI,LysR substrate-binding domain-containing protein,,
GCF_000597845.1|WP_000415584.1,7,Accessory,mqsR,type II toxin-antitoxin system toxin MqsR,,
GCF_000597845.1|WP_000416407.1,11,Core,valS,valine--tRNA ligase,"nucleotide binding|0000166||IEA,valine-tRNA ligase activity|0004832||IEA,ATP binding|0005524||IEA","GO:0006438,GO:0000166,GO:0004832,GO:0005524"
GCF_000597845.1|WP_000417058.1,11,Core,yaeP,YaeP family protein,,
GCF_000597845.1|WP_000419042.1,11,Core,fghA,S-formylglutathione hydrolase,S-formylglutathione hydrolase activity|0018738||IEA,"GO:0046294,GO:0018738"
GCF_000597845.1|WP_000420617.1,11,Core,cbpA,curved DNA-binding protein,unfolded protein binding|0051082||IEA,"GO:0006457,GO:0051082"
GCF_000597845.1|WP_000420966.1,11,Core,,ISAs1 family transposase,transposase activity|0004803||IEA,GO:0004803
GCF_000597845.1|WP_000421305.1,11,Core,ubiU,ubiquinone anaerobic biosynthesis protein UbiU,,GO:0006744
GCF_000597845.1|WP_000421763.1,11,Core,pepE,dipeptidase PepE,serine-type peptidase activity|0008236||IEA,"GO:0006508,GO:0008236"
GCF_000597845.1|WP_000422149.1,11,Core,yqjA,DedA family general envelope maintenance protein YqjA,,
GCF_000597845.1|WP_000423257.1,11,Core,hcaR,DNA-binding transcriptional regulator HcaR,,
GCF_000597845.1|WP_000423742.1,11,Core,purB,adenylosuccinate lyase,N6-(1%2C2-dicarboxyethyl)AMP AMP-lyase (fumarate-forming) activity|0004018||IEA,"GO:0006188,GO:0009152,GO:0004018"
GCF_000597845.1|WP_000424181.1,11,Core,mgsA,methylglyoxal synthase,methylglyoxal synthase activity|0008929||IEA,"GO:0006007,GO:0019242,GO:0008929"
GCF_000597845.1|WP_000424395.1,11,Core,rplD,50S ribosomal protein L4,structural constituent of ribosome|0003735||IEA,"GO:0006412,GO:0003735,GO:0022625"
GCF_000597845.1|WP_000424548.1,4,Accessory,,hypothetical protein,,
GCF_000597845.1|WP_000424841.1,11,Core,fsa,fructose-6-phosphate aldolase,aldehyde-lyase activity|0016832||IEA,"GO:0005975,GO:0016832"
GCF_000597845.1|WP_000424924.1,11,Core,ybfA,YbfA family protein,,
GCF_000597845.1|WP_000426124.1,11,Core,yfbU,YfbU family protein,,
GCF_000597845.1|WP_000426292.1,11,Core,dosC,diguanylate cyclase DosC,,
GCF_000597845.1|WP_000426426.1,11,Core,dsdA,D-serine ammonia-lyase,"D-serine ammonia-lyase activity|0008721||IEA,pyridoxal phosphate binding|0030170||IEA","GO:0046416,GO:0008721,GO:0030170"
GCF_000597845.1|WP_000428805.1,11,Core,cmtA,PTS mannitol transporter subunit IICB,,
GCF_000597845.1|WP_000429386.1,11,Core,atpE,F0F1 ATP synthase subunit C,proton transmembrane transporter activity|0015078||IEA,"GO:0015986,GO:0015078"
GCF_000597845.1|WP_000429656.1,11,Core,ibaG,BolA family iron metabolism protein IbaG,,
GCF_000597845.1|WP_000431370.1,11,Core,proQ,RNA chaperone ProQ,"RNA binding|0003723||IEA,RNA strand annealing activity|0033592||IEA,RNA strand-exchange activity|0034057||IEA","GO:0010608,GO:0003723,GO:0033592,GO:0034057"
GCF_000597845.1|WP_000432970.1,11,Core,asnC,transcriptional regulator AsnC,sequence-specific DNA binding|0043565||IEA,GO:0043565
GCF_000597845.1|WP_000433476.1,11,Core,maeA,malate dehydrogenase,,
GCF_000597845.1|WP_000434026.1,11,Core,yegW,GntR family transcriptional regulator,"DNA binding|0003677||IEA,DNA-binding transcription factor activity|0003700||IEA","GO:0003677,GO:0003700"
GCF_000597845.1|WP_000436922.1,11,Core,ycbJ,YcbJ family phosphotransferase,,
GCF_000597845.1|WP_000437375.1,11,Core,rpoD,RNA polymerase sigma factor RpoD,"DNA-binding transcription factor activity|0003700||IEA,sigma factor activity|0016987||IEA","GO:0006355,GO:0003700,GO:0016987"
GCF_000597845.1|WP_000437935.1,11,Core,yfcD,NUDIX hydrolase YfcD,hydrolase activity%2C acting on acid anhydrides|0016817||IEA,GO:0016817
GCF_000597845.1|WP_000438245.1,11,Core,mlaF,phospholipid ABC transporter ATP-binding protein MlaF,ATP binding|0005524||IEA,GO:0005524
GCF_000597845.1|WP_000438591.1,11,Core,uxuA,mannonate dehydratase,mannonate dehydratase activity|0008927||IEA,"GO:0006064,GO:0008927"
GCF_000597845.1|WP_000438725.1,11,Core,fadA,acetyl-CoA C-acyltransferase FadA,acetyl-CoA C-acyltransferase activity|0003988||IEA,"GO:0006631,GO:0016042,GO:0003988,GO:0005737"
GCF_000597845.1|WP_000438813.1,9,Accessory,ydjE,MFS transporter,transmembrane transporter activity|0022857||IEA,"GO:0055085,GO:0022857,GO:0016020"
GCF_000597845.1|WP_000438953.1,11,Core,tag,DNA-3-methyladenine glycosylase I,,
GCF_000597845.1|WP_000439182.1,10,Accessory,yhiN,NAD(P)/FAD-dependent oxidoreductase,"flavin adenine dinucleotide binding|0050660||IEA,NADP binding|0050661||IEA","GO:0050660,GO:0050661"
GCF_000597845.1|WP_000439331.1,11,Core,yqhA,TIGR00645 family protein,,
GCF_000597845.1|WP_000439434.1,8,Accessory,pemK-mt,type II toxin-antitoxin system toxin endoribonuclease PemK-mt,,
GCF_000597845.1|WP_000439850.1,11,Core,aroB,3-dehydroquinate synthase,3-dehydroquinate synthase activity|0003856||IEA,"GO:0009073,GO:0009423,GO:0003856,GO:0005737"
GCF_000597845.1|WP_000440906.1,11,Core,yeiB,DUF418 domain-containing protein YeiB,,
GCF_000597845.1|WP_000442860.1,11,Core,ygiC,glutathionylspermidine synthase family protein,"ATP binding|0005524||IEA,ligase activity|0016874||IEA,metal ion binding|0046872||IEA","GO:0005524,GO:0016874,GO:0046872"
GCF_000597845.1|WP_000442949.1,11,Core,xapR,DNA-binding transcriptional regulator XapR,,
GCF_000597845.1|WP_000443067.1,11,Core,trpA,tryptophan synthase subunit alpha,tryptophan synthase activity|0004834||IEA,"GO:0000162,GO:0004834"
GCF_000597845.1|WP_000443530.1,11,Core,hcxB,hydroxycarboxylate dehydrogenase HcXB,,
GCF_000597845.1|WP_000443665.1,11,Core,ligA,NAD-dependent DNA ligase LigA,"DNA binding|0003677||IEA,DNA ligase (NAD+) activity|0003911||IEA","GO:0006260,GO:0006281,GO:0003677,GO:0003911"
GCF_000597845.1|WP_000444348.1,11,Core,malQ,4-alpha-glucanotransferase,4-alpha-glucanotransferase activity|0004134||IEA,"GO:0005975,GO:0004134"
GCF_000597845.1|WP_000444488.1,11,Core,icd,NADP-dependent isocitrate dehydrogenase,"magnesium ion binding|0000287||IEA,isocitrate dehydrogenase (NADP+) activity|0004450||IEA,NAD binding|0051287||IEA","GO:0006099,GO:0000287,GO:0004450,GO:0051287"
GCF_000597845.1|WP_000444561.1,11,Core,pepQ,Xaa-Pro dipeptidase,,
GCF_000597845.1|WP_000444747.1,11,Core,cpdA,3'%2C5'-cyclic-AMP phosphodiesterase,3'%2C5'-cyclic-AMP phosphodiesterase activity|0004115||IEA,GO:0004115
GCF_000597845.1|WP_000445231.1,11,Core,aroA,3-phosphoshikimate 1-carboxyvinyltransferase,3-phosphoshikimate 1-carboxyvinyltransferase activity|0003866||IEA,"GO:0009073,GO:0003866"
GCF_000597845.1|WP_000445413.1,11,Core,sfsB,DNA-binding transcriptional regulator SfsB,,
GCF_000597845.1|WP_000445533.1,11,Core,pqiB,intermembrane transport protein PqiB,,
GCF_000597845.1|WP_000445658.1,11,Core,ygaZ,L-valine exporter subunit YgaZ,,
GCF_000597845.1|WP_000446917.1,10,Accessory,ybhM,Bax inhibitor-1/YccA family protein,,GO:0016020
GCF_000597845.1|WP_000447361.1,11,Core,yfcA,sulfite exporter TauE/SafE family protein,,
GCF_000597845.1|WP_000447529.1,11,Core,rplV,50S ribosomal protein L22,structural constituent of ribosome|0003735||IEA,"GO:0006412,GO:0003735,GO:0015934"
GCF_000597845.1|WP_000448381.1,11,Core,lpxM,lauroyl-Kdo(2)-lipid IV(A) myristoyltransferase,acyltransferase activity%2C transferring groups other than amino-acyl groups|0016747||IEA,"GO:0009103,GO:0016747,GO:0009276,GO:0016020"
GCF_000597845.1|WP_000449030.1,11,Core,yhbP,YhbP family protein,,
GCF_000597845.1|WP_000449965.1,11,Core,scpC,propionyl-CoA:succinate CoA transferase,,
GCF_000597845.1|WP_000450409.1,11,Core,tmaR,DUF496 family protein,,
GCF_000597845.1|WP_000450476.1,11,Core,sdaC,HAAAP family serine/threonine permease SdaC,,
GCF_000597845.1|WP_000450594.1,11,Core,ygjH,tRNA-binding protein,,
GCF_000597845.1|WP_000450735.1,3,Accessory,,LexA family protein,DNA binding|0003677||IEA,"GO:0045892,GO:0003677"
GCF_000597845.1|WP_000455227.1,11,Core,ubiA,4-hydroxybenzoate octaprenyltransferase,4-hydroxybenzoate polyprenyltransferase activity|0008412||IEA,"GO:0006744,GO:0008412"
GCF_000597845.1|WP_000455798.1,11,Core,yiaG,HTH-type transcriptional regulator,,
GCF_000597845.1|WP_000456454.1,11,Core,prmC,peptide chain release factor N(5)-glutamine methyltransferase,S-adenosylmethionine-dependent methyltransferase activity|0008757||IEA,"GO:0006412,GO:0018364,GO:0008757"
GCF_000597845.1|WP_000456723.1,11,Core,nudL,CoA pyrophosphatase,"magnesium ion binding|0000287||IEA,coenzyme A diphosphatase activity|0010945||IEA","GO:0000287,GO:0010945"
GCF_000597845.1|WP_000457207.1,11,Core,leuE,leucine efflux protein LeuE,,GO:0006865
GCF_000597845.1|WP_000457334.1,11,Core,yoaH,YoaH family protein,,
GCF_000597845.1|WP_000457616.1,11,Core,umuC,DNA polymerase V catalytic protein,,
GCF_000597845.1|WP_000458809.1,11,Core,hcp,hydroxylamine reductase,"oxidoreductase activity%2C acting on other nitrogenous compounds as donors|0016661||IEA,iron-sulfur cluster binding|0051536||IEA","GO:0016661,GO:0051536"
GCF_000597845.1|WP_000459182.1,11,Core,xdhB,xanthine dehydrogenase FAD-binding subunit XdhB,"oxidoreductase activity|0016491||IEA,FAD binding|0071949||IEA","GO:0016491,GO:0071949"
GCF_000597845.1|WP_000459750.1,9,Accessory,hpaH,2-oxo-hept-4-ene-1%2C7-dioate hydratase,2-oxo-hept-3-ene-1%2C7-dioate hydratase activity|0018817||IEA,"GO:0009056,GO:0018817"
GCF_000597845.1|WP_000460035.1,11,Core,ffh,signal recognition particle protein,"GTPase activity|0003924||IEA,signal sequence binding|0005048||IEA,GTP binding|0005525||IEA","GO:0009306,GO:0003924,GO:0005048,GO:0005525,GO:0048501"
GCF_000597845.1|WP_000460145.1,11,Core,allS,HTH-type transcriptional activator AllS,,
GCF_000597845.1|WP_000460360.1,11,Core,hflX,ribosome rescue GTPase HflX,GTP binding|0005525||IEA,GO:0005525
GCF_000597845.1|WP_000460514.1,11,Core,cyuA,cysteine desulfidase,,
GCF_000597845.1|WP_000460670.1,11,Core,smg,DUF494 family protein Smg,,
GCF_000597845.1|WP_000460803.1,11,Core,appB,cytochrome d ubiquinol oxidase subunit II,,
GCF_000597845.1|WP_000461450.1,7,Accessory,gspB,putative general secretion pathway protein GspB,,
GCF_000597845.1|WP_000462687.1,11,Core,aspC,aspartate transaminase,,
GCF_000597845.1|WP_000462776.1,11,Core,ftsZ,cell division protein FtsZ,"GTPase activity|0003924||IEA,GTP binding|0005525||IEA","GO:0000910,GO:0003924,GO:0005525"
GCF_000597845.1|WP_000462905.1,11,Core,fis,DNA-binding transcriptional regulator Fis,,
GCF_000597845.1|WP_000466985.1,11,Core,dcuC,anaerobic C4-dicarboxylate transporter DcuC,,
GCF_000597845.1|WP_000467098.1,11,Core,ybaB,YbaB/EbfC family nucleoid-associated protein,DNA binding|0003677||IEA,GO:0003677
GCF_000597845.1|WP_000467180.1,11,Core,cyoB,cytochrome o ubiquinol oxidase subunit I,cytochrome-c oxidase activity|0004129||IEA,GO:0004129
GCF_000597845.1|WP_000467687.1,11,Core,citC,[citrate (pro-3S)-lyase] ligase,[citrate (pro-3S)-lyase] ligase activity|0008771||IEA,"GO:0006101,GO:0008771"
GCF_000597845.1|WP_000467859.1,11,Core,yjiX,YbdD/YjiX family protein,,
GCF_000597845.1|WP_000468186.1,11,Core,rimJ,ribosomal protein S5-alanine N-acetyltransferase,N-acetyltransferase activity|0008080||IEA,GO:0008080
GCF_000597845.1|WP_000468833.1,11,Core,gltS,sodium/glutamate symporter,glutamate:sodium symporter activity|0015501||IEA,"GO:0015813,GO:0015501,GO:0016020"
GCF_000597845.1|WP_000469031.1,11,Core,ybhR,ABC transporter permease,"ATPase-coupled transmembrane transporter activity|0042626||IEA,ABC-type transporter activity|0140359||IEA","GO:0055085,GO:0042626,GO:0140359,GO:0016020,GO:0043190"
GCF_000597845.1|WP_000469702.1,11,Core,yegD,molecular chaperone,"ATP binding|0005524||IEA,ATP hydrolysis activity|0016887||IEA","GO:0005524,GO:0016887"
GCF_000597845.1|WP_000471866.1,11,Core,mgtA,magnesium-translocating P-type ATPase,P-type magnesium transporter activity|0015444||IEA,"GO:0015693,GO:0015444,GO:0016020"
GCF_000597845.1|WP_000472021.1,11,Core,yfeC,YfeC-like transcriptional regulator,,
GCF_000597845.1|WP_000475719.1,11,Core,ptsG,PTS glucose transporter subunit IIBC,"protein-N(PI)-phosphohistidine-sugar phosphotransferase activity|0008982||IEA,D-glucose transmembrane transporter activity|0055056||IEA","GO:0009401,GO:1904659,GO:0008982,GO:0055056"
GCF_000597845.1|WP_000476014.1,11,Core,yegQ,tRNA 5-hydroxyuridine modification protein YegQ,,
GCF_000597845.1|WP_000476093.1,11,Core,nudJ,phosphatase NudJ,,
GCF_000597845.1|WP_000476487.1,11,Core,mlaC,phospholipid-binding protein MlaC,,
GCF_000597845.1|WP_000477009.1,11,Core,sbmA,peptide antibiotic transporter SbmA,peptide transmembrane transporter activity|1904680||IEA,"GO:0015833,GO:1904680"
GCF_000597845.1|WP_000477811.1,11,Core,deoA,thymidine phosphorylase,thymidine phosphorylase activity|0009032||IEA,"GO:0006213,GO:0009032"
GCF_000597845.1|WP_000478619.1,11,Core,dctR,helix-turn-helix transcriptional regulator,"DNA binding|0003677||IEA,DNA-binding transcription factor activity|0003700||IEA","GO:0006355,GO:0003677,GO:0003700"
GCF_000597845.1|WP_000478706.1,11,Core,pabC,aminodeoxychorismate lyase,"4-amino-4-deoxychorismate lyase activity|0008696||IEA,pyridoxal phosphate binding|0030170||IEA","GO:0046656,GO:0008696,GO:0030170"
GCF_000597845.1|WP_000479624.1,11,Core,yibI,DUF3302 domain-containing protein,,
GCF_000597845.1|WP_000480968.1,1,Singleton,,aminoglycoside O-phosphotransferase APH(6)-Id,,
GCF_000597845.1|WP_000481505.1,11,Core,csgD,biofilm master transcriptional regulator CsgD,DNA binding|0003677||IEA,"GO:0006355,GO:0003677"
GCF_000597845.1|WP_000483860.1,11,Core,yibQ,divergent polysaccharide deacetylase family protein,hydrolase activity%2C acting on carbon-nitrogen (but not peptide) bonds|0016810||IEA,"GO:0005975,GO:0016810"
GCF_000597845.1|WP_000484048.1,11,Core,adrA,diguanylate cyclase AdrA,,
GCF_000597845.1|WP_000484404.1,11,Core,lpxP,kdo(2)-lipid IV(A) palmitoleoyltransferase,palmitoleoyl [acyl-carrier-protein]-dependent acyltransferase activity|0008951||IEA,"GO:0009409,GO:0036104,GO:0008951,GO:0016020"
GCF_000597845.1|WP_000484985.1,11,Core,rnb,exoribonuclease II,"RNA binding|0003723||IEA,exoribonuclease II activity|0008859||IEA","GO:0006401,GO:0003723,GO:0008859"
GCF_000597845.1|WP_000487600.1,11,Core,ptsH,phosphocarrier protein Hpr,,
GCF_000597845.1|WP_000487654.1,11,Core,pldB,lysophospholipase L2,,
GCF_000597845.1|WP_000489250.1,11,Core,cirA,catecholate siderophore receptor CirA,,
GCF_000597845.1|WP_000489667.1,11,Core,bepA,beta-barrel assembly-enhancing protease,,
GCF_000597845.1|WP_000489881.1,11,Core,bglH,carbohydrate-specific porin BglH,,
GCF_000597845.1|WP_000490275.1,11,Core,ytjA,DUF1328 domain-containing protein,,
GCF_000597845.1|WP_000490426.1,11,Core,iap,alkaline phosphatase isozyme conversion aminopeptidase,,
GCF_000597845.1|WP_000492321.1,10,Accessory,tsuA,thiosulfate utilization transporter TsuA/YeeE,,
GCF_000597845.1|WP_000492656.1,11,Core,alaE,L-alanine exporter AlaE,,
GCF_000597845.1|WP_000492914.1,11,Core,yjfY,DUF1471 family protein YjfY,,
GCF_000597845.1|WP_000493352.1,11,Core,argO,arginine exporter ArgO,L-arginine transmembrane transporter activity|0061459||IEA,"GO:1903826,GO:0061459,GO:0016020"
GCF_000597845.1|WP_000493556.1,11,Core,nirC,nitrite transporter NirC,transmembrane transporter activity|0022857||IEA,"GO:0055085,GO:0022857"
GCF_000597845.1|WP_000493785.1,11,Core,hycF,formate hydrogenlyase subunit HycF,,
GCF_000597845.1|WP_000493947.1,11,Core,ribE,riboflavin synthase,riboflavin synthase activity|0004746||IEA,GO:0004746
GCF_000597845.1|WP_000494183.1,11,Core,rplY,50S ribosomal protein L25,structural constituent of ribosome|0003735||IEA,"GO:0006412,GO:0003735,GO:0005840"
GCF_000597845.1|WP_000494244.1,11,Core,yncJ,YncJ family protein,,
GCF_000597845.1|WP_000494484.1,11,Core,xylR,D-xylose utilization transcriptional activator XylR,,
GCF_000597845.1|WP_000495771.1,11,Core,bdm,biofilm-dependent modulation protein,,
GCF_000597845.1|WP_000497137.1,11,Core,bssR,biofilm formation regulator BssR,,
GCF_000597845.1|WP_000497334.1,11,Core,yhfX,YhfX family PLP-dependent enzyme,,
GCF_000597845.1|WP_000497723.1,11,Core,degS,outer membrane-stress sensor serine endopeptidase DegS,serine-type endopeptidase activity|0004252||IEA,"GO:0006508,GO:0004252"
GCF_000597845.1|WP_000497942.1,8,Accessory,efeU,iron uptake transporter permease EfeU,iron ion transmembrane transporter activity|0005381||IEA,"GO:0034755,GO:0005381,GO:0033573"
GCF_000597845.1|WP_000498253.1,11,Core,osmB,osmotically-inducible lipoprotein OsmB,,
GCF_000597845.1|WP_000499788.1,11,Core,mnmG,tRNA uridine-5-carboxymethylaminomethyl(34) synthesis enzyme MnmG,,"GO:0002098,GO:0008033"
GCF_000597845.1|WP_000501604.1,11,Core,yejB,microcin C ABC transporter permease YejB,,
GCF_000597845.1|WP_000502395.1,11,Core,ygfK,putative selenate reductase subunit YgfK,"oxidoreductase activity|0016491||IEA,iron-sulfur cluster binding|0051536||IEA","GO:0016491,GO:0051536"
GCF_000597845.1|WP_000502945.1,11,Core,ybdM,IbrB-like domain-containing protein,DNA binding|0003677||IEA,"GO:0071453,GO:0003677"
GCF_000597845.1|WP_000503280.1,6,Accessory,sctT,type III secretion system export apparatus subunit SctT,,"GO:0030254,GO:0016020"
GCF_000597845.1|WP_000503931.1,11,Core,tatE,twin-arginine translocase subunit TatE,,
GCF_000597845.1|WP_000505866.1,11,Core,ychF,redox-regulated ATPase YchF,"ATP binding|0005524||IEA,GTP binding|0005525||IEA,ATP hydrolysis activity|0016887||IEA","GO:0005524,GO:0005525,GO:0016887"
GCF_000597845.1|WP_000506490.1,11,Core,fabI,enoyl-ACP reductase FabI,,
GCF_000597845.1|WP_000506882.1,1,Singleton,,DUF4236 domain-containing protein,,
GCF_000597845.1|WP_000508177.1,11,Core,yqaE,YqaE/Pmp3 family membrane protein,,GO:0016020
GCF_000597845.1|WP_000510962.1,11,Core,aaeB,p-hydroxybenzoic acid efflux pump subunit AaeB,transmembrane transporter activity|0022857||IEA,"GO:0055085,GO:0022857"
GCF_000597845.1|WP_000511025.1,11,Core,pspA,phage shock protein PspA,,
GCF_000597845.1|WP_000511313.1,11,Core,ymgE,GlsB/YeaQ/YmgE family stress response membrane protein,,GO:0016020
GCF_000597845.1|WP_000511955.1,11,Core,yjfJ,PspA/IM30 family protein,,
GCF_000597845.1|WP_000512372.1,11,Core,eutH,ethanolamine utilization protein EutH,ethanolamine transmembrane transporter activity|0034228||IEA,"GO:0034229,GO:0034228,GO:0016020"
GCF_000597845.1|WP_000513761.1,11,Core,iaaA,beta-aspartyl-peptidase,,
GCF_000597845.1|WP_000516990.1,6,Accessory,hpaD,3%2C4-dihydroxyphenylacetate 2%2C3-dioxygenase,"ferrous iron binding|0008198||IEA,3%2C4-dihydroxyphenylacetate 2%2C3-dioxygenase activity|0008687||IEA","GO:0008152,GO:0008198,GO:0008687"
GCF_000597845.1|WP_000517100.1,11,Core,yibT,protein YibT,,
GCF_000597845.1|WP_000517476.1,11,Core,ftsB,cell division protein FtsB,,
GCF_000597845.1|WP_000520781.1,11,Core,clpS,ATP-dependent Clp protease adapter ClpS,,GO:0006508
GCF_000597845.1|WP_000520804.1,11,Core,folM,dihydromonapterin reductase,oxidoreductase activity|0016491||IEA,GO:0016491
GCF_000597845.1|WP_000522208.1,11,Core,yidB,YidB family protein,,
GCF_000597845.1|WP_000522247.1,11,Core,crr,PTS glucose transporter subunit IIA,,GO:0009401
GCF_000597845.1|WP_000522424.1,11,Core,kbp,potassium binding protein Kbp,,
GCF_000597845.1|WP_000523616.1,11,Core,iscX,Fe-S cluster assembly protein IscX,iron ion binding|0005506||IEA,"GO:0016226,GO:0005506"
GCF_000597845.1|WP_000523879.1,11,Core,arnF,4-amino-4-deoxy-L-arabinose-phosphoundecaprenol flippase subunit ArnF,,
GCF_000597845.1|WP_000524097.1,11,Core,ynjA,carboxymuconolactone decarboxylase family protein,peroxiredoxin activity|0051920||IEA,GO:0051920
GCF_000597845.1|WP_000524868.1,11,Core,ydgC,GlpM family protein,,
GCF_000597845.1|WP_000525176.1,11,Core,rluA,bifunctional tRNA pseudouridine(32) synthase/23S rRNA pseudouridine(746) synthase RluA,"RNA binding|0003723||IEA,pseudouridine synthase activity|0009982||IEA","GO:0001522,GO:0009451,GO:0003723,GO:0009982"
GCF_000597845.1|WP_000525365.1,11,Core,yfbM,YfbM family protein,,
GCF_000597845.1|WP_000526503.1,11,Core,ynfH,selenate reductase membrane anchor subunit YnfH,,
GCF_000597845.1|WP_000527844.1,11,Core,exbB,tol-pal system-associated acyl-CoA thioesterase,transmembrane transporter activity|0022857||IEA,"GO:0055085,GO:0022857"
GCF_000597845.1|WP_000527955.1,11,Core,purA,adenylosuccinate synthase,adenylosuccinate synthase activity|0004019||IEA,"GO:0009152,GO:0004019"
GCF_000597845.1|WP_000528342.1,11,Core,fumD,fumarate hydratase FumD,,
GCF_000597845.1|WP_000528376.1,11,Core,napC,cytochrome c-type protein NapC,,
GCF_000597845.1|WP_000528530.1,11,Core,satP,acetate uptake transporter,,GO:0016020
GCF_000597845.1|WP_000529576.1,11,Core,ppk1,polyphosphate kinase 1,polyphosphate kinase activity|0008976||IEA,"GO:0006799,GO:0008976,GO:0009358"
GCF_000597845.1|WP_000529945.1,11,Core,rpsC,30S ribosomal protein S3,structural constituent of ribosome|0003735||IEA,"GO:0006412,GO:0003735"
GCF_000597845.1|WP_000531205.1,11,Core,yqjG,glutathionyl-hydroquinone reductase YqjG,,
GCF_000597845.1|WP_000532923.1,11,Core,yeeN,YebC/PmpR family DNA-binding transcriptional regulator,DNA binding|0003677||IEA,"GO:0006355,GO:0003677"
GCF_000597845.1|WP_000533522.1,11,Core,phoH,phosphate starvation-inducible protein PhoH,,
GCF_000597845.1|WP_000534307.1,11,Core,ydhQ,AIDA repeat-containing protein,,
GCF_000597845.1|WP_000535469.1,9,Accessory,tynA,primary-amine oxidase,"copper ion binding|0005507||IEA,primary methylamine oxidase activity|0008131||IEA,quinone binding|0048038||IEA","GO:0009308,GO:0005507,GO:0008131,GO:0048038"
GCF_000597845.1|WP_000535505.1,7,Accessory,frlA,fructoselysine/psicoselysine transporter,,
GCF_000597845.1|WP_000535976.1,11,Core,gppA,guanosine-5'-triphosphate%2C3'-diphosphate diphosphatase,guanosine-5'-triphosphate%2C3'-diphosphate diphosphatase activity|0008894||IEA,"GO:0015974,GO:0008894"
GCF_000597845.1|WP_000537403.1,11,Core,trxB,thioredoxin-disulfide reductase,thioredoxin-disulfide reductase (NADPH) activity|0004791||IEA,"GO:0019430,GO:0004791"
GCF_000597845.1|WP_000538176.1,11,Core,yjjB,threonine/serine exporter,,
GCF_000597845.1|WP_000539208.1,2,Accessory,,Gp138 family membrane-puncturing spike protein,,
GCF_000597845.1|WP_000542790.1,11,Core,phnG,phosphonate C-P lyase system protein PhnG,,"GO:0015716,GO:0019634"
GCF_000597845.1|WP_000543394.1,11,Core,safA,two-component system connector SafA,,
GCF_000597845.1|WP_000543457.1,9,Accessory,mhpB,2%2C3-dihydroxyphenylpropionate/2%2C3-dihydroxicinnamic acid 1%2C2-dioxygenase,,
GCF_000597845.1|WP_000543535.1,11,Core,nrdR,transcriptional regulator NrdR,"zinc ion binding|0008270||IEA,transcription regulator activity|0140110||IEA","GO:0006355,GO:0008270,GO:0140110"
GCF_000597845.1|WP_000544359.1,11,Core,ypdA,two-component system sensor histidine kinase YpdA,,
GCF_000597845.1|WP_000544953.1,11,Core,hypA,hydrogenase maturation nickel metallochaperone HypA,"ferredoxin hydrogenase activity|0008901||IEA,nickel cation binding|0016151||IEA","GO:0036211,GO:0008901,GO:0016151"
GCF_000597845.1|WP_000545677.1,11,Core,trkH,Trk system potassium transporter TrkH,,
GCF_000597845.1|WP_000545983.1,1,Singleton,,DUF3800 domain-containing protein,,
GCF_000597845.1|WP_000547760.1,11,Core,yjfL,DUF350 domain-containing protein,,
GCF_000597845.1|WP_000547787.1,1,Singleton,wbdA,polymannosyl GlcNAc-diphospho-ditrans%2Coctacis-undecaprenol 2%2C3-alpha-mannosylpolymerase WbdA,,
GCF_000597845.1|WP_000548294.1,11,Core,yieE,DNA-binding transcriptional regulator YeiE,DNA-binding transcription factor activity|0003700||IEA,"GO:0006355,GO:0003700"
GCF_000597845.1|WP_000548347.1,11,Core,tdcB,bifunctional threonine ammonia-lyase/L-serine ammonia-lyase TdcB,"threonine deaminase activity|0004794||IEA,pyridoxal phosphate binding|0030170||IEA","GO:0006567,GO:0004794,GO:0030170"
GCF_000597845.1|WP_000548675.1,11,Core,araF,arabinose ABC transporter substrate-binding protein AraF,,
GCF_000597845.1|WP_000550189.1,8,Accessory,higB,type II toxin-antitoxin system toxin HigB,,
GCF_000597845.1|WP_000550675.1,11,Core,yncE,YncE family protein,,
GCF_000597845.1|WP_000551270.1,11,Core,msbA,lipid A ABC transporter ATP-binding protein/permease MsbA,"ATP binding|0005524||IEA,ATPase-coupled lipid transmembrane transporter activity|0034040||IEA,ABC-type transporter activity|0140359||IEA","GO:0055085,GO:0005524,GO:0034040,GO:0140359,GO:0016020"
GCF_000597845.1|WP_000553451.1,11,Core,suhB,inositol-1-monophosphatase,inositol monophosphate 1-phosphatase activity|0008934||IEA,"GO:0046854,GO:0008934"
GCF_000597845.1|WP_000553555.1,11,Core,cdd,cytidine deaminase,"cytidine deaminase activity|0004126||IEA,zinc ion binding|0008270||IEA","GO:0009972,GO:0004126,GO:0008270"
GCF_000597845.1|WP_000554757.1,7,Accessory,yafN,type I toxin-antitoxin system antitoxin YafN,,
GCF_000597845.1|WP_000555458.1,10,Accessory,ydcV,ABC transporter permease,"ATPase-coupled transmembrane transporter activity|0042626||IEA,ABC-type transporter activity|0140359||IEA","GO:0042626,GO:0140359,GO:0016020"
GCF_000597845.1|WP_000555849.1,11,Core,purU,formyltetrahydrofolate deformylase,formyltetrahydrofolate deformylase activity|0008864||IEA,"GO:0006189,GO:0008864"
GCF_000597845.1|WP_000556295.1,11,Core,eptC,phosphoethanolamine transferase CptA,,
GCF_000597845.1|WP_000557378.1,11,Core,napD,chaperone NapD,,
GCF_000597845.1|WP_000558209.1,11,Core,yjeI,DUF4156 domain-containing protein,,
GCF_000597845.1|WP_000558527.1,11,Core,lsrG,(4S)-4-hydroxy-5-phosphonooxypentane-2%2C3-dione isomerase,,
GCF_000597845.1|WP_000559280.1,11,Core,yciK,YciK family oxidoreductase,oxidoreductase activity|0016491||IEA,GO:0016491
GCF_000597845.1|WP_000559764.1,11,Core,yfcL,YfcL family protein,,
GCF_000597845.1|WP_000559900.1,11,Core,ynaI,low conductance mechanosensitive channel YnaI,,
GCF_000597845.1|WP_000560597.1,11,Core,qorB,NAD(P)H:quinone oxidoreductase,,
GCF_000597845.1|WP_000560983.1,11,Core,dtd,D-aminoacyl-tRNA deacylase,peptidyl-tRNA hydrolase activity|0004045||IEA,"GO:0008152,GO:0004045"
GCF_000597845.1|WP_000563058.1,11,Core,yjjV,metal-dependent hydrolase,hydrolase activity%2C acting on ester bonds|0016788||IEA,GO:0016788
GCF_000597845.1|WP_000564489.1,11,Core,rppH,RNA pyrophosphohydrolase,hydrolase activity|0016787||IEA,GO:0016787
GCF_000597845.1|WP_000564726.1,11,Core,cmoB,tRNA 5-methoxyuridine(34)/uridine 5-oxyacetic acid(34) synthase CmoB,transferase activity%2C transferring alkyl or aryl (other than methyl) groups|0016765||IEA,"GO:0002098,GO:0016765"
GCF_000597845.1|WP_000565966.1,11,Core,lpxA,acyl-ACP--UDP-N-acetylglucosamine O-acyltransferase,acyl-[acyl-carrier-protein]-UDP-N-acetylglucosamine O-acyltransferase activity|0008780||IEA,"GO:0008610,GO:0008780"
GCF_000597845.1|WP_000566376.1,11,Core,ltaE,low-specificity L-threonine aldolase,lyase activity|0016829||IEA,"GO:0006520,GO:0016829"
GCF_000597845.1|WP_000566509.1,11,Core,yfcG,GSH-dependent disulfide bond oxidoreductase,,
GCF_000597845.1|WP_000568339.1,8,Accessory,yqeJ,protein YqeJ,,
GCF_000597845.1|WP_000568416.1,11,Core,iadA,beta-aspartyl-peptidase,beta-aspartyl-peptidase activity|0008798||IEA,GO:0008798
GCF_000597845.1|WP_000568519.1,11,Core,ruvB,Holliday junction branch migration DNA helicase RuvB,"DNA binding|0003677||IEA,ATP binding|0005524||IEA,four-way junction helicase activity|0009378||IEA","GO:0006281,GO:0006310,GO:0003677,GO:0005524,GO:0009378"
GCF_000597845.1|WP_000568943.1,11,Core,truD,tRNA pseudouridine(13) synthase TruD,"RNA binding|0003723||IEA,pseudouridine synthase activity|0009982||IEA","GO:0001522,GO:0003723,GO:0009982"
GCF_000597845.1|WP_000569356.1,11,Core,yehX,glycine betaine ABC transporter ATP binding protein YehX,,
GCF_000597845.1|WP_000569430.1,11,Core,rnhB,ribonuclease HII,"RNA binding|0003723||IEA,RNA-DNA hybrid ribonuclease activity|0004523||IEA","GO:0003723,GO:0004523"
GCF_000597845.1|WP_000569679.1,11,Core,yjfP,esterase,serine-type peptidase activity|0008236||IEA,"GO:0006508,GO:0008236"
GCF_000597845.1|WP_000570540.1,11,Core,lpxK,tetraacyldisaccharide 4'-kinase,tetraacyldisaccharide 4'-kinase activity|0009029||IEA,"GO:0009245,GO:0009029"
GCF_000597845.1|WP_000570668.1,11,Core,typA,ribosome-dependent GTPase TypA,,
GCF_000597845.1|WP_000571479.1,11,Core,znuB,zinc ABC transporter permease subunit ZnuB,ATPase-coupled transmembrane transporter activity|0042626||IEA,"GO:0055085,GO:0042626"
GCF_000597845.1|WP_000572176.1,11,Core,ugpE,sn-glycerol-3-phosphate ABC transporter permease UgpE,,"GO:0015794,GO:0005886,GO:0055052"
GCF_000597845.1|WP_000572462.1,11,Core,ygfM,molybdopterin-dependent oxidoreductase FAD-binding subunit,,
GCF_000597845.1|WP_000572670.1,11,Core,mukB,chromosome partition protein MukB,DNA binding|0003677||IEA,"GO:0007059,GO:0030261,GO:0003677"
GCF_000597845.1|WP_000573321.1,11,Core,srlA,PTS glucitol/sorbitol transporter subunit IIC,,"GO:0009401,GO:0015795"
GCF_000597845.1|WP_000573621.1,11,Core,metR,HTH-type transcriptional regulator MetR,DNA-binding transcription factor activity|0003700||IEA,"GO:0006355,GO:0003700"
GCF_000597845.1|WP_000573945.1,11,Core,cusA,Cu(+)/Ag(+) efflux RND transporter permease subunit CusA,,
GCF_000597845.1|WP_000574091.1,11,Core,elaA,GNAT family N-acetyltransferase,,
GCF_000597845.1|WP_000577553.1,11,Core,menE,o-succinylbenzoate--CoA ligase,"ATP binding|0005524||IEA,o-succinylbenzoate-CoA ligase activity|0008756||IEA","GO:0009234,GO:0005524,GO:0008756"
GCF_000597845.1|WP_000578083.1,11,Core,radD,DEAD/DEAH box helicase,"nucleic acid binding|0003676||IEA,helicase activity|0004386||IEA,ATP binding|0005524||IEA,ATP hydrolysis activity|0016887||IEA","GO:0003676,GO:0004386,GO:0005524,GO:0016887"
GCF_000597845.1|WP_000579833.1,11,Core,rplC,50S ribosomal protein L3,structural constituent of ribosome|0003735||IEA,"GO:0006412,GO:0003735,GO:0005840"
GCF_000597845.1|WP_000580316.1,11,Core,potC,spermidine/putrescine ABC transporter permease PotC,,GO:0055085
GCF_000597845.1|WP_000580327.1,11,Core,ruvA,Holliday junction branch migration protein RuvA,"DNA helicase activity|0003678||IEA,four-way junction helicase activity|0009378||IEA","GO:0006281,GO:0006310,GO:0003678,GO:0009378,GO:0009379"
GCF_000597845.1|WP_000581937.1,11,Core,mazE,type II toxin-antitoxin system antitoxin MazE,,
GCF_000597845.1|WP_000583615.1,11,Core,xdhD,molybdopterin-dependent oxidoreductase Mo/Fe-S-binding subunit,,
GCF_000597845.1|WP_000584109.1,11,Core,lptF,LPS export ABC transporter permease LptF,lipopolysaccharide transmembrane transporter activity|0015221||IEA,"GO:0055085,GO:0015221,GO:0043190"
GCF_000597845.1|WP_000584546.1,11,Core,folC,bifunctional tetrahydrofolate synthase/dihydrofolate synthase,"tetrahydrofolylpolyglutamate synthase activity|0004326||IEA,ATP binding|0005524||IEA,ligase activity|0016874||IEA","GO:0009396,GO:0004326,GO:0005524,GO:0016874"
GCF_000597845.1|WP_000586324.1,11,Core,phnM,alpha-D-ribose 1-methylphosphonate 5-triphosphate diphosphatase,hydrolase activity%2C acting on carbon-nitrogen (but not peptide) bonds|0016810||IEA,"GO:0019700,GO:0016810"
GCF_000597845.1|WP_000586445.1,11,Core,hisA,1-(5-phosphoribosyl)-5-[(5-phosphoribosylamino)methylideneamino]imidazole-4-carboxamide isomerase,1-(5-phosphoribosyl)-5-[(5-phosphoribosylamino)methylideneamino]imidazole-4-carboxamide isomerase activity|0003949||IEA,"GO:0000105,GO:0003949"
GCF_000597845.1|WP_000586744.1,11,Core,tehB,tellurite resistance methyltransferase TehB,S-adenosylmethionine-dependent methyltransferase activity|0008757||IEA,"GO:0046690,GO:0008757"
GCF_000597845.1|WP_000586977.1,11,Core,lldD,quinone-dependent L-lactate dehydrogenase,,
GCF_000597845.1|WP_000587764.1,11,Core,rfaD,ADP-glyceromanno-heptose 6-epimerase,ADP-glyceromanno-heptose 6-epimerase activity|0008712||IEA,"GO:0005975,GO:0008712"
GCF_000597845.1|WP_000587933.1,11,Core,ycfP,alpha/beta hydrolase YcfP,,
GCF_000597845.1|WP_000588474.1,11,Core,ftsA,cell division protein FtsA,protein binding|0005515||IEA,"GO:0051301,GO:0005515"
GCF_000597845.1|WP_000589068.1,11,Core,rseC,SoxR-reducing system protein RseC,,
GCF_000597845.1|WP_000589359.1,6,Accessory,,hypothetical protein,,
GCF_000597845.1|WP_000589409.1,10,Accessory,cpdB,2'%2C3'-cyclic-nucleotide 2'-phosphodiesterase,2'%2C3'-cyclic-nucleotide 2'-phosphodiesterase activity|0008663||IEA,"GO:0009117,GO:0008663"
GCF_000597845.1|WP_000589847.1,11,Core,yfiB,OmpA family protein,,
GCF_000597845.1|WP_000590347.1,9,Accessory,yecU,protein YecU,,
GCF_000597845.1|WP_000590403.1,10,Accessory,otnK,3-oxo-tetronate kinase,"ATP binding|0005524||IEA,kinase activity|0016301||IEA","GO:0005975,GO:0005524,GO:0016301"
GCF_000597845.1|WP_000591795.1,11,Core,pfkA,6-phosphofructokinase,ATP binding|0005524||IEA,"GO:0006002,GO:0006096,GO:0005524"
GCF_000597845.1|WP_000592826.1,10,Accessory,dgcZ,diguanylate cyclase DgcZ,,
GCF_000597845.1|WP_000593273.1,11,Core,gshB,glutathione synthase,"glutathione synthase activity|0004363||IEA,ATP binding|0005524||IEA,metal ion binding|0046872||IEA","GO:0006750,GO:0004363,GO:0005524,GO:0046872"
GCF_000597845.1|WP_000593938.1,9,Accessory,ybhJ,hydratase,,
GCF_000597845.1|WP_000593994.1,11,Core,metN,methionine ABC transporter ATP-binding protein MetN,"ATP binding|0005524||IEA,ABC-type D-methionine transporter activity|0033232||IEA","GO:0048473,GO:0005524,GO:0033232,GO:0009276"
GCF_000597845.1|WP_000594911.1,1,Singleton,,AbiJ-NTD4 domain-containing protein,,
GCF_000597845.1|WP_000595482.1,11,Core,lpxC,UDP-3-O-acyl-N-acetylglucosamine deacetylase,UDP-3-O-acyl-N-acetylglucosamine deacetylase activity|0103117||IEA,"GO:0009245,GO:0103117"
GCF_000597845.1|WP_000595505.1,11,Core,yjbG,capsule biosynthesis GfcC family protein,,
GCF_000597845.1|WP_000596085.1,11,Core,yaiO,YaiO family outer membrane beta-barrel protein,,
GCF_000597845.1|WP_000597196.1,11,Core,slyB,outer membrane lipoprotein SlyB,,
GCF_000597845.1|WP_000597260.1,11,Core,carA,glutamine-hydrolyzing carbamoyl-phosphate synthase small subunit,carbamoyl-phosphate synthase (glutamine-hydrolyzing) activity|0004088||IEA,"GO:0006207,GO:0006541,GO:0004088"
GCF_000597845.1|WP_000598619.1,11,Core,moaD,molybdopterin synthase sulfur carrier subunit,,GO:0006777
GCF_000597845.1|WP_000598641.1,11,Core,btsR,two-component system response regulator BtsR,,
GCF_000597845.1|WP_000599806.1,11,Core,ybjD,ATP-dependent endonuclease,,
GCF_000597845.1|WP_000600492.1,11,Core,menH,2-succinyl-6-hydroxy-2%2C4-cyclohexadiene-1-carboxylate synthase,2-succinyl-6-hydroxy-2%2C4-cyclohexadiene-1-carboxylate synthase activity|0070205||IEA,"GO:0009234,GO:0070205"
GCF_000597845.1|WP_000601847.1,11,Core,pabA,aminodeoxychorismate synthase component 2,,
GCF_000597845.1|WP_000604034.1,11,Core,modB,molybdate ABC transporter permease subunit,molybdate ion transmembrane transporter activity|0015098||IEA,"GO:0015689,GO:0015098,GO:0016020"
GCF_000597845.1|WP_000605090.1,10,Accessory,ynaJ,DUF2534 family protein,,
GCF_000597845.1|WP_000605480.1,11,Core,ybjH,protein YbjH,,
GCF_000597845.1|WP_000606257.1,11,Core,eutK,ethanolamine utilization microcompartment protein EutK,,
GCF_000597845.1|WP_000606525.1,11,Core,meaB,methylmalonyl Co-A mutase-associated GTPase MeaB,"GTPase activity|0003924||IEA,GTP binding|0005525||IEA","GO:0003924,GO:0005525"
GCF_000597845.1|WP_000609275.1,11,Core,yfdY,YfdY family protein,,
GCF_000597845.1|WP_000609663.1,11,Core,frdD,fumarate reductase subunit FrdD,,
GCF_000597845.1|WP_000610451.1,8,Accessory,pgaC,poly-beta-1%2C6-N-acetyl-D-glucosamine synthase,acetylglucosaminyltransferase activity|0008375||IEA,"GO:0042710,GO:0008375"
GCF_000597845.1|WP_000610634.1,7,Accessory,gspJ,type II secretion system minor pseudopilin GspJ,,
GCF_000597845.1|WP_000610901.1,11,Core,apaG,Co2+/Mg2+ efflux protein ApaG,,
GCF_000597845.1|WP_000611812.1,11,Core,gshA,glutamate--cysteine ligase,glutamate-cysteine ligase activity|0004357||IEA,"GO:0006750,GO:0004357"
GCF_000597845.1|WP_000611859.1,6,Accessory,ycdU,protein YcdU,,
GCF_000597845.1|WP_000611911.1,8,Accessory,fnr,fumarate/nitrate reduction transcriptional regulator Fnr,,
GCF_000597845.1|WP_000611928.1,3,Accessory,,hypothetical protein,,
GCF_000597845.1|WP_000612043.1,11,Core,rffA,dTDP-4-amino-4%2C6-dideoxygalactose transaminase,dTDP-4-amino-4%2C6-dideoxygalactose transaminase activity|0019180||IEA,"GO:0009246,GO:0019180"
GCF_000597845.1|WP_000612644.1,11,Core,nuoK,NADH-quinone oxidoreductase subunit NuoK,oxidoreductase activity%2C acting on NAD(P)H|0016651||IEA,"GO:0042773,GO:0016651"
GCF_000597845.1|WP_000613955.1,11,Core,rplN,50S ribosomal protein L14,structural constituent of ribosome|0003735||IEA,"GO:0006412,GO:0003735,GO:0015934"
GCF_000597845.1|WP_000615067.1,10,Accessory,ycgY,protein YcgY,,
GCF_000597845.1|WP_000615821.1,10,Accessory,flk,flagella biosynthesis regulator Flk,,"GO:0010468,GO:0016020"
GCF_000597845.1|WP_000616554.1,11,Core,ychE,NAAT family transporter YchE,,
GCF_000597845.1|WP_000617115.1,11,Core,narI,respiratory nitrate reductase subunit gamma,nitrate reductase activity|0008940||IEA,"GO:0019645,GO:0008940,GO:0009325"
GCF_000597845.1|WP_000617544.1,11,Core,rplW,50S ribosomal protein L23,,
GCF_000597845.1|WP_000617698.1,11,Core,ygjR,Gfo/Idh/MocA family protein,"nucleotide binding|0000166||IEA,catalytic activity|0003824||IEA","GO:0000166,GO:0003824"
GCF_000597845.1|WP_000618110.1,4,Accessory,,DinI-like family protein,,
GCF_000597845.1|WP_000619389.1,11,Core,nfuA,Fe-S biogenesis protein NfuA,4 iron%2C 4 sulfur cluster binding|0051539||IEA,"GO:0016226,GO:0051604,GO:0051539"
GCF_000597845.1|WP_000619493.1,11,Core,rhaM,L-rhamnose mutarotase,"racemase and epimerase activity%2C acting on carbohydrates and derivatives|0016857||IEA,L-rhamnose mutarotase activity|0062192||IEA","GO:0019299,GO:0016857,GO:0062192,GO:0005737"
GCF_000597845.1|WP_000620410.1,11,Core,yrbL,PhoP regulatory network protein YrbL,,
GCF_000597845.1|WP_000620888.1,11,Core,yidQ,YceK/YidQ family lipoprotein,,
GCF_000597845.1|WP_000621340.1,11,Core,yicC,YicC/YloC family endoribonuclease,hydrolase activity%2C acting on ester bonds|0016788||IEA,GO:0016788
GCF_000597845.1|WP_000621515.1,11,Core,panD,aspartate 1-decarboxylase,aspartate 1-decarboxylase activity|0004068||IEA,"GO:0006523,GO:0004068"
GCF_000597845.1|WP_000621656.1,11,Core,yihV,sulfofructose kinase,,
GCF_000597845.1|WP_000622290.1,11,Core,lrhA,transcriptional regulator LrhA,DNA-binding transcription factor activity|0003700||IEA,"GO:0006355,GO:0003700"
GCF_000597845.1|WP_000622357.1,11,Core,citE,citrate (pro-3S)-lyase subunit beta,citrate (pro-3S)-lyase activity|0008815||IEA,"GO:0006084,GO:0006113,GO:0008815,GO:0005737,GO:0009346"
GCF_000597845.1|WP_000622418.1,11,Core,frr,ribosome recycling factor,translation factor activity%2C RNA binding|0008135||IEA,"GO:0006412,GO:0008135"
GCF_000597845.1|WP_000623136.1,11,Core,ptsI,phosphoenolpyruvate-protein phosphotransferase PtsI,,
GCF_000597845.1|WP_000624375.1,11,Core,folA,type 3 dihydrofolate reductase,dihydrofolate reductase activity|0004146||IEA,"GO:0046654,GO:0004146"
GCF_000597845.1|WP_000625625.1,7,Accessory,yaeI,phosphodiesterase YaeI,,
GCF_000597845.1|WP_000625658.1,11,Core,ftsL,cell division protein FtsL,,
GCF_000597845.1|WP_000626187.1,11,Core,uspB,universal stress protein UspB,,
GCF_000597845.1|WP_000626410.1,11,Core,sdaB,L-serine ammonia-lyase II,,
GCF_000597845.1|WP_000626688.1,11,Core,murF,UDP-N-acetylmuramoyl-tripeptide--D-alanyl-D-alanine ligase,"ATP binding|0005524||IEA,UDP-N-acetylmuramoyl-tripeptide-D-alanyl-D-alanine ligase activity|0047480||IEA","GO:0009058,GO:0071555,GO:0005524,GO:0047480"
GCF_000597845.1|WP_000627807.1,11,Core,grcA,autonomous glycyl radical cofactor GrcA,catalytic activity|0003824||IEA,GO:0003824
GCF_000597845.1|WP_000627995.1,11,Core,ppnN,nucleotide 5'-monophosphate nucleosidase PpnN,,
GCF_000597845.1|WP_000632293.1,9,Accessory,paaK,phenylacetate--CoA ligase PaaK,phenylacetate-CoA ligase activity|0047475||IEA,"GO:0010124,GO:0047475"
GCF_000597845.1|WP_000633668.1,11,Core,uhpA,transcriptional regulator UhpA,DNA binding|0003677||IEA,"GO:0006355,GO:0003677"
GCF_000597845.1|WP_000634159.1,11,Core,yrhB,YrhB family protein,,
GCF_000597845.1|WP_000635545.1,11,Core,arfB,alternative ribosome rescue aminoacyl-tRNA hydrolase ArfB,translation release factor activity|0003747||IEA,"GO:0006415,GO:0003747"
GCF_000597845.1|WP_000637041.1,11,Core,yejA,extracellular solute-binding protein,,
GCF_000597845.1|WP_000637082.1,11,Core,yneE,bestrophin family protein,chloride channel activity|0005254||IEA,GO:0005254
GCF_000597845.1|WP_000637848.1,11,Core,setA,sugar efflux transporter SetA,,
GCF_000597845.1|WP_000637982.1,11,Core,menI,1%2C4-dihydroxy-2-naphthoyl-CoA hydrolase,,
GCF_000597845.1|WP_000638031.1,11,Core,arnE,4-amino-4-deoxy-L-arabinose-phosphoundecaprenol flippase subunit ArnE,,
GCF_000597845.1|WP_000638547.1,1,Singleton,,protease FtsH-inhibitory lysogeny factor CIII,,
GCF_000597845.1|WP_000639208.1,3,Accessory,,transposase,,
GCF_000597845.1|WP_000639434.1,1,Singleton,,hypothetical protein,,
GCF_000597845.1|WP_000639811.1,11,Core,yhhW,quercetin 2%2C3-dioxygenase,,
GCF_000597845.1|WP_000642196.1,11,Core,ftsI,peptidoglycan glycosyltransferase FtsI,,
GCF_000597845.1|WP_000642433.1,11,Core,adhP,alcohol dehydrogenase AdhP,,
GCF_000597845.1|WP_000642489.1,10,Accessory,yibG,sel1 repeat family protein,,
GCF_000597845.1|WP_000642771.1,1,Singleton,,hypothetical protein,,
GCF_000597845.1|WP_000642849.1,11,Core,ycaP,DUF421 domain-containing protein,,GO:0016020
GCF_000597845.1|WP_000643332.1,10,Accessory,paoB,aldehyde oxidoreductase FAD-binding subunit PaoB,,
GCF_000597845.1|WP_000643397.1,11,Core,rna,ribonuclease I,,
GCF_000597845.1|WP_000644685.1,11,Core,mltD,murein transglycosylase D,peptidoglycan lytic transglycosylase activity|0008933||IEA,"GO:0000270,GO:0008933,GO:0016020"
GCF_000597845.1|WP_000644741.1,11,Core,rpmC,50S ribosomal protein L29,structural constituent of ribosome|0003735||IEA,"GO:0006412,GO:0003735,GO:0005840"
GCF_000597845.1|WP_000645420.1,11,Core,mtlD,mannitol-1-phosphate 5-dehydrogenase,mannitol-1-phosphate 5-dehydrogenase activity|0008926||IEA,"GO:0019594,GO:0008926"
GCF_000597845.1|WP_000646033.1,11,Core,dolP,division/outer membrane stress-associated lipid-binding lipoprotein,,GO:0006970
GCF_000597845.1|WP_000646078.1,11,Core,lexA,transcriptional repressor LexA,serine-type endopeptidase activity|0004252||IEA,"GO:0009432,GO:0045892,GO:0004252"
GCF_000597845.1|WP_000648420.1,11,Core,lpp,murein lipoprotein Lpp,,
GCF_000597845.1|WP_000648572.1,11,Core,yafC,DNA-binding transcriptional regulator YafC,DNA-binding transcription factor activity|0003700||IEA,"GO:0006355,GO:0003700"
GCF_000597845.1|WP_000648976.1,10,Accessory,mngB,mannosylglycerate hydrolase,alpha-mannosidase activity|0004559||IEA,"GO:0006013,GO:0004559"
GCF_000597845.1|WP_000650107.1,7,Accessory,mqsA,type II toxin-antitoxin system antitoxin MqsA,,
GCF_000597845.1|WP_000651599.1,11,Core,can,carbonate dehydratase,"carbonate dehydratase activity|0004089||IEA,zinc ion binding|0008270||IEA","GO:0015976,GO:0004089,GO:0008270"
GCF_000597845.1|WP_000651752.1,8,Accessory,,DUF1427 family protein,,
GCF_000597845.1|WP_000653944.1,11,Core,rpoC,DNA-directed RNA polymerase subunit beta',"DNA binding|0003677||IEA,DNA-directed RNA polymerase activity|0003899||IEA","GO:0006351,GO:0003677,GO:0003899"
GCF_000597845.1|WP_000654614.1,11,Core,birA,bifunctional biotin--[acetyl-CoA-carboxylase] ligase/biotin operon repressor BirA,biotin--[biotin carboxyl-carrier protein] ligase activity|0004077||IEA,"GO:0036211,GO:0004077"
GCF_000597845.1|WP_000657676.1,11,Core,ytiA,DUF3343 domain-containing protein,,
GCF_000597845.1|WP_000658652.1,9,Accessory,cynT,carbonic anhydrase CynT,,
GCF_000597845.1|WP_000660483.1,11,Core,hslR,ribosome-associated heat shock protein Hsp15,,
GCF_000597845.1|WP_000660586.1,10,Accessory,,hypothetical protein,,
GCF_000597845.1|WP_000660788.1,11,Core,hcaD,phenylpropionate dioxygenase ferredoxin reductase subunit,,
GCF_000597845.1|WP_000662258.1,10,Accessory,ykgR,small membrane protein YkgR,,
GCF_000597845.1|WP_000665120.1,9,Accessory,yahJ,amidohydrolase family protein,,
GCF_000597845.1|WP_000665676.1,11,Core,yibL,YibL family ribosome-associated protein,,
GCF_000597845.1|WP_000667319.1,11,Core,tgt,tRNA guanosine(34) transglycosylase Tgt,tRNA-guanosine(34) queuine transglycosylase activity|0008479||IEA,"GO:0006400,GO:0008479,GO:0005737"
GCF_000597845.1|WP_000668682.1,11,Core,thiI,tRNA uracil 4-sulfurtransferase ThiI,tRNA-uracil-4 sulfurtransferase activity|0140741||IEA,"GO:0006400,GO:0009228,GO:0140741"
GCF_000597845.1|WP_000669785.1,11,Core,lptA,lipopolysaccharide ABC transporter substrate-binding protein LptA,,
GCF_000597845.1|WP_000669834.1,11,Core,yggE,oxidative stress defense protein,,
GCF_000597845.1|WP_000670998.1,11,Core,ydhI,DUF1656 domain-containing protein,,GO:0016020
GCF_000597845.1|WP_000671574.1,11,Core,gsk,inosine/guanosine kinase,,
GCF_000597845.1|WP_000671731.1,10,Accessory,ydeI,YdeI family stress tolerance OB fold protein,,
GCF_000597845.1|WP_000672417.1,11,Core,pheT,phenylalanine--tRNA ligase subunit beta,"magnesium ion binding|0000287||IEA,phenylalanine-tRNA ligase activity|0004826||IEA,ATP binding|0005524||IEA","GO:0006432,GO:0000287,GO:0004826,GO:0005524"
GCF_000597845.1|WP_000673402.1,11,Core,qseC,quorum sensing histidine kinase QseC,phosphorelay sensor kinase activity|0000155||IEA,"GO:0007165,GO:0000155"
GCF_000597845.1|WP_000673464.1,11,Core,dnaN,DNA polymerase III subunit beta,"DNA binding|0003677||IEA,DNA-directed DNA polymerase activity|0003887||IEA","GO:0006260,GO:0003677,GO:0003887,GO:0009360"
GCF_000597845.1|WP_000673572.1,11,Core,cgtA,Obg family GTPase CgtA,"magnesium ion binding|0000287||IEA,GTPase activity|0003924||IEA,GTP binding|0005525||IEA","GO:0000287,GO:0003924,GO:0005525"
GCF_000597845.1|WP_000673918.1,11,Core,xthA,exodeoxyribonuclease III,"DNA binding|0003677||IEA,endonuclease activity|0004519||IEA,double-stranded DNA 3'-5' DNA exonuclease activity|0008311||IEA","GO:0006281,GO:0003677,GO:0004519,GO:0008311"
GCF_000597845.1|WP_000675146.1,11,Core,baeS,two-component system sensor histidine kinase BaeS,phosphorelay sensor kinase activity|0000155||IEA,"GO:0007165,GO:0016310,GO:0000155,GO:0016020"
GCF_000597845.1|WP_000675504.1,11,Core,bfr,bacterioferritin,"ferroxidase activity|0004322||IEA,ferric iron binding|0008199||IEA","GO:0006879,GO:0004322,GO:0008199"
GCF_000597845.1|WP_000675733.1,11,Core,yhaB,protein YhaB,,
GCF_000597845.1|WP_000676919.1,5,Accessory,ygeQ,protein YgeQ,,
GCF_000597845.1|WP_000678201.1,11,Core,htpG,molecular chaperone HtpG,"ATP binding|0005524||IEA,ATP hydrolysis activity|0016887||IEA,unfolded protein binding|0051082||IEA","GO:0006457,GO:0005524,GO:0016887,GO:0051082"
GCF_000597845.1|WP_000678646.1,11,Core,mltA,murein transglycosylase A,hydrolase activity%2C hydrolyzing O-glycosyl compounds|0004553||IEA,"GO:0009254,GO:0004553,GO:0019867"
GCF_000597845.1|WP_000679029.1,11,Core,mdtA,multidrug efflux RND transporter subunit MdtA,,
GCF_000597845.1|WP_000679090.1,6,Accessory,hpaG,4-hydroxyphenylacetate degradation bifunctional isomerase/decarboxylase,"5-carboxymethyl-2-hydroxymuconate delta-isomerase activity|0008704||IEA,5-oxopent-3-ene-1%2C2%2C5-tricarboxylate decarboxylase activity|0018800||IEA","GO:1901023,GO:0008704,GO:0018800"
GCF_000597845.1|WP_000680314.1,11,Core,ybaV,helix-hairpin-helix domain-containing protein,,
GCF_000597845.1|WP_000681108.1,11,Core,ybjM,inner membrane protein YbjM,,
GCF_000597845.1|WP_000681368.1,11,Core,nhaA,Na+/H+ antiporter NhaA,sodium:proton antiporter activity|0015385||IEA,"GO:0006814,GO:0006885,GO:0015385,GO:0016020"
GCF_000597845.1|WP_000682514.1,11,Core,ybdJ,DUF1158 domain-containing protein,,
GCF_000597845.1|WP_000683335.1,11,Core,hpt,hypoxanthine phosphoribosyltransferase,,GO:0006166
GCF_000597845.1|WP_000684321.1,11,Core,rimK,30S ribosomal protein S6--L-glutamate ligase,"ATP binding|0005524||IEA,metal ion binding|0046872||IEA","GO:0036211,GO:0005524,GO:0046872"
GCF_000597845.1|WP_000684856.1,11,Core,fecD,Fe(3+) dicitrate ABC transporter permease subunit FecD,,
GCF_000597845.1|WP_000685029.1,11,Core,amtB,ammonium transporter AmtB,ammonium channel activity|0008519||IEA,"GO:0072488,GO:0008519,GO:0005886"
GCF_000597845.1|WP_000686620.1,11,Core,rsmJ,16S rRNA (guanine(1516)-N(2))-methyltransferase RsmJ,rRNA (guanine-N2-)-methyltransferase activity|0008990||IEA,"GO:0031167,GO:0008990"
GCF_000597845.1|WP_000687141.1,11,Core,pxpA,5-oxoprolinase subunit PxpA,catalytic activity|0003824||IEA,"GO:0005975,GO:0003824"
GCF_000597845.1|WP_000687705.1,10,Accessory,yggC,nucleoside/nucleotide kinase family protein,,
GCF_000597845.1|WP_000687870.1,1,Singleton,,helix-turn-helix domain-containing protein,DNA binding|0003677||IEA,GO:0003677
GCF_000597845.1|WP_000689228.1,11,Core,ytfK,DUF1107 domain-containing protein,,
GCF_000597845.1|WP_000689844.1,11,Core,mtnN,5'-methylthioadenosine/S-adenosylhomocysteine nucleosidase,"adenosylhomocysteine nucleosidase activity|0008782||IEA,methylthioadenosine nucleosidase activity|0008930||IEA","GO:0009164,GO:0019509,GO:0008782,GO:0008930"
GCF_000597845.1|WP_000691382.1,11,Core,trkA,Trk system potassium transporter TrkA,potassium ion transmembrane transporter activity|0015079||IEA,"GO:0006813,GO:0015079,GO:0016020"
GCF_000597845.1|WP_000691619.1,11,Core,yqhG,YbjP/YqhG family protein,,
GCF_000597845.1|WP_000691708.1,11,Core,yohP,small membrane protein YohP,,
GCF_000597845.1|WP_000691930.1,11,Core,yoaF,DUF333 domain-containing lipoprotein YoaF,,
GCF_000597845.1|WP_000692154.1,11,Core,ydiQ,electron transfer flavoprotein,,
GCF_000597845.1|WP_000695220.1,11,Core,pliG,g-type lysoyme inhibitor PliG,,
GCF_000597845.1|WP_000695387.1,11,Core,malE,maltose/maltodextrin ABC transporter substrate-binding protein MalE,carbohydrate transmembrane transporter activity|0015144||IEA,"GO:0008643,GO:0055085,GO:0015144"
GCF_000597845.1|WP_000695655.1,11,Core,gltX,glutamate--tRNA ligase,"nucleotide binding|0000166||IEA,glutamate-tRNA ligase activity|0004818||IEA,ATP binding|0005524||IEA","GO:0006424,GO:0000166,GO:0004818,GO:0005524"
GCF_000597845.1|WP_000695892.1,5,Accessory,,TRAP transporter substrate-binding protein,,
GCF_000597845.1|WP_000698145.1,11,Core,ynbE,YnbE family lipoprotein,,
GCF_000597845.1|WP_000699121.1,11,Core,pdxB,4-phosphoerythronate dehydrogenase PdxB,"4-phosphoerythronate dehydrogenase activity|0033711||IEA,protein dimerization activity|0046983||IEA,NAD binding|0051287||IEA","GO:0008615,GO:0033711,GO:0046983,GO:0051287"
GCF_000597845.1|WP_000699225.1,11,Core,rfaF,ADP-heptose--LPS heptosyltransferase RfaF,glycosyltransferase activity|0016757||IEA,"GO:0009103,GO:0016757"
GCF_000597845.1|WP_000700703.1,11,Core,citD,citrate lyase acyl carrier protein,citrate (pro-3S)-lyase activity|0008815||IEA,"GO:0006113,GO:0008815,GO:0005737,GO:0009346"
GCF_000597845.1|WP_000701040.1,11,Core,ydhP,MFS transporter,transmembrane transporter activity|0022857||IEA,"GO:0055085,GO:0022857,GO:0005886,GO:0016020"
GCF_000597845.1|WP_000702660.1,11,Core,narH,nitrate reductase subunit beta,nitrate reductase activity|0008940||IEA,"GO:0042126,GO:0008940,GO:0009325"
GCF_000597845.1|WP_000705211.1,10,Accessory,ynfB,DUF1283 family protein,,
GCF_000597845.1|WP_000705865.1,11,Core,panE,2-dehydropantoate 2-reductase,2-dehydropantoate 2-reductase activity|0008677||IEA,"GO:0015940,GO:0008677"
GCF_000597845.1|WP_000706344.1,11,Core,glxK,glycerate 3-kinase,,
GCF_000597845.1|WP_000709865.1,11,Core,cusF,Cu(+)/Ag(+) efflux RND transporter periplasmic metallochaperone CusF,,
GCF_000597845.1|WP_000710375.1,10,Accessory,ada,bifunctional DNA-binding transcriptional regulator/O6-methylguanine-DNA methyltransferase Ada,DNA-binding transcription factor activity|0003700||IEA,"GO:0006281,GO:0006355,GO:0003700"
GCF_000597845.1|WP_000710769.1,11,Core,rpmE,50S ribosomal protein L31,structural constituent of ribosome|0003735||IEA,"GO:0006412,GO:0003735,GO:0005840"
GCF_000597845.1|WP_000712658.1,11,Core,ygiW,OB fold stress tolerance protein YgiW,,
GCF_000597845.1|WP_000714550.1,11,Core,mgrB,PhoP/PhoQ regulator MgrB,,
GCF_000597845.1|WP_000715214.1,11,Core,dsbC,bifunctional protein-disulfide isomerase/oxidoreductase DsbC,,GO:0042597
GCF_000597845.1|WP_000715936.1,9,Accessory,rbsD,D-ribose pyranase,intramolecular lyase activity|0016872||IEA,GO:0016872
GCF_000597845.1|WP_000716398.1,10,Accessory,ecpB,fimbrial chaperone EcpB,,
GCF_000597845.1|WP_000716757.1,11,Core,yegR,protein YegR,,
GCF_000597845.1|WP_000716794.1,9,Accessory,rpiB,bifunctional allose-6-phosphate isomerase/ribose-5-phosphate isomerase RpiB,,
GCF_000597845.1|WP_000716937.1,11,Core,ydhS,FAD-NAD(P)-binding protein,,
GCF_000597845.1|WP_000717157.1,11,Core,cusB,Cu(+)/Ag(+) efflux RND transporter periplasmic adaptor subunit CusB,,
GCF_000597845.1|WP_000717694.1,11,Core,glnB,nitrogen regulatory protein P-II,,
GCF_000597845.1|WP_000719051.1,1,Singleton,,DUF2164 domain-containing protein,,
GCF_000597845.1|WP_000719088.1,11,Core,ydjF,DeoR/GlpR family DNA-binding transcription regulator,"DNA binding|0003677||IEA,DNA-binding transcription factor activity|0003700||IEA","GO:0003677,GO:0003700"
GCF_000597845.1|WP_000719728.1,11,Core,yhfU,DUF2620 domain-containing protein,,
GCF_000597845.1|WP_000719886.1,10,Accessory,yjcO,Sel1 family TPR-like repeat protein YjcO,,
GCF_000597845.1|WP_000719962.1,11,Core,yfeK,YfeK family protein,,
GCF_000597845.1|WP_000719990.1,11,Core,tdcF,enamine/imine deaminase,,
GCF_000597845.1|WP_000720960.1,1,Singleton,ynfN,protein YnfN,,
GCF_000597845.1|WP_000721664.1,11,Core,yiaM,2%2C3-diketo-L-gulonate TRAP transporter small permease YiaM,,GO:0031317
GCF_000597845.1|WP_000722957.1,9,Accessory,ttdB,L(+)-tartrate dehydratase subunit beta,hydro-lyase activity|0016836||IEA,GO:0016836
GCF_000597845.1|WP_000723652.1,9,Accessory,ybhH,4-oxalomesaconate tautomerase,,
GCF_000597845.1|WP_000724173.1,11,Core,fucI,L-fucose isomerase,"L-fucose isomerase activity|0008736||IEA,manganese ion binding|0030145||IEA","GO:0019317,GO:0008736,GO:0030145,GO:0005737"
GCF_000597845.1|WP_000725337.1,11,Core,dsbA,thiol:disulfide interchange protein DsbA,oxidoreductase activity|0016491||IEA,GO:0016491
GCF_000597845.1|WP_000725700.1,1,Singleton,,STY1053 family phage-associated protein,,
GCF_000597845.1|WP_000726695.1,11,Core,ydeP,acid resistance putative oxidoreductase YdeP,,
GCF_000597845.1|WP_000726974.1,11,Core,ymgG,YMGG-like glycine zipper-containing protein,,
GCF_000597845.1|WP_000729117.1,11,Core,groL,chaperonin GroEL,ATP-dependent protein folding chaperone|0140662||IEA,"GO:0042026,GO:0140662"
GCF_000597845.1|WP_000729160.1,11,Core,folD,bifunctional methylenetetrahydrofolate dehydrogenase/methenyltetrahydrofolate cyclohydrolase FolD,methylenetetrahydrofolate dehydrogenase (NADP+) activity|0004488||IEA,GO:0004488
GCF_000597845.1|WP_000729185.1,11,Core,rplX,50S ribosomal protein L24,structural constituent of ribosome|0003735||IEA,"GO:0006412,GO:0003735,GO:0005840"
GCF_000597845.1|WP_000730252.1,11,Core,gntR,gluconate operon transcriptional repressor GntR,"DNA binding|0003677||IEA,DNA-binding transcription factor activity|0003700||IEA","GO:0006355,GO:0003677,GO:0003700"
GCF_000597845.1|WP_000730614.1,10,Accessory,ycbU,fimbrial protein,,"GO:0007155,GO:0009289"
GCF_000597845.1|WP_000730806.1,11,Core,smrB,endonuclease SmrB,,
GCF_000597845.1|WP_000731833.1,11,Core,,periplasmic protein,,
GCF_000597845.1|WP_000732240.1,11,Core,yqjF,DoxX family protein,,GO:0005886
GCF_000597845.1|WP_000732292.1,1,Singleton,merP,mercury resistance system periplasmic binding protein MerP,mercury ion binding|0045340||IEA,"GO:0046689,GO:0045340,GO:0042597"
GCF_000597845.1|WP_000732510.1,11,Core,rstB,two-component system sensor histidine kinase RstB,phosphorelay sensor kinase activity|0000155||IEA,"GO:0007165,GO:0016310,GO:0000155,GO:0016020"
GCF_000597845.1|WP_000733592.1,11,Core,chiQ,ChiQ/YbfN family lipoprotein,,
GCF_000597845.1|WP_000733916.1,11,Core,eutQ,ethanolamine utilization acetate kinase EutQ,,
GCF_000597845.1|WP_000734212.1,11,Core,mltF,membrane-bound lytic murein transglycosylase MltF,peptidoglycan lytic transglycosylase activity|0008933||IEA,"GO:0000270,GO:0008933,GO:0016020"
GCF_000597845.1|WP_000734287.1,11,Core,speD,adenosylmethionine decarboxylase,adenosylmethionine decarboxylase activity|0004014||IEA,"GO:0008295,GO:0004014"
GCF_000597845.1|WP_000734772.1,2,Accessory,,hypothetical protein,,
GCF_000597845.1|WP_000735257.1,10,Accessory,ompG,monomeric porin OmpG,,
GCF_000597845.1|WP_000735278.1,11,Core,tolC,outer membrane channel protein TolC,efflux transmembrane transporter activity|0015562||IEA,"GO:0055085,GO:0015562"
GCF_000597845.1|WP_000735411.1,11,Core,phoQ,two-component system sensor histidine kinase PhoQ,"phosphorelay sensor kinase activity|0000155||IEA,protein histidine kinase activity|0004673||IEA,transferase activity%2C transferring phosphorus-containing groups|0016772||IEA","GO:0000160,GO:0000155,GO:0004673,GO:0016772"
GCF_000597845.1|WP_000736158.1,11,Core,yceM,Gfo/Idh/MocA family protein,"nucleotide binding|0000166||IEA,catalytic activity|0003824||IEA","GO:0000166,GO:0003824"
GCF_000597845.1|WP_000736860.1,11,Core,yhfG,YhfG family protein,,
GCF_000597845.1|WP_000737007.1,11,Core,feoB,Fe(2+) transporter permease subunit FeoB,"GTP binding|0005525||IEA,ferrous iron transmembrane transporter activity|0015093||IEA","GO:0006826,GO:0005525,GO:0015093,GO:0016020"
GCF_000597845.1|WP_000737226.1,11,Core,ompW,outer membrane protein OmpW,,GO:0019867
GCF_000597845.1|WP_000737347.1,9,Accessory,ycjQ,zinc-dependent alcohol dehydrogenase,"zinc ion binding|0008270||IEA,oxidoreductase activity%2C acting on the CH-OH group of donors%2C NAD or NADP as acceptor|0016616||IEA,adenyl nucleotide binding|0030554||IEA","GO:0008270,GO:0016616,GO:0030554"
GCF_000597845.1|WP_000738423.1,9,Accessory,iss,increased serum survival lipoprotein Iss,,
GCF_000597845.1|WP_000738568.1,8,Accessory,,amino acid ABC transporter substrate-binding protein,"ATPase-coupled transmembrane transporter activity|0042626||IEA,ABC-type transporter activity|0140359||IEA","GO:0042626,GO:0140359,GO:0055052"
GCF_000597845.1|WP_000738723.1,11,Core,yaaX,DUF2502 domain-containing protein,,
GCF_000597845.1|WP_000740078.1,11,Core,msrP,protein-methionine-sulfoxide reductase catalytic subunit MsrP,"oxidoreductase activity%2C acting on a sulfur group of donors|0016667||IEA,molybdopterin cofactor binding|0043546||IEA","GO:0030091,GO:0016667,GO:0043546"
GCF_000597845.1|WP_000741131.1,11,Core,kdpA,potassium-transporting ATPase subunit KdpA,P-type potassium transmembrane transporter activity|0008556||IEA,"GO:0006813,GO:0008556,GO:0031004"
GCF_000597845.1|WP_000741620.1,11,Core,pstC,phosphate ABC transporter permease PstC,,"GO:0006817,GO:0055085,GO:0016020"
GCF_000597845.1|WP_000741828.1,11,Core,lysR,DNA-binding transcriptional regulator LysR,,
GCF_000597845.1|WP_000742107.1,11,Core,thiL,thiamine-phosphate kinase,thiamine-phosphate kinase activity|0009030||IEA,"GO:0009228,GO:0009030"
GCF_000597845.1|WP_000742141.1,11,Core,dam,adenine-specific DNA-methyltransferase,"nucleic acid binding|0003676||IEA,site-specific DNA-methyltransferase (adenine-specific) activity|0009007||IEA","GO:0003676,GO:0009007"
GCF_000597845.1|WP_000743444.1,11,Core,hlyD,secretion protein HlyD,,
GCF_000597845.1|WP_000744778.1,11,Core,rsmB,16S rRNA (cytosine(967)-C(5))-methyltransferase RsmB,"RNA binding|0003723||IEA,rRNA methyltransferase activity|0008649||IEA","GO:0001510,GO:0006355,GO:0006364,GO:0003723,GO:0008649"
GCF_000597845.1|WP_000745217.1,11,Core,yggM,DUF1202 family protein,,
GCF_000597845.1|WP_000745534.1,7,Accessory,yfeS,WGR domain-containing protein,,
GCF_000597845.1|WP_000746151.1,11,Core,lptD,LPS assembly protein LptD,,"GO:0015920,GO:0043165,GO:0019867"
GCF_000597845.1|WP_000746460.1,11,Core,macA,macrolide transporter subunit MacA,transmembrane transporter activity|0022857||IEA,"GO:1990961,GO:0022857,GO:0019898,GO:1990195"
GCF_000597845.1|WP_000747625.1,11,Core,yiaD,OmpA family lipoprotein,,GO:0009279
GCF_000597845.1|WP_000749261.1,11,Core,yceI,YceI family protein,,
GCF_000597845.1|WP_000752798.1,5,Accessory,casB,type I-E CRISPR-associated protein Cse2/CasB,,GO:0043571
GCF_000597845.1|WP_000753617.1,11,Core,fdhD,formate dehydrogenase accessory sulfurtransferase FdhD,sulfurtransferase activity|0016783||IEA,"GO:0009061,GO:0015942,GO:0016783,GO:0009326"
GCF_000597845.1|WP_000753690.1,11,Core,eutR,HTH-type transcriptional regulator EutR,DNA-binding transcription factor activity|0003700||IEA,"GO:0006355,GO:0003700"
GCF_000597845.1|WP_000754737.1,11,Core,yeeZ,SDR family oxidoreductase,"oxidoreductase activity|0016491||IEA,NAD binding|0051287||IEA","GO:0016491,GO:0051287"
GCF_000597845.1|WP_000755097.1,4,Accessory,,CS1 type fimbrial major subunit,,GO:0009289
GCF_000597845.1|WP_000755173.1,11,Core,yfgI,DUF5384 family protein,,
GCF_000597845.1|WP_000756550.1,11,Core,hdeA,acid-activated periplasmic chaperone HdeA,,
GCF_000597845.1|WP_000756569.1,11,Core,artI,arginine ABC transporter substrate-binding protein ArtI,ABC-type amino acid transporter activity|0015424||IEA,"GO:0015424,GO:0043190"
GCF_000597845.1|WP_000756838.1,11,Core,yceG,cell division protein YceG,,
GCF_000597845.1|WP_000757333.1,11,Core,yjbE,exopolysaccharide production protein YjbE,,
GCF_000597845.1|WP_000758074.1,11,Core,mqo,malate dehydrogenase (quinone),L-malate dehydrogenase (quinone) activity|0008924||IEA,"GO:0006099,GO:0008924"
GCF_000597845.1|WP_000758422.1,11,Core,fadD,long-chain-fatty-acid--CoA ligase FadD,,
GCF_000597845.1|WP_000758655.1,11,Core,ygdR,lipoprotein YgdR,,
GCF_000597845.1|WP_000758956.1,11,Core,skp,molecular chaperone Skp,,
GCF_000597845.1|WP_000759120.1,11,Core,pqiC,membrane integrity-associated transporter subunit PqiC,,
GCF_000597845.1|WP_000759317.1,11,Core,potD,spermidine/putrescine ABC transporter substrate-binding protein PotD,polyamine binding|0019808||IEA,"GO:0015846,GO:0019808,GO:0042597"
GCF_000597845.1|WP_000761225.1,11,Core,malS,alpha-amylase,alpha-amylase activity|0004556||IEA,GO:0004556
GCF_000597845.1|WP_000762229.1,11,Core,ldhA,D-lactate dehydrogenase,,
GCF_000597845.1|WP_000762401.1,11,Core,cra,catabolite repressor/activator,DNA binding|0003677||IEA,"GO:0006355,GO:0009750,GO:0003677"
GCF_000597845.1|WP_000763151.1,11,Core,yaiY,YaiY family protein,,
GCF_000597845.1|WP_000763511.1,11,Core,trpD,bifunctional anthranilate synthase glutamate amidotransferase component TrpG/anthranilate phosphoribosyltransferase TrpD,anthranilate phosphoribosyltransferase activity|0004048||IEA,"GO:0000162,GO:0004048"
GCF_000597845.1|WP_000763724.1,11,Core,mioC,FMN-binding protein MioC,FMN binding|0010181||IEA,GO:0010181
GCF_000597845.1|WP_000763867.1,11,Core,cheY,chemotaxis response regulator CheY,,GO:0000160
GCF_000597845.1|WP_000765604.1,11,Core,yfeH,bile acid:sodium symporter family protein,symporter activity|0015293||IEA,"GO:0006810,GO:0015293,GO:0016020"
GCF_000597845.1|WP_000765749.1,11,Core,gstA,glutathione transferase GstA,protein binding|0005515||IEA,"GO:0006749,GO:0005515"
GCF_000597845.1|WP_000765839.1,11,Core,glxR,2-hydroxy-3-oxopropionate reductase,"2-hydroxy-3-oxopropionate reductase activity|0008679||IEA,NAD binding|0051287||IEA","GO:0046487,GO:0008679,GO:0051287"
GCF_000597845.1|WP_000767329.1,11,Core,ribF,bifunctional riboflavin kinase/FAD synthetase,FMN adenylyltransferase activity|0003919||IEA,GO:0003919
GCF_000597845.1|WP_000767389.1,11,Core,ybhB,kinase inhibitor,,
GCF_000597845.1|WP_000767654.1,11,Core,ygjJ,protein YgjJ,,
GCF_000597845.1|WP_000767829.1,9,Accessory,yoeB,type II toxin-antitoxin system mRNA interferase toxin YoeB,,
GCF_000597845.1|WP_000767887.1,10,Accessory,,fimbrial protein,,
GCF_000597845.1|WP_000769322.1,11,Core,ydgH,DUF1471 family protein YdgH,,
GCF_000597845.1|WP_000769961.1,11,Core,eutB,ethanolamine ammonia-lyase subunit alpha,,
GCF_000597845.1|WP_000771391.1,11,Core,ydiY,DUF481 domain-containing protein,,
GCF_000597845.1|WP_000771437.1,11,Core,csgA,curli major subunit CsgA,,
GCF_000597845.1|WP_000771748.1,11,Core,ushA,bifunctional UDP-sugar hydrolase/5'-nucleotidase,,
GCF_000597845.1|WP_000772452.1,11,Core,yfcE,phosphodiesterase,,
GCF_000597845.1|WP_000772731.1,11,Core,pdeF,cyclic-guanylate-specific phosphodiesterase PdeF,,
GCF_000597845.1|WP_000774988.1,11,Core,proW,glycine betaine/L-proline ABC transporter permease ProW,,"GO:0055085,GO:0016020"
GCF_000597845.1|WP_000775794.1,10,Accessory,pgmB,beta-phosphoglucomutase,"magnesium ion binding|0000287||IEA,beta-phosphoglucomutase activity|0008801||IEA","GO:0005975,GO:0000287,GO:0008801"
GCF_000597845.1|WP_000775931.1,11,Core,recD,exodeoxyribonuclease V subunit alpha,"helicase activity|0004386||IEA,exodeoxyribonuclease V activity|0008854||IEA","GO:0006302,GO:0006310,GO:0004386,GO:0008854,GO:0009338"
GCF_000597845.1|WP_000776104.1,11,Core,rlmH,23S rRNA (pseudouridine(1915)-N(3))-methyltransferase RlmH,methyltransferase activity|0008168||IEA,"GO:0006364,GO:0008168"
GCF_000597845.1|WP_000776191.1,11,Core,mrdA,peptidoglycan DD-transpeptidase MrdA,"penicillin binding|0008658||IEA,serine-type D-Ala-D-Ala carboxypeptidase activity|0009002||IEA","GO:0009252,GO:0008658,GO:0009002,GO:0016020"
GCF_000597845.1|WP_000776388.1,11,Core,allA,ureidoglycolate lyase,,
GCF_000597845.1|WP_000776768.1,11,Core,mlaA,phospholipid-binding lipoprotein MlaA,,GO:0016020
GCF_000597845.1|WP_000776887.1,11,Core,yiaO,2%2C3-diketo-L-gulonate TRAP transporter substrate-binding protein YiaO,,
GCF_000597845.1|WP_000777653.1,11,Core,rutD,pyrimidine utilization protein D,hydrolase activity%2C acting on carbon-nitrogen (but not peptide) bonds%2C in linear amides|0016811||IEA,"GO:0006212,GO:0016811"
GCF_000597845.1|WP_000777969.1,11,Core,nrdF,class 1b ribonucleoside-diphosphate reductase subunit beta,ribonucleoside-diphosphate reductase activity%2C thioredoxin disulfide as acceptor|0004748||IEA,"GO:0009263,GO:0004748,GO:0005971"
GCF_000597845.1|WP_000778069.1,11,Core,napA,nitrate reductase catalytic subunit NapA,"nitrate reductase activity|0008940||IEA,molybdenum ion binding|0030151||IEA,molybdopterin cofactor binding|0043546||IEA,4 iron%2C 4 sulfur cluster binding|0051539||IEA","GO:0008940,GO:0030151,GO:0043546,GO:0051539"
GCF_000597845.1|WP_000778795.1,11,Core,panM,aspartate 1-decarboxylase autocleavage activator PanM,N-acetyltransferase activity|0008080||IEA,"GO:0015940,GO:0031638,GO:0008080"
GCF_000597845.1|WP_000779090.1,11,Core,glpQ,glycerophosphodiester phosphodiesterase,phosphoric diester hydrolase activity|0008081||IEA,"GO:0006629,GO:0008081"
GCF_000597845.1|WP_000779429.1,11,Core,nlpA,lipoprotein NlpA,,
GCF_000597845.1|WP_000779676.1,8,Accessory,lptF,LPS export ABC transporter permease LptF,lipopolysaccharide transmembrane transporter activity|0015221||IEA,"GO:0055085,GO:0015221,GO:0043190"
GCF_000597845.1|WP_000779792.1,11,Core,yibF,glutathione S-transferase,protein binding|0005515||IEA,"GO:0006749,GO:0005515"
GCF_000597845.1|WP_000779831.1,11,Core,ybaY,YbaY family lipoprotein,,
GCF_000597845.1|WP_000780912.1,11,Core,grxB,glutaredoxin 2,"glutathione-disulfide reductase (NADPH) activity|0004362||IEA,protein binding|0005515||IEA","GO:0006749,GO:0004362,GO:0005515"
GCF_000597845.1|WP_000781063.1,11,Core,thrC,threonine synthase,threonine synthase activity|0004795||IEA,"GO:0009088,GO:0004795"
GCF_000597845.1|WP_000781370.1,10,Accessory,yddM,HigA family addiction module antitoxin,DNA binding|0003677||IEA,GO:0003677
GCF_000597845.1|WP_000783120.1,11,Core,yehW,glycine betaine ABC transporter permease YehW,,
GCF_000597845.1|WP_000784351.1,11,Core,ybgS,YbgS-like family protein,,
GCF_000597845.1|WP_000784460.1,11,Core,yacH,DUF3300 domain-containing protein,,
GCF_000597845.1|WP_000785124.1,11,Core,murE,UDP-N-acetylmuramoyl-L-alanyl-D-glutamate--2%2C6-diaminopimelate ligase,"ATP binding|0005524||IEA,acid-amino acid ligase activity|0016881||IEA","GO:0008360,GO:0009058,GO:0051301,GO:0005524,GO:0016881"
GCF_000597845.1|WP_000785596.1,11,Core,ilvA,threonine ammonia-lyase%2C biosynthetic,threonine deaminase activity|0004794||IEA,"GO:0009097,GO:0004794"
GCF_000597845.1|WP_000785722.1,11,Core,yqjE,phage holin family protein,,GO:0016020
GCF_000597845.1|WP_000785931.1,11,Core,alaC,alanine transaminase,"catalytic activity|0003824||IEA,pyridoxal phosphate binding|0030170||IEA","GO:0009058,GO:0003824,GO:0030170"
GCF_000597845.1|WP_000786320.1,11,Core,pheP,phenylalanine transporter,,GO:0006865
GCF_000597845.1|WP_000786399.1,11,Core,holC,DNA polymerase III subunit chi,,
GCF_000597845.1|WP_000786911.1,11,Core,trmB,tRNA (guanosine(46)-N7)-methyltransferase TrmB,tRNA (guanine(46)-N7)-methyltransferase activity|0008176||IEA,"GO:0006400,GO:0008176"
GCF_000597845.1|WP_000789502.1,11,Core,nuoF,NADH-quinone oxidoreductase subunit NuoF,"NADH dehydrogenase (ubiquinone) activity|0008137||IEA,4 iron%2C 4 sulfur cluster binding|0051539||IEA","GO:0008137,GO:0051539"
GCF_000597845.1|WP_000789986.1,11,Core,pgi,glucose-6-phosphate isomerase,glucose-6-phosphate isomerase activity|0004347||IEA,"GO:0006094,GO:0006096,GO:0004347"
GCF_000597845.1|WP_000790168.1,11,Core,lepA,translation elongation factor 4,"GTPase activity|0003924||IEA,GTP binding|0005525||IEA","GO:0003924,GO:0005525"
GCF_000597845.1|WP_000791650.1,11,Core,csgB,curli minor subunit CsgB,,
GCF_000597845.1|WP_000792970.1,11,Core,iraP,anti-adapter protein IraP,,
GCF_000597845.1|WP_000795630.1,11,Core,motB,flagellar motor protein MotB,,
GCF_000597845.1|WP_000796332.1,11,Core,fpr,ferredoxin--NADP(+) reductase,ferredoxin-NADP+ reductase activity|0004324||IEA,GO:0004324
GCF_000597845.1|WP_000796528.1,9,Accessory,yldA,small membrane protein YldA,,
GCF_000597845.1|WP_000797341.1,11,Core,yiiX,YiiX family permuted papain-like enzyme,,
GCF_000597845.1|WP_000797657.1,11,Core,pmrR,LpxT activity modulator PmrR,,
GCF_000597845.1|WP_000798871.1,11,Core,ybgI,radiation resistance protein YbgI,,
GCF_000597845.1|WP_000799889.1,11,Core,lptM,LPS translocon maturation chaperone LptM,,
GCF_000597845.1|WP_000799956.1,11,Core,asd,aspartate-semialdehyde dehydrogenase,"aspartate-semialdehyde dehydrogenase activity|0004073||IEA,NADP binding|0050661||IEA","GO:0009086,GO:0009088,GO:0009089,GO:0009097,GO:0004073,GO:0050661"
GCF_000597845.1|WP_000800457.1,11,Core,surA,peptidylprolyl isomerase SurA,"peptidyl-prolyl cis-trans isomerase activity|0003755||IEA,peptide binding|0042277||IEA,unfolded protein binding|0051082||IEA","GO:0006457,GO:0043165,GO:0050821,GO:0060274,GO:0003755,GO:0042277,GO:0051082,GO:0030288"
GCF_000597845.1|WP_000800512.1,11,Core,kdgA,bifunctional 4-hydroxy-2-oxoglutarate aldolase/2-dehydro-3-deoxy-phosphogluconate aldolase,,
GCF_000597845.1|WP_000801125.1,11,Core,nusB,transcription antitermination factor NusB,,GO:0006353
GCF_000597845.1|WP_000801365.1,11,Core,hemF,oxygen-dependent coproporphyrinogen oxidase,coproporphyrinogen oxidase activity|0004109||IEA,"GO:0006779,GO:0004109"
GCF_000597845.1|WP_000801473.1,6,Accessory,hpaB,4-hydroxyphenylacetate 3-monooxygenase%2C oxygenase component,"oxidoreductase activity%2C acting on paired donors%2C with incorporation or reduction of molecular oxygen%2C reduced flavin or flavoprotein as one donor%2C and incorporation of one atom of oxygen|0016712||IEA,flavin adenine dinucleotide binding|0050660||IEA","GO:0010124,GO:0016712,GO:0050660"
GCF_000597845.1|WP_000802080.1,11,Core,nlpI,lipoprotein NlpI,protein binding|0005515||IEA,GO:0005515
GCF_000597845.1|WP_000802214.1,11,Core,yiiQ,YiiQ family protein,,
GCF_000597845.1|WP_000802516.1,11,Core,mreC,rod shape-determining protein MreC,,GO:0008360
GCF_000597845.1|WP_000803366.1,11,Core,yeeY,LysR substrate-binding domain-containing protein,,
GCF_000597845.1|WP_000803659.1,11,Core,marB,multiple antibiotic resistance protein MarB,,
GCF_000597845.1|WP_000803797.1,11,Core,livM,branched chain amino acid ABC transporter permease LivM,,
GCF_000597845.1|WP_000804064.1,1,Singleton,tet(A),tetracycline efflux MFS transporter Tet(A),tetracycline transmembrane transporter activity|0008493||IEA,"GO:0015904,GO:0008493"
GCF_000597845.1|WP_000804379.1,9,Accessory,yddE,PhzF family isomerase,catalytic activity|0003824||IEA,"GO:0009058,GO:0003824"
GCF_000597845.1|WP_000804726.1,11,Core,prfA,peptide chain release factor 1,translation release factor activity|0003747||IEA,"GO:0006415,GO:0003747"
GCF_000597845.1|WP_000805011.1,11,Core,ghrB,glyoxylate/hydroxypyruvate reductase GhrB,"oxidoreductase activity%2C acting on the CH-OH group of donors%2C NAD or NADP as acceptor|0016616||IEA,NAD binding|0051287||IEA","GO:0016616,GO:0051287"
GCF_000597845.1|WP_000805497.1,11,Core,panB,3-methyl-2-oxobutanoate hydroxymethyltransferase,3-methyl-2-oxobutanoate hydroxymethyltransferase activity|0003864||IEA,"GO:0015940,GO:0003864"
GCF_000597845.1|WP_000805509.1,11,Core,yicS,protein YicS,,
GCF_000597845.1|WP_000806177.1,11,Core,pyrE,orotate phosphoribosyltransferase,orotate phosphoribosyltransferase activity|0004588||IEA,"GO:0009220,GO:0004588"
GCF_000597845.1|WP_000806442.1,10,Accessory,ybaQ,HigA family addiction module antitoxin,DNA binding|0003677||IEA,GO:0003677
GCF_000597845.1|WP_000806638.1,11,Core,xerD,site-specific tyrosine recombinase XerD,site-specific recombinase activity|0009009||IEA,"GO:0006310,GO:0009009"
GCF_000597845.1|WP_000807125.1,11,Core,hinT,purine nucleoside phosphoramidase,,
GCF_000597845.1|WP_000807362.1,11,Core,yegS,lipid kinase YegS,"lipid kinase activity|0001727||IEA,metal ion binding|0046872||IEA","GO:0001727,GO:0046872"
GCF_000597845.1|WP_000807651.1,11,Core,yciG,general stress protein,,GO:0006950
GCF_000597845.1|WP_000808376.1,11,Core,fucK,L-fuculokinase,L-fuculokinase activity|0008737||IEA,"GO:0042355,GO:0008737"
GCF_000597845.1|WP_000808667.1,11,Core,yciB,septation protein A,,
GCF_000597845.1|WP_000809051.1,11,Core,rpoN,RNA polymerase factor sigma-54,"DNA-binding transcription activator activity|0001216||IEA,DNA binding|0003677||IEA,sigma factor activity|0016987||IEA","GO:0006352,GO:0001216,GO:0003677,GO:0016987"
GCF_000597845.1|WP_000809774.1,11,Core,arcB,aerobic respiration two-component sensor histidine kinase ArcB,phosphorelay sensor kinase activity|0000155||IEA,"GO:0000160,GO:0006355,GO:0016310,GO:0000155,GO:0016020"
GCF_000597845.1|WP_000811065.1,11,Core,kdsA,3-deoxy-8-phosphooctulonate synthase,3-deoxy-8-phosphooctulonate synthase activity|0008676||IEA,GO:0008676
GCF_000597845.1|WP_000811923.1,11,Core,ispC,1-deoxy-D-xylulose-5-phosphate reductoisomerase,"protein binding|0005515||IEA,1-deoxy-D-xylulose-5-phosphate reductoisomerase activity|0030604||IEA,metal ion binding|0046872||IEA,NADPH binding|0070402||IEA","GO:0008299,GO:0005515,GO:0030604,GO:0046872,GO:0070402"
GCF_000597845.1|WP_000812053.1,11,Core,rseB,sigma-E factor regulatory protein RseB,,
GCF_000597845.1|WP_000812796.1,11,Core,yigA,DUF484 domain-containing protein,,
GCF_000597845.1|WP_000812892.1,11,Core,nrfG,heme lyase NrfEFG subunit NrfG,,
GCF_000597845.1|WP_000813037.1,11,Core,yhbE,DMT family transporter,transmembrane transporter activity|0022857||IEA,"GO:0055085,GO:0022857,GO:0016020"
GCF_000597845.1|WP_000813201.1,11,Core,recJ,single-stranded-DNA-specific exonuclease RecJ,5'-3' exonuclease activity|0008409||IEA,"GO:0006281,GO:0006310,GO:0008409"
GCF_000597845.1|WP_000813862.1,11,Core,yfbR,5'-deoxynucleotidase,5'-deoxynucleotidase activity|0002953||IEA,GO:0002953
GCF_000597845.1|WP_000815099.1,11,Core,,DeoR/GlpR family transcriptional regulator,,
GCF_000597845.1|WP_000815362.1,11,Core,poxB,ubiquinone-dependent pyruvate dehydrogenase,"magnesium ion binding|0000287||IEA,thiamine pyrophosphate binding|0030976||IEA,pyruvate dehydrogenase (quinone) activity|0052737||IEA","GO:0006090,GO:0000287,GO:0030976,GO:0052737"
GCF_000597845.1|WP_000815435.1,9,Accessory,pgl,6-phosphogluconolactonase,6-phosphogluconolactonase activity|0017057||IEA,GO:0017057
GCF_000597845.1|WP_000815987.1,11,Core,hofQ,DNA uptake porin HofQ,,"GO:0009306,GO:0019867"
GCF_000597845.1|WP_000816232.1,11,Core,thyA,thymidylate synthase,thymidylate synthase activity|0004799||IEA,"GO:0006231,GO:0004799"
GCF_000597845.1|WP_000816280.1,11,Core,rpe,ribulose-phosphate 3-epimerase,D-ribulose-phosphate 3-epimerase activity|0004750||IEA,"GO:0006098,GO:0004750"
GCF_000597845.1|WP_000816471.1,11,Core,deoB,phosphopentomutase,"magnesium ion binding|0000287||IEA,phosphopentomutase activity|0008973||IEA","GO:0009117,GO:0043094,GO:0000287,GO:0008973,GO:0005737"
GCF_000597845.1|WP_000816992.1,10,Accessory,yraK,fimbrial protein,,"GO:0007155,GO:0009289"
GCF_000597845.1|WP_000817178.1,11,Core,fabB,beta-ketoacyl-ACP synthase I,3-oxoacyl-[acyl-carrier-protein] synthase activity|0004315||IEA,"GO:0006633,GO:0004315"
GCF_000597845.1|WP_000817229.1,11,Core,queC,7-cyano-7-deazaguanine synthase QueC,,
GCF_000597845.1|WP_000818114.1,11,Core,tsf,translation elongation factor Ts,translation elongation factor activity|0003746||IEA,"GO:0006414,GO:0003746"
GCF_000597845.1|WP_000818228.1,11,Core,leuD,3-isopropylmalate dehydratase small subunit,3-isopropylmalate dehydratase activity|0003861||IEA,"GO:0009098,GO:0003861,GO:0009316"
GCF_000597845.1|WP_000818411.1,11,Core,speE,polyamine aminopropyltransferase,,
GCF_000597845.1|WP_000818601.1,11,Core,slmA,nucleoid occlusion factor SlmA,DNA binding|0003677||IEA,"GO:0010974,GO:0003677"
GCF_000597845.1|WP_000818618.1,11,Core,aroK,shikimate kinase AroK,,
GCF_000597845.1|WP_000819746.1,11,Core,yjdP,DDRRRQL repeat protein YjdP,,
GCF_000597845.1|WP_000820714.1,11,Core,tusC,sulfurtransferase complex subunit TusC,,
GCF_000597845.1|WP_000820782.1,11,Core,eutP,ethanolamine utilization acetate kinase EutP,,
GCF_000597845.1|WP_000822274.1,11,Core,thiD,bifunctional hydroxymethylpyrimidine kinase/phosphomethylpyrimidine kinase,"hydroxymethylpyrimidine kinase activity|0008902||IEA,phosphomethylpyrimidine kinase activity|0008972||IEA","GO:0009228,GO:0008902,GO:0008972"
GCF_000597845.1|WP_000823885.1,11,Core,ychH,stress-induced protein YchH,,
GCF_000597845.1|WP_000824439.1,11,Core,dsbE,thiol:disulfide interchange protein DsbE,,
GCF_000597845.1|WP_000825452.1,11,Core,ydeR,fimbrial protein,,"GO:0007155,GO:0009289"
GCF_000597845.1|WP_000825600.1,11,Core,yfdX,YfdX family protein,,
GCF_000597845.1|WP_000825639.1,11,Core,,membrane protein,,
GCF_000597845.1|WP_000825700.1,11,Core,ubiX,flavin prenyltransferase UbiX,,
GCF_000597845.1|WP_000825775.1,11,Core,ycjX,YcjX family protein,,
GCF_000597845.1|WP_000827409.1,11,Core,rne,ribonuclease E,"RNA binding|0003723||IEA,ribonuclease E activity|0008995||IEA","GO:0006396,GO:0003723,GO:0008995"
GCF_000597845.1|WP_000827696.1,11,Core,livK,high-affinity branched-chain amino acid ABC transporter substrate-binding protein LivK,,
GCF_000597845.1|WP_000828351.1,11,Core,argP,DNA-binding transcriptional regulator ArgP,,
GCF_000597845.1|WP_000828648.1,11,Core,rmf,ribosome modulation factor,ribosome binding|0043022||IEA,"GO:0141014,GO:0043022"
GCF_000597845.1|WP_000828746.1,11,Core,emrD,multidrug efflux MFS transporter EmrD,,
GCF_000597845.1|WP_000829013.1,11,Core,fdoI,formate dehydrogenase cytochrome b556 subunit,,
GCF_000597845.1|WP_000829229.1,11,Core,moeB,molybdopterin-synthase adenylyltransferase MoeB,ubiquitin-like modifier activating enzyme activity|0008641||IEA,"GO:0006777,GO:0008641"
GCF_000597845.1|WP_000829398.1,11,Core,tmcA,tRNA cytosine(34) acetyltransferase TmcA,,
GCF_000597845.1|WP_000829798.1,11,Core,yihL,GntR family transcriptional regulator,"DNA binding|0003677||IEA,DNA-binding transcription factor activity|0003700||IEA","GO:0003677,GO:0003700"
GCF_000597845.1|WP_000829818.1,11,Core,rpsI,30S ribosomal protein S9,structural constituent of ribosome|0003735||IEA,"GO:0006412,GO:0003735,GO:0005840"
GCF_000597845.1|WP_000830468.1,9,Accessory,yehD,fimbrial protein,,"GO:0007155,GO:0009289"
GCF_000597845.1|WP_000830550.1,10,Accessory,ddpA,ABC transporter substrate-binding protein,"ATP binding|0005524||IEA,ATPase-coupled transmembrane transporter activity|0042626||IEA,ABC-type transporter activity|0140359||IEA","GO:0005524,GO:0042626,GO:0140359,GO:0055052"
GCF_000597845.1|WP_000830741.1,11,Core,ampH,D-alanyl-D-alanine-carboxypeptidase/endopeptidase AmpH,,
GCF_000597845.1|WP_000831330.1,11,Core,rpmH,50S ribosomal protein L34,structural constituent of ribosome|0003735||IEA,"GO:0006412,GO:0003735,GO:0000315,GO:0022625"
GCF_000597845.1|WP_000831543.1,11,Core,ygiB,DUF1190 family protein,,
GCF_000597845.1|WP_000832338.1,8,Accessory,ybfC,protein YbfC,,
GCF_000597845.1|WP_000832435.1,11,Core,yddB,TonB-dependent receptor plug domain-containing protein,channel activity|0015267||IEA,"GO:0015891,GO:0055085,GO:0015267,GO:0009279,GO:0016020"
GCF_000597845.1|WP_000832573.1,11,Core,actP,cation/acetate symporter ActP,"acetate transmembrane transporter activity|0015123||IEA,solute:sodium symporter activity|0015370||IEA,sodium ion binding|0031402||IEA","GO:0006814,GO:0015123,GO:0015370,GO:0031402,GO:0005886"
GCF_000597845.1|WP_000833288.1,11,Core,csgE,curli production assembly/transport protein CsgE,,
GCF_000597845.1|WP_000833393.1,11,Core,yqiB,DUF1249 family protein,,
GCF_000597845.1|WP_000834439.1,11,Core,yicJ,glycoside-pentoside-hexuronide family transporter,symporter activity|0015293||IEA,"GO:0006814,GO:0008643,GO:0015293,GO:0016020"
GCF_000597845.1|WP_000835077.1,11,Core,anmK,anhydro-N-acetylmuramic acid kinase,,
GCF_000597845.1|WP_000835177.1,11,Core,napB,nitrate reductase cytochrome c-type subunit,,
GCF_000597845.1|WP_000836768.1,10,Accessory,ydfK,cold shock protein YdfK,,
GCF_000597845.1|WP_000838261.1,11,Core,fkpA,FKBP-type peptidyl-prolyl cis-trans isomerase,peptidyl-prolyl cis-trans isomerase activity|0003755||IEA,"GO:0006457,GO:0003755"
GCF_000597845.1|WP_000838889.1,11,Core,nadD,nicotinate-nucleotide adenylyltransferase,nucleotidyltransferase activity|0016779||IEA,"GO:0009435,GO:0016779"
GCF_000597845.1|WP_000838944.1,11,Core,yfeY,RpoE-regulated lipoprotein,,
GCF_000597845.1|WP_000839153.1,11,Core,sxy,CRP-S regulon transcriptional coactivator Sxy,,
GCF_000597845.1|WP_000839590.1,11,Core,essD,phage lysis protein EssD,,
GCF_000597845.1|WP_000840481.1,11,Core,ydhL,DUF1289 domain-containing protein,,
GCF_000597845.1|WP_000841001.1,10,Accessory,maoP,macrodomain Ori organization protein MaoP,,
GCF_000597845.1|WP_000841103.1,11,Core,kgtP,alpha-ketoglutarate permease,,
GCF_000597845.1|WP_000841554.1,11,Core,sra,stationary-phase-induced ribosome-associated protein,,
GCF_000597845.1|WP_000843419.1,11,Core,marR,multiple antibiotic resistance transcriptional regulator MarR,,
GCF_000597845.1|WP_000843559.1,11,Core,yaaI,DUF2541 family protein,,
GCF_000597845.1|WP_000844431.1,5,Accessory,cas5e,type I-E CRISPR-associated protein Cas5/CasD,RNA binding|0003723||IEA,"GO:0043571,GO:0051607,GO:0003723"
GCF_000597845.1|WP_000845104.1,10,Accessory,asnA,aspartate--ammonia ligase,aspartate-ammonia ligase activity|0004071||IEA,"GO:0006529,GO:0004071,GO:0005737"
GCF_000597845.1|WP_000845394.1,11,Core,clcA,H(+)/Cl(-) exchange transporter ClcA,voltage-gated chloride channel activity|0005247||IEA,"GO:0006821,GO:0055085,GO:0005247,GO:0005886"
GCF_000597845.1|WP_000846343.1,11,Core,rluC,23S rRNA pseudouridine(955/2504/2580) synthase RluC,"RNA binding|0003723||IEA,pseudouridine synthase activity|0009982||IEA","GO:0001522,GO:0003723,GO:0009982"
GCF_000597845.1|WP_000847559.1,11,Core,rplM,50S ribosomal protein L13,structural constituent of ribosome|0003735||IEA,"GO:0006412,GO:0003735,GO:0005840"
GCF_000597845.1|WP_000847791.1,11,Core,csgI,DUF2057 family protein,,
GCF_000597845.1|WP_000847837.1,7,Accessory,frlC,fructoselysine 3-epimerase,,
GCF_000597845.1|WP_000847882.1,11,Core,yecA,UPF0149 family protein YecA,,
GCF_000597845.1|WP_000847985.1,10,Accessory,ltnD,L-threonate dehydrogenase,oxidoreductase activity%2C acting on the CH-OH group of donors%2C NAD or NADP as acceptor|0016616||IEA,"GO:0005975,GO:0016616"
GCF_000597845.1|WP_000848387.1,11,Core,seqA,replication initiation negative regulator SeqA,DNA binding|0003677||IEA,"GO:0032297,GO:0003677"
GCF_000597845.1|WP_000848528.1,11,Core,yqhH,lipoprotein YqhH,,
GCF_000597845.1|WP_000848664.1,11,Core,ygeA,amino acid racemase,,
GCF_000597845.1|WP_000849301.1,11,Core,ybiJ,DUF1471 family protein YbiJ,,
GCF_000597845.1|WP_000850550.1,11,Core,ybeD,DUF493 family protein YbeD,,
GCF_000597845.1|WP_000852296.1,11,Core,moaE,molybdopterin synthase catalytic subunit MoaE,,GO:0006777
GCF_000597845.1|WP_000852812.1,11,Core,metJ,met regulon transcriptional regulator MetJ,,
GCF_000597845.1|WP_000852835.1,10,Accessory,pspF,phage shock protein operon transcriptional activator,,
GCF_000597845.1|WP_000853030.1,11,Core,lnt,apolipoprotein N-acyltransferase,N-acyltransferase activity|0016410||IEA,"GO:0042158,GO:0016410,GO:0016020"
GCF_000597845.1|WP_000853256.1,11,Core,glcG,GlcG family protein,,
GCF_000597845.1|WP_000853353.1,7,Accessory,frlD,fructoselysine 6-kinase,,
GCF_000597845.1|WP_000853753.1,11,Core,fbp,class 1 fructose-bisphosphatase,fructose 1%2C6-bisphosphate 1-phosphatase activity|0042132||IEA,"GO:0005975,GO:0042132"
GCF_000597845.1|WP_000853959.1,11,Core,hemG,menaquinone-dependent protoporphyrinogen IX dehydrogenase,,
GCF_000597845.1|WP_000854624.1,11,Core,uxaB,tagaturonate reductase,,
GCF_000597845.1|WP_000854972.1,11,Core,pabB,aminodeoxychorismate synthase component 1,,GO:0009396
GCF_000597845.1|WP_000855388.1,11,Core,ybcF,carbamate kinase,carbamate kinase activity|0008804||IEA,"GO:0006525,GO:0008804"
GCF_000597845.1|WP_000856737.1,11,Core,greB,transcription elongation factor GreB,DNA binding|0003677||IEA,"GO:0032784,GO:0003677"
GCF_000597845.1|WP_000856829.1,11,Core,dtpC,dipeptide/tripeptide permease DtpC,,
GCF_000597845.1|WP_000857056.1,11,Core,ppdA,prepilin peptidase-dependent protein,,
GCF_000597845.1|WP_000857257.1,11,Core,glpA,anaerobic glycerol-3-phosphate dehydrogenase subunit A,"glycerol-3-phosphate dehydrogenase (quinone) activity|0004368||IEA,FMN binding|0010181||IEA,flavin adenine dinucleotide binding|0050660||IEA","GO:0006072,GO:0046174,GO:0004368,GO:0010181,GO:0050660,GO:0009331"
GCF_000597845.1|WP_000857405.1,11,Core,ymdB,O-acetyl-ADP-ribose deacetylase,catalytic activity|0003824||IEA,GO:0003824
GCF_000597845.1|WP_000857856.1,11,Core,aceA,isocitrate lyase,isocitrate lyase activity|0004451||IEA,"GO:0019752,GO:0004451"
GCF_000597845.1|WP_000859787.1,11,Core,ygeW,knotted carbamoyltransferase YgeW,,
GCF_000597845.1|WP_000860444.1,9,Accessory,yaiP,glycosyltransferase,glycosyltransferase activity|0016757||IEA,"GO:0006486,GO:0016757"
GCF_000597845.1|WP_000861334.1,11,Core,slyD,peptidylprolyl isomerase,peptidyl-prolyl cis-trans isomerase activity|0003755||IEA,GO:0003755
GCF_000597845.1|WP_000866436.1,10,Accessory,ykgO,type B 50S ribosomal protein L36,structural constituent of ribosome|0003735||IEA,"GO:0006412,GO:0003735,GO:0005840"
GCF_000597845.1|WP_000866670.1,11,Core,wecB,non-hydrolyzing UDP-N-acetylglucosamine 2-epimerase,UDP-N-acetylglucosamine 2-epimerase activity|0008761||IEA,GO:0008761
GCF_000597845.1|WP_000866812.1,11,Core,purD,phosphoribosylamine--glycine ligase,phosphoribosylamine-glycine ligase activity|0004637||IEA,"GO:0009113,GO:0004637"
GCF_000597845.1|WP_000867217.1,9,Accessory,dsrB,protein DsrB,,
GCF_000597845.1|WP_000868187.1,11,Core,rpmJ,50S ribosomal protein L36,structural constituent of ribosome|0003735||IEA,"GO:0006412,GO:0003735,GO:0005840"
GCF_000597845.1|WP_000869037.1,10,Accessory,yiaK,3-dehydro-L-gulonate 2-dehydrogenase,"3-dehydro-L-gulonate 2-dehydrogenase activity|0047559||IEA,NAD+ binding|0070403||IEA","GO:0047559,GO:0070403"
GCF_000597845.1|WP_000869178.1,11,Core,hldE,bifunctional D-glycero-beta-D-manno-heptose-7-phosphate kinase/D-glycero-beta-D-manno-heptose 1-phosphate adenylyltransferase HldE,nucleotidyltransferase activity|0016779||IEA,"GO:0005975,GO:0009058,GO:0016779"
GCF_000597845.1|WP_000869246.1,11,Core,fadK,medium-chain fatty-acid--CoA ligase,,
GCF_000597845.1|WP_000870037.1,11,Core,ligB,NAD-dependent DNA ligase LigB,DNA ligase (NAD+) activity|0003911||IEA,"GO:0006260,GO:0006281,GO:0003911"
GCF_000597845.1|WP_000870712.1,11,Core,yjjG,pyrimidine 5'-nucleotidase,5'-nucleotidase activity|0008253||IEA,GO:0008253
GCF_000597845.1|WP_000871512.1,11,Core,bglX,beta-glucosidase BglX,hydrolase activity%2C hydrolyzing O-glycosyl compounds|0004553||IEA,"GO:0005975,GO:0004553"
GCF_000597845.1|WP_000871671.1,6,Accessory,,hypothetical protein,,
GCF_000597845.1|WP_000871982.1,11,Core,ybhQ,YbhQ family protein,,
GCF_000597845.1|WP_000872811.1,11,Core,solA,N-methyl-L-tryptophan oxidase,N-methyl-L-amino-acid oxidase activity|0050131||IEA,GO:0050131
GCF_000597845.1|WP_000872908.1,11,Core,rraA,ribonuclease E activity regulator RraA,ribonuclease inhibitor activity|0008428||IEA,"GO:0051252,GO:0008428"
GCF_000597845.1|WP_000873890.1,11,Core,nfo,deoxyribonuclease IV,"DNA binding|0003677||IEA,zinc ion binding|0008270||IEA","GO:0006281,GO:0003677,GO:0008270"
GCF_000597845.1|WP_000875487.1,11,Core,creA,protein CreA,,
GCF_000597845.1|WP_000876286.1,11,Core,lapA,lipopolysaccharide assembly protein LapA,,
GCF_000597845.1|WP_000877116.1,11,Core,yceH,YceH family protein,,
GCF_000597845.1|WP_000877161.1,11,Core,matP,macrodomain Ter protein MatP,sequence-specific DNA binding|0043565||IEA,"GO:0006355,GO:0043565"
GCF_000597845.1|WP_000878140.1,11,Core,ybaA,DUF1428 domain-containing protein,,
GCF_000597845.1|WP_000879152.1,8,Accessory,fecB,Fe(3+) dicitrate ABC transporter substrate-binding protein FecB,,
GCF_000597845.1|WP_000879277.1,11,Core,copD,copper homeostasis membrane protein CopD,,"GO:0006825,GO:0016020"
GCF_000597845.1|WP_000879709.1,11,Core,flgA,flagellar basal body P-ring formation chaperone FlgA,structural molecule activity|0005198||IEA,"GO:0001539,GO:0005198,GO:0009428"
GCF_000597845.1|WP_000879833.1,7,Accessory,ybcM,helix-turn-helix transcriptional regulator,"DNA-binding transcription factor activity|0003700||IEA,sequence-specific DNA binding|0043565||IEA","GO:0006355,GO:0003700,GO:0043565"
GCF_000597845.1|WP_000880176.1,11,Core,hisF,imidazole glycerol phosphate synthase subunit HisF,imidazoleglycerol-phosphate synthase activity|0000107||IEA,"GO:0000105,GO:0000107"
GCF_000597845.1|WP_000880559.1,1,Singleton,,helicase RepA family protein,,
GCF_000597845.1|WP_000880910.1,11,Core,recN,DNA repair protein RecN,ATP binding|0005524||IEA,"GO:0006281,GO:0006310,GO:0005524"
GCF_000597845.1|WP_000882235.1,8,Accessory,yncH,YncH family protein,,
GCF_000597845.1|WP_000883122.1,11,Core,hmpA,NO-inducible flavohemoprotein,"nitric oxide dioxygenase NAD(P)H activity|0008941||IEA,oxygen binding|0019825||IEA,heme binding|0020037||IEA,FAD binding|0071949||IEA","GO:0051409,GO:0008941,GO:0019825,GO:0020037,GO:0071949"
GCF_000597845.1|WP_000883400.1,11,Core,cutA,divalent cation tolerance protein CutA,,
GCF_000597845.1|WP_000884361.1,11,Core,cydA,cytochrome ubiquinol oxidase subunit I,electron transfer activity|0009055||IEA,"GO:0019646,GO:0009055,GO:0070069"
GCF_000597845.1|WP_000884589.1,11,Core,decR,DNA-binding transcriptional regulator DecR,,
GCF_000597845.1|WP_000885454.1,10,Accessory,abgR,LysR family transcriptional regulator,DNA-binding transcription factor activity|0003700||IEA,"GO:0006355,GO:0003700"
GCF_000597845.1|WP_000885798.1,11,Core,ybdZ,enterobactin biosynthesis protein YbdZ,,
GCF_000597845.1|WP_000886683.1,11,Core,serS,serine--tRNA ligase,"nucleotide binding|0000166||IEA,serine-tRNA ligase activity|0004828||IEA,ATP binding|0005524||IEA","GO:0006434,GO:0000166,GO:0004828,GO:0005524"
GCF_000597845.1|WP_000886900.1,11,Core,cysQ,3'(2')%2C5'-bisphosphate nucleotidase CysQ,"magnesium ion binding|0000287||IEA,3'(2')%2C5'-bisphosphate nucleotidase activity|0008441||IEA","GO:0000287,GO:0008441"
GCF_000597845.1|WP_000889443.1,3,Accessory,,hypothetical protein,,
GCF_000597845.1|WP_000890941.1,10,Accessory,ynbB,phosphatidate cytidylyltransferase,phosphatidate cytidylyltransferase activity|0004605||IEA,"GO:0016024,GO:0004605"
GCF_000597845.1|WP_000891353.1,11,Core,lapB,lipopolysaccharide assembly protein LapB,protein binding|0005515||IEA,"GO:0008653,GO:0005515"
GCF_000597845.1|WP_000891404.1,11,Core,pspG,envelope stress response protein PspG,,
GCF_000597845.1|WP_000891515.1,9,Accessory,acrZ,multidrug efflux pump accessory protein AcrZ,,
GCF_000597845.1|WP_000891562.1,11,Core,waaA,lipid IV(A) 3-deoxy-D-manno-octulosonic acid transferase,transferase activity|0016740||IEA,GO:0016740
GCF_000597845.1|WP_000891621.1,11,Core,yecD,hydrolase,,
GCF_000597845.1|WP_000891692.1,9,Accessory,modC,molybdenum ABC transporter ATP-binding protein ModC,"ATP binding|0005524||IEA,molybdate ion transmembrane transporter activity|0015098||IEA","GO:0015689,GO:0005524,GO:0015098,GO:0016020"
GCF_000597845.1|WP_000892044.1,11,Core,yfgO,AI-2E family transporter,,"GO:0055085,GO:0016020"
GCF_000597845.1|WP_000893278.1,10,Accessory,proA,glutamate-5-semialdehyde dehydrogenase,glutamate-5-semialdehyde dehydrogenase activity|0004350||IEA,"GO:0006561,GO:0004350"
GCF_000597845.1|WP_000893623.1,11,Core,phoR,phosphate regulon sensor histidine kinase PhoR,"phosphorelay sensor kinase activity|0000155||IEA,phosphoprotein phosphatase activity|0004721||IEA","GO:0000160,GO:0006355,GO:0016310,GO:0000155,GO:0004721,GO:0016020"
GCF_000597845.1|WP_000893994.1,11,Core,yshB,YshB family small membrane protein,,
GCF_000597845.1|WP_000895624.1,11,Core,ygdQ,TerC family protein,,"GO:0005886,GO:0016020"
GCF_000597845.1|WP_000896498.1,11,Core,atpG,F0F1 ATP synthase subunit gamma,proton-transporting ATP synthase activity%2C rotational mechanism|0046933||IEA,"GO:0015986,GO:0046933,GO:0045259"
GCF_000597845.1|WP_000896865.1,8,Accessory,,lipopolysaccharide biosynthesis protein,flippase activity|0140327||IEA,"GO:0140327,GO:0016020"
GCF_000597845.1|WP_000898741.1,11,Core,,fimbrial-like protein,,
GCF_000597845.1|WP_000899049.1,11,Core,aas,bifunctional acyl-ACP--phospholipid O-acyltransferase/long-chain-fatty-acid--ACP ligase,"acyl-[acyl-carrier-protein]-phospholipid O-acyltransferase activity|0008779||IEA,long-chain fatty acid [acyl-carrier-protein] ligase activity|0008922||IEA","GO:0006631,GO:0008654,GO:0008779,GO:0008922"
GCF_000597845.1|WP_000899600.1,11,Core,elyC,envelope biogenesis factor ElyC,,
GCF_000597845.1|WP_000901098.1,11,Core,yaeR,VOC family protein,,
GCF_000597845.1|WP_000901367.1,11,Core,mgtS,protein MgtS,,
GCF_000597845.1|WP_000902780.1,11,Core,pitA,inorganic phosphate transporter PitA,,"GO:0006817,GO:0016020"
GCF_000597845.1|WP_000903373.1,11,Core,tusB,sulfurtransferase complex subunit TusB,,GO:0002143
GCF_000597845.1|WP_000904442.1,11,Core,tusE,sulfurtransferase TusE,,
GCF_000597845.1|WP_000904502.1,11,Core,qmcA,SPFH domain-containing protein,,GO:0016020
GCF_000597845.1|WP_000905780.1,11,Core,secA,preprotein translocase subunit SecA,ATP binding|0005524||IEA,"GO:0006605,GO:0006886,GO:0017038,GO:0005524"
GCF_000597845.1|WP_000906203.1,11,Core,yaaA,peroxide stress protein YaaA,,
GCF_000597845.1|WP_000906252.1,11,Core,ssnA,putative aminohydrolase SsnA,hydrolase activity%2C acting on carbon-nitrogen (but not peptide) bonds|0016810||IEA,GO:0016810
GCF_000597845.1|WP_000906486.1,11,Core,csrA,carbon storage regulator CsrA,,
GCF_000597845.1|WP_000906819.1,11,Core,yiaT,MipA/OmpV family protein,protein-macromolecule adaptor activity|0030674||IEA,"GO:0009252,GO:0030674,GO:0009279"
GCF_000597845.1|WP_000906961.1,11,Core,malT,HTH-type transcriptional regulator MalT,"DNA binding|0003677||IEA,protein binding|0005515||IEA","GO:0006355,GO:0003677,GO:0005515"
GCF_000597845.1|WP_000907085.1,11,Core,yheU,YheU family protein,,
GCF_000597845.1|WP_000907387.1,11,Core,pspC,envelope stress response membrane protein PspC,,
GCF_000597845.1|WP_000907622.1,11,Core,mobB,molybdopterin-guanine dinucleotide biosynthesis protein MobB,GTP binding|0005525||IEA,"GO:0006777,GO:0005525"
GCF_000597845.1|WP_000908052.1,3,Accessory,,hypothetical protein,,
GCF_000597845.1|WP_000908554.1,11,Core,yhbS,GNAT family N-acetyltransferase,"N-acetyltransferase activity|0008080||IEA,acyltransferase activity|0016746||IEA","GO:0008080,GO:0016746"
GCF_000597845.1|WP_000911982.1,1,Singleton,,HEAT repeat domain-containing protein,protein binding|0005515||IEA,GO:0005515
GCF_000597845.1|WP_000912345.1,11,Core,cysS,cysteine--tRNA ligase,"cysteine-tRNA ligase activity|0004817||IEA,ATP binding|0005524||IEA","GO:0006423,GO:0004817,GO:0005524,GO:0005737"
GCF_000597845.1|WP_000913396.1,11,Core,mreB,rod shape-determining protein MreB,,
GCF_000597845.1|WP_000917117.1,11,Core,nudF,ADP-ribose diphosphatase,"hydrolase activity|0016787||IEA,metal ion binding|0046872||IEA","GO:0016787,GO:0046872"
GCF_000597845.1|WP_000917208.1,11,Core,ftnA,non-heme ferritin,ferric iron binding|0008199||IEA,"GO:0006879,GO:0008199"
GCF_000597845.1|WP_000917684.1,11,Core,ygiZ,DUF2645 family protein,,
GCF_000597845.1|WP_000917883.1,11,Core,rnhA,ribonuclease HI,"nucleic acid binding|0003676||IEA,RNA-DNA hybrid ribonuclease activity|0004523||IEA","GO:0003676,GO:0004523"
GCF_000597845.1|WP_000918470.1,11,Core,aroC,chorismate synthase,chorismate synthase activity|0004107||IEA,"GO:0009073,GO:0004107"
GCF_000597845.1|WP_000918506.1,11,Core,ycaM,APC family permease,"amino acid transmembrane transporter activity|0015171||IEA,transmembrane transporter activity|0022857||IEA","GO:0006865,GO:0055085,GO:0015171,GO:0022857,GO:0016020"
GCF_000597845.1|WP_000918827.1,11,Core,dnaG,DNA primase,DNA-directed RNA polymerase activity|0003899||IEA,"GO:0006269,GO:0003899"
GCF_000597845.1|WP_000919159.1,11,Core,glyA,serine hydroxymethyltransferase,,
GCF_000597845.1|WP_000919497.1,11,Core,ycbV,fimbrial protein,,"GO:0007155,GO:0009289"
GCF_000597845.1|WP_000920132.1,11,Core,hiuH,hydroxyisourate hydrolase,,
GCF_000597845.1|WP_000920762.1,11,Core,yihY,virulence factor BrkB family protein,,
GCF_000597845.1|WP_000920784.1,11,Core,rsxG,electron transport complex subunit RsxG,"electron transfer activity|0009055||IEA,FMN binding|0010181||IEA","GO:0022900,GO:0009055,GO:0010181,GO:0016020"
GCF_000597845.1|WP_000920840.1,11,Core,fucU,L-fucose mutarotase,"racemase and epimerase activity|0016854||IEA,fucose binding|0042806||IEA","GO:0042354,GO:0016854,GO:0042806"
GCF_000597845.1|WP_000921621.1,11,Core,yfaY,nicotinamide mononucleotide deamidase-related protein YfaY,,
GCF_000597845.1|WP_000921789.1,11,Core,hemY,protoheme IX biogenesis protein HemY,protein binding|0005515||IEA,"GO:0042168,GO:0005515,GO:0016020"
GCF_000597845.1|WP_000922446.1,11,Core,cdsA,phosphatidate cytidylyltransferase,transferase activity%2C transferring phosphorus-containing groups|0016772||IEA,GO:0016772
GCF_000597845.1|WP_000922639.1,11,Core,arsB,arsenite/antimonite:H(+) antiporter ArsB,,
GCF_000597845.1|WP_000922683.1,9,Accessory,yedI,DUF808 domain-containing protein,,
GCF_000597845.1|WP_000922901.1,11,Core,yrbG,calcium/sodium antiporter,,
GCF_000597845.1|WP_000923727.1,11,Core,ampD,1%2C6-anhydro-N-acetylmuramyl-L-alanine amidase AmpD,N-acetylmuramoyl-L-alanine amidase activity|0008745||IEA,"GO:0009253,GO:0008745"
GCF_000597845.1|WP_000924289.1,11,Core,yicG,trimeric intracellular cation channel family protein,,GO:0016020
GCF_000597845.1|WP_000925795.1,11,Core,mlaE,lipid asymmetry maintenance ABC transporter permease subunit MlaE,,GO:0043190
GCF_000597845.1|WP_000925997.1,11,Core,ldtD,L%2CD-transpeptidase,transferase activity|0016740||IEA,GO:0016740
GCF_000597845.1|WP_000926441.1,11,Core,nuoM,NADH-quinone oxidoreductase subunit M,NADH dehydrogenase (ubiquinone) activity|0008137||IEA,"GO:0042773,GO:0008137"
GCF_000597845.1|WP_000928723.1,11,Core,glpG,rhomboid family intramembrane serine protease GlpG,serine-type endopeptidase activity|0004252||IEA,"GO:0006508,GO:0004252,GO:0016020"
GCF_000597845.1|WP_000928829.1,11,Core,rhtC,threonine export protein RhtC,,GO:0006865
GCF_000597845.1|WP_000929408.1,11,Core,yegP,YegP family protein,,
GCF_000597845.1|WP_000929439.1,9,Accessory,cdaR,DNA-binding transcriptional regulator CdaR,,
GCF_000597845.1|WP_000931389.1,9,Accessory,galM,galactose-1-epimerase,aldose 1-epimerase activity|0004034||IEA,"GO:0006012,GO:0004034"
GCF_000597845.1|WP_000932342.1,11,Core,trmL,tRNA (uridine(34)/cytosine(34)/5-carboxymethylaminomethyluridine(34)-2'-O)-methyltransferase TrmL,RNA methyltransferase activity|0008173||IEA,"GO:0001510,GO:0008173"
GCF_000597845.1|WP_000932839.1,11,Core,rsmG,16S rRNA (guanine(527)-N(7))-methyltransferase RsmG,methyltransferase activity|0008168||IEA,"GO:0031167,GO:0046118,GO:0008168"
GCF_000597845.1|WP_000933736.1,11,Core,glmU,bifunctional UDP-N-acetylglucosamine diphosphorylase/glucosamine-1-phosphate N-acetyltransferase GlmU,"magnesium ion binding|0000287||IEA,UDP-N-acetylglucosamine diphosphorylase activity|0003977||IEA,glucosamine-1-phosphate N-acetyltransferase activity|0019134||IEA","GO:0000902,GO:0006048,GO:0009252,GO:0000287,GO:0003977,GO:0019134"
GCF_000597845.1|WP_000934218.1,11,Core,treF,alpha%2Calpha-trehalase,alpha%2Calpha-trehalase activity|0004555||IEA,"GO:0005993,GO:0004555"
GCF_000597845.1|WP_000934302.1,11,Core,rsd,sigma D regulator,,GO:0006355
GCF_000597845.1|WP_000934822.1,11,Core,secD,protein translocase subunit SecD,protein-transporting ATPase activity|0015450||IEA,"GO:0006886,GO:0043952,GO:0015450,GO:0031522"
GCF_000597845.1|WP_000934920.1,11,Core,asd,archaetidylserine decarboxylase,phosphatidylserine decarboxylase activity|0004609||IEA,"GO:0008654,GO:0004609"
GCF_000597845.1|WP_000935036.1,11,Core,paeA,hemolysin family protein,,"GO:0005886,GO:0016020"
GCF_000597845.1|WP_000935370.1,11,Core,argC,N-acetyl-gamma-glutamyl-phosphate reductase,"N-acetyl-gamma-glutamyl-phosphate reductase activity|0003942||IEA,NADP+ binding|0070401||IEA","GO:0006526,GO:0006592,GO:0003942,GO:0070401"
GCF_000597845.1|WP_000936043.1,11,Core,gsiC,glutathione ABC transporter permease GsiC,,"GO:0055085,GO:0016020"
GCF_000597845.1|WP_000936370.1,11,Core,rluF,23S rRNA pseudouridine(2604) synthase RluF,"RNA binding|0003723||IEA,pseudouridine synthase activity|0009982||IEA","GO:0001522,GO:0003723,GO:0009982"
GCF_000597845.1|WP_000936560.1,11,Core,uhpC,MFS transporter family glucose-6-phosphate receptor UhpC,,
GCF_000597845.1|WP_000936635.1,11,Core,yjjQ,helix-turn-helix domain-containing protein,,
GCF_000597845.1|WP_000937920.1,11,Core,xseA,exodeoxyribonuclease VII large subunit,exodeoxyribonuclease VII activity|0008855||IEA,"GO:0006308,GO:0008855,GO:0009318"
GCF_000597845.1|WP_000939212.1,9,Accessory,ydjY,lipoprotein YdjY,,
GCF_000597845.1|WP_000939749.1,11,Core,crcB,fluoride efflux transporter CrcB,,GO:0016020
GCF_000597845.1|WP_000939767.1,11,Core,dpiB,sensor histidine kinase DpiB,phosphorelay sensor kinase activity|0000155||IEA,"GO:0000160,GO:0000155"
GCF_000597845.1|WP_000940019.1,11,Core,trmJ,tRNA (cytosine(32)/uridine(32)-2'-O)-methyltransferase TrmJ,"RNA binding|0003723||IEA,RNA methyltransferase activity|0008173||IEA","GO:0006396,GO:0003723,GO:0008173"
GCF_000597845.1|WP_000940121.1,11,Core,rpsE,30S ribosomal protein S5,structural constituent of ribosome|0003735||IEA,"GO:0006412,GO:0003735,GO:0015935"
GCF_000597845.1|WP_000940526.1,11,Core,epmB,EF-P beta-lysylation protein EpmB,,
GCF_000597845.1|WP_000940595.1,11,Core,rpmA,50S ribosomal protein L27,structural constituent of ribosome|0003735||IEA,"GO:0006412,GO:0003735,GO:0000315,GO:0022625"
GCF_000597845.1|WP_000941212.1,11,Core,rplP,50S ribosomal protein L16,"structural constituent of ribosome|0003735||IEA,rRNA binding|0019843||IEA","GO:0006412,GO:0003735,GO:0019843"
GCF_000597845.1|WP_000941942.1,11,Core,ppnP,pyrimidine/purine nucleoside phosphorylase,,
GCF_000597845.1|WP_000942344.1,11,Core,gpmB,2%2C3-diphosphoglycerate-dependent phosphoglycerate mutase GpmB,phosphoglycerate mutase activity|0004619||IEA,"GO:0006096,GO:0004619"
GCF_000597845.1|WP_000942548.1,11,Core,ygjQ,SanA/YdcF family protein,,GO:0016020
GCF_000597845.1|WP_000943100.1,11,Core,glcE,glycolate oxidase subunit GlcE,"oxidoreductase activity|0016491||IEA,FAD binding|0071949||IEA","GO:0016491,GO:0071949"
GCF_000597845.1|WP_000943459.1,11,Core,dsbB,disulfide bond formation protein DsbB,protein-disulfide reductase activity|0015035||IEA,"GO:0006457,GO:0015035,GO:0016020"
GCF_000597845.1|WP_000944218.1,7,Accessory,yigG,protein YigG,,
GCF_000597845.1|WP_000944256.1,11,Core,exoX,exodeoxyribonuclease X,,
GCF_000597845.1|WP_000945005.1,10,Accessory,ogt,methylated-DNA--[protein]-cysteine S-methyltransferase,methylated-DNA-[protein]-cysteine S-methyltransferase activity|0003908||IEA,"GO:0006281,GO:0003908"
GCF_000597845.1|WP_000945561.1,8,Accessory,pgaB,poly-beta-1%2C6-N-acetyl-D-glucosamine N-deacetylase PgaB,,
GCF_000597845.1|WP_000945878.1,11,Core,uidA,beta-glucuronidase,hydrolase activity%2C hydrolyzing O-glycosyl compounds|0004553||IEA,"GO:0005975,GO:0004553"
GCF_000597845.1|WP_000946947.1,11,Core,recC,exodeoxyribonuclease V subunit gamma,exodeoxyribonuclease V activity|0008854||IEA,"GO:0008854,GO:0009338"
GCF_000597845.1|WP_000947159.1,11,Core,corA,magnesium/cobalt transporter CorA,"cobalt ion transmembrane transporter activity|0015087||IEA,magnesium ion transmembrane transporter activity|0015095||IEA","GO:0006824,GO:0015693,GO:0015087,GO:0015095,GO:0016020"
GCF_000597845.1|WP_000948824.1,11,Core,agaF,PTS galactosamine/N-acetylgalactosamine transporter subunit IIA,,
GCF_000597845.1|WP_000948863.1,11,Core,sufC,Fe-S cluster assembly ATPase SufC,ATP binding|0005524||IEA,GO:0005524
GCF_000597845.1|WP_000949265.1,11,Core,pssA,CDP-diacylglycerol--serine O-phosphatidyltransferase,CDP-diacylglycerol-glycerol-3-phosphate 3-phosphatidyltransferase activity|0008444||IEA,"GO:0032049,GO:0008444"
GCF_000597845.1|WP_000950409.1,11,Core,yehS,DUF1456 family protein,,
GCF_000597845.1|WP_000950963.1,1,Singleton,,protein NinF,,
GCF_000597845.1|WP_000951213.1,11,Core,bioB,biotin synthase BioB,"biotin synthase activity|0004076||IEA,iron-sulfur cluster binding|0051536||IEA,S-adenosyl-L-methionine binding|1904047||IEA","GO:0009102,GO:0004076,GO:0051536,GO:1904047"
GCF_000597845.1|WP_000951777.1,11,Core,araB,ribulokinase,"ATP binding|0005524||IEA,ribulokinase activity|0008741||IEA","GO:0019568,GO:0005524,GO:0008741"
GCF_000597845.1|WP_000952737.1,11,Core,cobB,Sir2 family NAD+-dependent deacetylase,NAD+ binding|0070403||IEA,GO:0070403
GCF_000597845.1|WP_000953278.1,11,Core,ygdT,protein YgdT,,
GCF_000597845.1|WP_000953353.1,11,Core,nikA,nickel ABC transporter substrate-binding protein,"ABC-type nickel transporter activity|0015413||IEA,nickel cation binding|0016151||IEA","GO:0015675,GO:0015413,GO:0016151,GO:0009897,GO:0030288,GO:0055052"
GCF_000597845.1|WP_000954225.1,11,Core,rlmJ,23S rRNA (adenine(2030)-N(6))-methyltransferase,,
GCF_000597845.1|WP_000955025.1,11,Core,yfdV,transporter YfdV,,
GCF_000597845.1|WP_000956313.1,11,Core,yihN,MFS transporter,transmembrane transporter activity|0022857||IEA,"GO:0055085,GO:0022857,GO:0016020"
GCF_000597845.1|WP_000956642.1,10,Accessory,viaA,ATPase RavA stimulator ViaA,,
GCF_000597845.1|WP_000956830.1,11,Core,yjbB,Na/Pi cotransporter family protein,sodium:phosphate symporter activity|0005436||IEA,"GO:0044341,GO:0005436,GO:0005886"
GCF_000597845.1|WP_000957914.1,11,Core,ptsP,phosphoenolpyruvate--protein phosphotransferase,,
GCF_000597845.1|WP_000958598.1,11,Core,ygiN,putative quinol monooxygenase,"monooxygenase activity|0004497||IEA,oxidoreductase activity|0016491||IEA","GO:0017000,GO:0004497,GO:0016491"
GCF_000597845.1|WP_000959109.1,8,Accessory,,deaminated glutathione amidase,,
GCF_000597845.1|WP_000961458.1,11,Core,ybiT,ABC-F family ATPase,"ATP binding|0005524||IEA,ATP hydrolysis activity|0016887||IEA","GO:0005524,GO:0016887"
GCF_000597845.1|WP_000961959.1,11,Core,dcuA,anaerobic C4-dicarboxylate transporter DcuA,,
GCF_000597845.1|WP_000963143.1,11,Core,recA,recombinase RecA,"DNA binding|0003677||IEA,single-stranded DNA binding|0003697||IEA,ATP binding|0005524||IEA,ATP-dependent activity%2C acting on DNA|0008094||IEA","GO:0006281,GO:0003677,GO:0003697,GO:0005524,GO:0008094"
GCF_000597845.1|WP_000963518.1,11,Core,aceF,pyruvate dehydrogenase complex dihydrolipoyllysine-residue acetyltransferase,dihydrolipoyllysine-residue acetyltransferase activity|0004742||IEA,"GO:0006096,GO:0004742,GO:0045254"
GCF_000597845.1|WP_000963837.1,11,Core,ndk,nucleoside-diphosphate kinase,nucleoside diphosphate kinase activity|0004550||IEA,GO:0004550
GCF_000597845.1|WP_000964131.1,11,Core,mraY,phospho-N-acetylmuramoyl-pentapeptide-transferase,phospho-N-acetylmuramoyl-pentapeptide-transferase activity|0008963||IEA,"GO:0009252,GO:0008963,GO:0016020"
GCF_000597845.1|WP_000965518.1,11,Core,hisQ,histidine ABC transporter permease HisQ,,
GCF_000597845.1|WP_000965672.1,11,Core,hdeD,acid-resistance protein HdeD,,
GCF_000597845.1|WP_000965722.1,11,Core,plsC,1-acylglycerol-3-phosphate O-acyltransferase,,
GCF_000597845.1|WP_000965936.1,11,Core,fadB,fatty acid oxidation complex subunit alpha FadB,"3-hydroxyacyl-CoA dehydrogenase activity|0003857||IEA,delta(3)-delta(2)-enoyl-CoA isomerase activity|0004165||IEA,enoyl-CoA hydratase activity|0004300||IEA,3-hydroxybutyryl-CoA epimerase activity|0008692||IEA","GO:0009062,GO:0003857,GO:0004165,GO:0004300,GO:0008692,GO:0036125"
GCF_000597845.1|WP_000967595.1,11,Core,yciI,YciI family protein,,
GCF_000597845.1|WP_000968208.1,11,Core,yohK,CidB/LrgB family autolysis modulator,,
GCF_000597845.1|WP_000969032.1,11,Core,dgcN,diguanylate cyclase DgcN,,"GO:0007165,GO:0016020"
GCF_000597845.1|WP_000969092.1,11,Core,uidR,DNA-binding transcriptional regulator UidR,,
GCF_000597845.1|WP_000969372.1,11,Core,ppiD,peptidylprolyl isomerase,peptidyl-prolyl cis-trans isomerase activity|0003755||IEA,GO:0003755
GCF_000597845.1|WP_000970117.1,11,Core,purL,phosphoribosylformylglycinamidine synthase,phosphoribosylformylglycinamidine synthase activity|0004642||IEA,GO:0004642
GCF_000597845.1|WP_000970330.1,11,Core,ybbJ,NfeD family protein,,GO:0016020
GCF_000597845.1|WP_000970479.1,11,Core,rsmH,16S rRNA (cytosine(1402)-N(4))-methyltransferase RsmH,rRNA (cytosine) methyltransferase activity|0016434||IEA,GO:0016434
GCF_000597845.1|WP_000971336.1,11,Core,cyoE,heme o synthase,protoheme IX farnesyltransferase activity|0008495||IEA,"GO:0048034,GO:0008495,GO:0016020"
GCF_000597845.1|WP_000971730.1,11,Core,ccmB,heme exporter protein CcmB,heme transmembrane transporter activity|0015232||IEA,"GO:0015886,GO:0015232"
GCF_000597845.1|WP_000971886.1,11,Core,phnN,ribose 1%2C5-bisphosphokinase,ribose 1%2C5-bisphosphate phosphokinase activity|0033863||IEA,"GO:0006015,GO:0033863"
GCF_000597845.1|WP_000972203.1,11,Core,yadH,ABC transporter permease,ABC-type transporter activity|0140359||IEA,"GO:0140359,GO:0016020,GO:0043190"
GCF_000597845.1|WP_000973083.1,11,Core,fadE,acyl-CoA dehydrogenase FadE,"acyl-CoA dehydrogenase activity|0003995||IEA,flavin adenine dinucleotide binding|0050660||IEA","GO:0033539,GO:0003995,GO:0050660"
GCF_000597845.1|WP_000973448.1,11,Core,bolA,transcriptional regulator BolA,,
GCF_000597845.1|WP_000973663.1,11,Core,lamB,maltoporin LamB,,
GCF_000597845.1|WP_000974813.1,11,Core,yajD,HNH nuclease YajD,,
GCF_000597845.1|WP_000976004.1,11,Core,yfiL,DUF2799 domain-containing protein,,
GCF_000597845.1|WP_000976070.1,11,Core,dut,dUTP diphosphatase,"magnesium ion binding|0000287||IEA,dUTP diphosphatase activity|0004170||IEA","GO:0006226,GO:0046081,GO:0000287,GO:0004170"
GCF_000597845.1|WP_000977757.1,11,Core,ecnA,lipoprotein antitoxin entericidin A,,
GCF_000597845.1|WP_000978494.1,11,Core,dmlA,multifunctional D-malate/3-isopropylmalate/tartarate dehydrogenase,,
GCF_000597845.1|WP_000979516.1,11,Core,,hypothetical protein,,
GCF_000597845.1|WP_000979881.1,11,Core,nanQ,N-acetylneuraminate anomerase,,GO:0006974
GCF_000597845.1|WP_000979977.1,11,Core,ymgD,YmgD family protein,,
GCF_000597845.1|WP_000980098.1,11,Core,ydjZ,TVP38/TMEM64 family protein,,GO:0016020
GCF_000597845.1|WP_000980107.1,11,Core,ysaB,YsaB family lipoprotein,,
GCF_000597845.1|WP_000980605.1,11,Core,sbcB,exodeoxyribonuclease I,"3'-5'-RNA exonuclease activity|0000175||IEA,nucleic acid binding|0003676||IEA,single-stranded DNA 3'-5' DNA exonuclease activity|0008310||IEA","GO:0006281,GO:0000175,GO:0003676,GO:0008310"
GCF_000597845.1|WP_000981977.1,11,Core,tsaE,tRNA (adenosine(37)-N6)-threonylcarbamoyltransferase complex ATPase subunit type 1 TsaE,,GO:0002949
GCF_000597845.1|WP_000982078.1,11,Core,waaH,UDP-glucuronate:LPS(HepIII) glycosyltransferase,,
GCF_000597845.1|WP_000982172.1,11,Core,ybaT,APC family permease,"amino acid transmembrane transporter activity|0015171||IEA,transmembrane transporter activity|0022857||IEA","GO:0006865,GO:0055085,GO:0015171,GO:0022857,GO:0016020"
GCF_000597845.1|WP_000982997.1,11,Core,csiE,stationary phase inducible protein CsiE,,
GCF_000597845.1|WP_000983255.1,11,Core,ilvM,acetolactate synthase 2 small subunit,,
GCF_000597845.1|WP_000983410.1,9,Accessory,yahN,LysE family transporter,,
GCF_000597845.1|WP_000983609.1,11,Core,cheZ,protein phosphatase CheZ,catalytic activity|0003824||IEA,"GO:0050920,GO:0003824"
GCF_000597845.1|WP_000983653.1,11,Core,chbR,transcriptional regulator ChbR,DNA-binding transcription factor activity|0003700||IEA,"GO:0006355,GO:0003700"
GCF_000597845.1|WP_000983865.1,11,Core,trpCF,bifunctional indole-3-glycerol-phosphate synthase TrpC/phosphoribosylanthranilate isomerase TrpF,"indole-3-glycerol-phosphate synthase activity|0004425||IEA,phosphoribosylanthranilate isomerase activity|0004640||IEA","GO:0006568,GO:0004425,GO:0004640"
GCF_000597845.1|WP_000984517.1,11,Core,htpX,protease HtpX,metalloendopeptidase activity|0004222||IEA,"GO:0006508,GO:0004222"
GCF_000597845.1|WP_000984796.1,11,Core,yggN,DUF2884 domain-containing protein,,
GCF_000597845.1|WP_000984974.1,8,Accessory,,hypothetical protein,,
GCF_000597845.1|WP_000985273.1,10,Accessory,tsuB,thiosulfate utilization sulfurtransferase TsuB/YeeD,,
GCF_000597845.1|WP_000985336.1,11,Core,fryC,PTS fructose transporter subunit IIC,protein-N(PI)-phosphohistidine-sugar phosphotransferase activity|0008982||IEA,"GO:0009401,GO:0008982,GO:0016020"
GCF_000597845.1|WP_000985483.1,11,Core,proV,glycine betaine/L-proline ABC transporter ATP-binding protein ProV,ATP binding|0005524||IEA,"GO:0031460,GO:0005524"
GCF_000597845.1|WP_000985541.1,11,Core,yidA,sugar-phosphatase,hydrolase activity|0016787||IEA,GO:0016787
GCF_000597845.1|WP_000986023.1,11,Core,acpS,holo-ACP synthase,holo-[acyl-carrier-protein] synthase activity|0008897||IEA,"GO:0008610,GO:0008897"
GCF_000597845.1|WP_000986601.1,11,Core,melA,alpha-galactosidase,,
GCF_000597845.1|WP_000986797.1,11,Core,ttdA,L(+)-tartrate dehydratase subunit alpha,L(+)-tartrate dehydratase activity|0008730||IEA,GO:0008730
GCF_000597845.1|WP_000987525.1,4,Accessory,yeaV,BCCT family transporter YeaV,,
GCF_000597845.1|WP_000988308.1,11,Core,bcsF,cellulose biosynthesis protein BcsF,,GO:0052324
GCF_000597845.1|WP_000988496.1,11,Core,yrhA,protein YrhA,,
GCF_000597845.1|WP_000989419.1,11,Core,astA,arginine N-succinyltransferase,arginine N-succinyltransferase activity|0008791||IEA,"GO:0006527,GO:0008791"
GCF_000597845.1|WP_000990177.1,11,Core,ybiX,PKHD-type hydroxylase YbiX,,
GCF_000597845.1|WP_000990333.1,11,Core,amiB,N-acetylmuramoyl-L-alanine amidase AmiB,N-acetylmuramoyl-L-alanine amidase activity|0008745||IEA,"GO:0009253,GO:0008745"
GCF_000597845.1|WP_000990754.1,11,Core,ubiG,bifunctional 2-polyprenyl-6-hydroxyphenol methylase/3-demethylubiquinol 3-O-methyltransferase UbiG,3-demethylubiquinol 3-O-methyltransferase activity|0061542||IEA,"GO:0006744,GO:0061542"
GCF_000597845.1|WP_000991370.1,11,Core,evgA,acid-sensing system DNA-binding response regulator EvgA,,
GCF_000597845.1|WP_000991805.1,11,Core,rsxB,electron transport complex subunit RsxB,"electron transfer activity|0009055||IEA,iron-sulfur cluster binding|0051536||IEA","GO:0022900,GO:0009055,GO:0051536"
GCF_000597845.1|WP_000991832.1,1,Singleton,,S-4TM family putative pore-forming effector,,
GCF_000597845.1|WP_000992002.1,11,Core,phnD,phosphonate ABC transporter substrate-binding protein,,"GO:0015716,GO:0043190"
GCF_000597845.1|WP_000993087.1,11,Core,glaH,glutarate dioxygenase GlaH,oxidoreductase activity%2C acting on paired donors%2C with incorporation or reduction of molecular oxygen%2C with 2-oxoglutarate as one donor%2C and the other dehydrogenated|0050498||IEA,GO:0050498
GCF_000597845.1|WP_000993386.1,1,Singleton,merE,broad-spectrum mercury transporter MerE,,
GCF_000597845.1|WP_000995016.1,11,Core,astB,N-succinylarginine dihydrolase,N-succinylarginine dihydrolase activity|0009015||IEA,"GO:0006527,GO:0009015"
GCF_000597845.1|WP_000996107.1,11,Core,ybhF,ATP-binding cassette domain-containing protein,ATP binding|0005524||IEA,GO:0005524
GCF_000597845.1|WP_000996856.1,11,Core,puuP,putrescine/proton symporter PuuP,,
GCF_000597845.1|WP_000997403.1,11,Core,yfiF,tRNA/rRNA methyltransferase,"RNA binding|0003723||IEA,RNA methyltransferase activity|0008173||IEA","GO:0006396,GO:0003723,GO:0008173"
GCF_000597845.1|WP_000997795.1,11,Core,yggS,pyridoxal phosphate homeostasis protein,,
GCF_000597845.1|WP_000999630.1,11,Core,yoaI,small membrane protein YoaI,,
GCF_000597845.1|WP_000999947.1,11,Core,cyaY,iron donor protein CyaY,iron ion binding|0005506||IEA,"GO:0016226,GO:0005506"
GCF_000597845.1|WP_001000960.1,11,Core,yajR,MFS transporter,transmembrane transporter activity|0022857||IEA,"GO:0055085,GO:0022857,GO:0016020"
GCF_000597845.1|WP_001001166.1,11,Core,rutE,malonic semialdehyde reductase,oxidoreductase activity|0016491||IEA,GO:0016491
GCF_000597845.1|WP_001001273.1,1,Singleton,,anti-CBASS protein Acb1 family protein,,
GCF_000597845.1|WP_001001761.1,11,Core,mntS,manganase accumulation protein MntS,,
GCF_000597845.1|WP_001001902.1,11,Core,ycdY,molecular chaperone YcdY,,
GCF_000597845.1|WP_001002544.1,11,Core,yhgN,NAAT family transporter YhgN,,
GCF_000597845.1|WP_001005579.1,11,Core,ppc,phosphoenolpyruvate carboxylase,phosphoenolpyruvate carboxylase activity|0008964||IEA,"GO:0006099,GO:0015977,GO:0008964"
GCF_000597845.1|WP_001006866.1,11,Core,yebO,YebO family protein,,
GCF_000597845.1|WP_001007138.1,11,Core,entB,enterobactin biosynthesis bifunctional isochorismatase/aryl carrier protein EntB,,
GCF_000597845.1|WP_001007447.1,9,Accessory,mhpA,bifunctional 3-(3-hydroxy-phenyl)propionate/3-hydroxycinnamic acid hydroxylase,3-(3-hydroxyphenyl)propionate hydroxylase activity|0008688||IEA,"GO:0019622,GO:0008688"
GCF_000597845.1|WP_001007730.1,10,Accessory,yheV,YheV family putative zinc ribbon protein,,
GCF_000597845.1|WP_001007759.1,11,Core,zinT,metal-binding protein ZinT,zinc ion binding|0008270||IEA,GO:0008270
GCF_000597845.1|WP_001008049.1,11,Core,yjeJ,YjeJ family protein,,
GCF_000597845.1|WP_001008535.1,11,Core,fabG,3-oxoacyl-ACP reductase FabG,"3-oxoacyl-[acyl-carrier-protein] reductase (NADPH) activity|0004316||IEA,NAD binding|0051287||IEA","GO:0006633,GO:0004316,GO:0051287"
GCF_000597845.1|WP_001008963.1,11,Core,nikC,nickel ABC transporter permease subunit NikC,nickel cation transmembrane transporter activity|0015099||IEA,"GO:0055085,GO:0015099,GO:0016020"
GCF_000597845.1|WP_001009885.1,11,Core,acpH,ACP phosphodiesterase,[acyl-carrier-protein] phosphodiesterase activity|0008770||IEA,"GO:0006633,GO:0008770"
GCF_000597845.1|WP_001010696.1,11,Core,tcyP,cystine/sulfocysteine:cation symporter,,
GCF_000597845.1|WP_001012899.1,11,Core,yfbS,SLC13 family permease,monoatomic cation transmembrane transporter activity|0008324||IEA,GO:0008324
GCF_000597845.1|WP_001013779.1,11,Core,yfhH,MurR/RpiR family transcriptional regulator,DNA-binding transcription factor activity|0003700||IEA,"GO:0006355,GO:0003700"
GCF_000597845.1|WP_001013890.1,10,Accessory,yahC,DUF1097 domain-containing protein,,GO:0005886
GCF_000597845.1|WP_001014565.1,11,Core,yjcH,DUF485 domain-containing protein,,GO:0016020
GCF_000597845.1|WP_001015028.1,9,Accessory,fliT,flagella biosynthesis regulatory protein FliT,,"GO:0006605,GO:0044780,GO:1902209"
GCF_000597845.1|WP_001015110.1,11,Core,ymjA,YmjA family protein,,
GCF_000597845.1|WP_001016605.1,11,Core,xdhC,xanthine dehydrogenase iron sulfur-binding subunit XdhC,,
GCF_000597845.1|WP_001016695.1,11,Core,murB,UDP-N-acetylmuramate dehydrogenase,"UDP-N-acetylmuramate dehydrogenase activity|0008762||IEA,FAD binding|0071949||IEA","GO:0008762,GO:0071949"
GCF_000597845.1|WP_001018040.1,11,Core,ybeZ,PhoH family protein,ATP binding|0005524||IEA,GO:0005524
GCF_000597845.1|WP_001018194.1,11,Core,map,type I methionyl aminopeptidase,metalloaminopeptidase activity|0070006||IEA,"GO:0006508,GO:0070006"
GCF_000597845.1|WP_001018416.1,11,Core,tauA,taurine ABC transporter substrate-binding protein,ABC-type taurine transporter transporter activity|0015411||IEA,"GO:0055085,GO:0015411,GO:0042597,GO:0043190"
GCF_000597845.1|WP_001018731.1,11,Core,emrY,multidrug efflux MFS transporter permease subunit EmrY,,
GCF_000597845.1|WP_001019197.1,11,Core,gnsA,GnsA/GnsB family addiction module toxin,,
GCF_000597845.1|WP_001019882.1,11,Core,yeaG,protein kinase YeaG,,
GCF_000597845.1|WP_001021161.1,11,Core,ribH,6%2C7-dimethyl-8-ribityllumazine synthase,6%2C7-dimethyl-8-ribityllumazine synthase activity|0000906||IEA,"GO:0000906,GO:0009349"
GCF_000597845.1|WP_001021473.1,3,Accessory,,hypothetical protein,,
GCF_000597845.1|WP_001023104.1,11,Core,nagE,PTS N-acetyl glucosamine transporter subunit IIABC,"protein-N(PI)-phosphohistidine-sugar phosphotransferase activity|0008982||IEA,N-acetylglucosamine transmembrane transporter activity|0015572||IEA","GO:0009401,GO:0008982,GO:0015572,GO:0016020"
GCF_000597845.1|WP_001024904.1,11,Core,yebB,YebB family permuted papain-like enzyme,,
GCF_000597845.1|WP_001025193.1,11,Core,gspE,type II secretion system protein GspE,,
GCF_000597845.1|WP_001025326.1,11,Core,argS,arginine--tRNA ligase,"arginine-tRNA ligase activity|0004814||IEA,ATP binding|0005524||IEA","GO:0006420,GO:0004814,GO:0005524,GO:0005737"
GCF_000597845.1|WP_001026276.1,11,Core,groS,co-chaperone GroES,"ATP binding|0005524||IEA,ATP-dependent protein folding chaperone|0140662||IEA","GO:0005524,GO:0140662"
GCF_000597845.1|WP_001026418.1,11,Core,ccmE,cytochrome c maturation protein CcmE,,
GCF_000597845.1|WP_001027452.1,11,Core,yidH,YidH family protein,,GO:0005886
GCF_000597845.1|WP_001027964.1,11,Core,ydcF,DUF218 domain-containing protein YdcF,,
GCF_000597845.1|WP_001028083.1,11,Core,rutF,NADH-dependent FMN reductase RutF,FMN reductase [NAD(P)H] activity|0008752||IEA,GO:0008752
GCF_000597845.1|WP_001028339.1,11,Core,yfcH,TIGR01777 family oxidoreductase,catalytic activity|0003824||IEA,GO:0003824
GCF_000597845.1|WP_001028614.1,11,Core,purN,phosphoribosylglycinamide formyltransferase,phosphoribosylglycinamide formyltransferase activity|0004644||IEA,"GO:0006189,GO:0004644"
GCF_000597845.1|WP_001029013.1,11,Core,yhcO,barstar family protein,,
GCF_000597845.1|WP_001029684.1,11,Core,rpsK,30S ribosomal protein S11,structural constituent of ribosome|0003735||IEA,"GO:0006412,GO:0003735,GO:0005840"
GCF_000597845.1|WP_001029698.1,11,Core,radA,DNA repair protein RadA,"damaged DNA binding|0003684||IEA,ATP binding|0005524||IEA","GO:0006281,GO:0003684,GO:0005524"
GCF_000597845.1|WP_001030339.1,11,Core,nth,endonuclease III,DNA-(apurinic or apyrimidinic site) endonuclease activity|0003906||IEA,"GO:0006284,GO:0003906"
GCF_000597845.1|WP_001030593.1,11,Core,yjbJ,CsbD family protein,,
GCF_000597845.1|WP_001031057.1,11,Core,nusA,transcription termination factor NusA,RNA binding|0003723||IEA,"GO:0006353,GO:0003723"
GCF_000597845.1|WP_001031834.1,11,Core,yhfL,YhfL family protein,,
GCF_000597845.1|WP_001032936.1,11,Core,nemR,DNA-binding transcriptional regulator NemR,,
GCF_000597845.1|WP_001033352.1,11,Core,dauA,C4-dicarboxylic acid transporter DauA,,
GCF_000597845.1|WP_001033694.1,11,Core,lolD,lipoprotein-releasing ABC transporter ATP-binding protein LolD,ATP binding|0005524||IEA,"GO:0042953,GO:0005524,GO:0016020"
GCF_000597845.1|WP_001035673.1,8,Accessory,ybeT,tetratricopeptide repeat protein,protein binding|0005515||IEA,GO:0005515
GCF_000597845.1|WP_001036475.1,11,Core,ybhI,anion permease,transmembrane transporter activity|0022857||IEA,"GO:0022857,GO:0005886"
GCF_000597845.1|WP_001036964.1,9,Accessory,mglB,galactose/glucose ABC transporter substrate-binding protein MglB,carbohydrate binding|0030246||IEA,GO:0030246
GCF_000597845.1|WP_001039044.1,11,Core,osmE,osmotically-inducible lipoprotein OsmE,,GO:0019867
GCF_000597845.1|WP_001040187.1,11,Core,infA,translation initiation factor IF-1,translation initiation factor activity|0003743||IEA,"GO:0006413,GO:0003743"
GCF_000597845.1|WP_001040205.1,11,Core,rbfA,30S ribosome-binding factor RbfA,,GO:0006364
GCF_000597845.1|WP_001040483.1,11,Core,murP,PTS N-acetylmuramic acid transporter subunit IIBC,protein-N(PI)-phosphohistidine-sugar phosphotransferase activity|0008982||IEA,"GO:0009401,GO:0008982,GO:0016020"
GCF_000597845.1|WP_001041743.1,7,Accessory,gspI,type II secretion system minor pseudopilin GspI,,"GO:0015628,GO:0015627"
GCF_000597845.1|WP_001042003.1,11,Core,ftsX,permease-like cell division protein FtsX,,GO:0000910
GCF_000597845.1|WP_001043265.1,11,Core,sul2,sulfonamide-resistant dihydropteroate synthase Sul2,,
GCF_000597845.1|WP_001043459.1,11,Core,ycfJ,glycine zipper 2TM domain-containing protein,,
GCF_000597845.1|WP_001043816.1,11,Core,mepA,penicillin-insensitive murein endopeptidase,serine-type endopeptidase activity|0004252||IEA,"GO:0006508,GO:0004252,GO:0030288"
GCF_000597845.1|WP_001043882.1,11,Core,msrC,L-methionine (R)-S-oxide reductase,,
GCF_000597845.1|WP_001044880.1,11,Core,ybeL,zinc ribbon-containing protein,,
GCF_000597845.1|WP_001045520.1,11,Core,rlmM,23S rRNA (cytidine(2498)-2'-O)-methyltransferase RlmM,methyltransferase activity|0008168||IEA,GO:0008168
GCF_000597845.1|WP_001045689.1,11,Core,sbp,sulfate/thiosulfate ABC transporter substrate-binding protein Sbp,,
GCF_000597845.1|WP_001046187.1,11,Core,alsB,D-allose transporter substrate-binding protein,,
GCF_000597845.1|WP_001046453.1,11,Core,yihT,sulfofructosephosphate aldolase,,
GCF_000597845.1|WP_001046829.1,10,Accessory,smrA,DNA endonuclease SmrA,,
GCF_000597845.1|WP_001047336.1,11,Core,ispB,octaprenyl diphosphate synthase,,GO:0008299
GCF_000597845.1|WP_001048602.1,11,Core,sucC,ADP-forming succinate--CoA ligase subunit beta,"catalytic activity|0003824||IEA,ATP binding|0005524||IEA,metal ion binding|0046872||IEA","GO:0006099,GO:0003824,GO:0005524,GO:0046872"
GCF_000597845.1|WP_001049550.1,7,Accessory,,DUF3251 domain-containing protein,,
GCF_000597845.1|WP_001049791.1,11,Core,nupG,nucleoside permease NupG,,
GCF_000597845.1|WP_001050745.1,11,Core,yqfG,protein YqfG,,
GCF_000597845.1|WP_001051798.1,11,Core,rpmG,50S ribosomal protein L33,structural constituent of ribosome|0003735||IEA,"GO:0006412,GO:0003735,GO:0005840"
GCF_000597845.1|WP_001051883.1,11,Core,hfq,RNA chaperone Hfq,RNA binding|0003723||IEA,"GO:0006355,GO:0003723"
GCF_000597845.1|WP_001052132.1,11,Core,pmrB,two-component system sensor histidine kinase PmrB,,
GCF_000597845.1|WP_001052181.1,11,Core,mobA,molybdenum cofactor guanylyltransferase MobA,catalytic activity|0003824||IEA,"GO:0006777,GO:0003824"
GCF_000597845.1|WP_001052219.1,11,Core,atpF,F0F1 ATP synthase subunit B,proton transmembrane transporter activity|0015078||IEA,"GO:0015986,GO:0015078"
GCF_000597845.1|WP_001052715.1,11,Core,gloB,hydroxyacylglutathione hydrolase,hydroxyacylglutathione hydrolase activity|0004416||IEA,"GO:0019243,GO:0004416"
GCF_000597845.1|WP_001053178.1,11,Core,yqgE,YqgE/AlgH family protein,,
GCF_000597845.1|WP_001053305.1,11,Core,ybgA,YbgA family protein,,
GCF_000597845.1|WP_001054207.1,11,Core,ydeE,efflux MFS transporter YdeE,transmembrane transporter activity|0022857||IEA,"GO:0055085,GO:0022857"
GCF_000597845.1|WP_001054420.1,11,Core,yhbY,ribosome assembly RNA-binding protein YhbY,,
GCF_000597845.1|WP_001054527.1,11,Core,rho,transcription termination factor Rho,"RNA binding|0003723||IEA,ATP binding|0005524||IEA,ATP-dependent activity%2C acting on RNA|0008186||IEA","GO:0006353,GO:0003723,GO:0005524,GO:0008186"
GCF_000597845.1|WP_001055760.1,11,Core,hofO,DNA utilization protein HofO,,
GCF_000597845.1|WP_001055874.1,11,Core,fldB,flavodoxin FldB,"electron transfer activity|0009055||IEA,FMN binding|0010181||IEA","GO:0009055,GO:0010181"
GCF_000597845.1|WP_001056384.1,11,Core,ldtB,L%2CD-transpeptidase,,
GCF_000597845.1|WP_001056490.1,10,Accessory,yciF,ferritin-like domain-containing protein,metal ion binding|0046872||IEA,GO:0046872
GCF_000597845.1|WP_001056706.1,11,Core,hexR,DNA-binding transcriptional regulator HexR,,
GCF_000597845.1|WP_001057453.1,11,Core,slp,outer membrane lipoprotein Slp,,
GCF_000597845.1|WP_001058209.1,11,Core,garL,2-dehydro-3-deoxyglucarate aldolase,2-dehydro-3-deoxyglucarate aldolase activity|0008672||IEA,"GO:0019394,GO:0008672"
GCF_000597845.1|WP_001058323.1,11,Core,hyaA,hydrogenase 1 small subunit,,
GCF_000597845.1|WP_001059136.1,11,Core,yghW,DUF2623 family protein YghW,,
GCF_000597845.1|WP_001059169.1,11,Core,nadK,NAD(+) kinase,NAD+ kinase activity|0003951||IEA,GO:0003951
GCF_000597845.1|WP_001059398.1,11,Core,yjgM,GNAT family N-acetyltransferase,"N-acetyltransferase activity|0008080||IEA,acyltransferase activity|0016746||IEA","GO:0008080,GO:0016746"
GCF_000597845.1|WP_001059847.1,10,Accessory,yafP,GNAT family N-acetyltransferase,,
GCF_000597845.1|WP_001059939.1,11,Core,hypE,hydrogenase maturation carbamoyl dehydratase HypE,,
GCF_000597845.1|WP_001060098.1,11,Core,bioH,pimeloyl-ACP methyl ester esterase BioH,carboxylic ester hydrolase activity|0052689||IEA,GO:0052689
GCF_000597845.1|WP_001060231.1,11,Core,amn,AMP nucleosidase,AMP nucleosidase activity|0008714||IEA,"GO:0009116,GO:0044209,GO:0008714"
GCF_000597845.1|WP_001061095.1,8,Accessory,pgaD,poly-beta-1%2C6-N-acetyl-D-glucosamine biosynthesis protein PgaD,,
GCF_000597845.1|WP_001061445.1,2,Accessory,,KilA-N domain-containing protein,"DNA-binding transcription factor activity|0003700||IEA,sequence-specific DNA binding|0043565||IEA","GO:0003700,GO:0043565"
GCF_000597845.1|WP_001061917.1,9,Accessory,rcsB,response regulator transcription factor RcsB,,
GCF_000597845.1|WP_001062128.1,11,Core,metK,methionine adenosyltransferase,"methionine adenosyltransferase activity|0004478||IEA,ATP binding|0005524||IEA","GO:0006556,GO:0004478,GO:0005524"
GCF_000597845.1|WP_001063318.1,11,Core,bcsR,cellulose biosynthesis protein BcsR,,
GCF_000597845.1|WP_001064038.1,11,Core,wecG,lipopolysaccharide N-acetylmannosaminouronosyltransferase,lipopolysaccharide N-acetylmannosaminouronosyltransferase activity|0047241||IEA,GO:0047241
GCF_000597845.1|WP_001065381.1,11,Core,rsmA,16S rRNA (adenine(1518)-N(6)/adenine(1519)-N(6))-dimethyltransferase RsmA,rRNA (adenine-N6%2CN6-)-dimethyltransferase activity|0000179||IEA,"GO:0006364,GO:0000179"
GCF_000597845.1|WP_001065497.1,11,Core,srkA,stress response kinase SrkA,,
GCF_000597845.1|WP_001065695.1,11,Core,adeD,adenine deaminase,,
GCF_000597845.1|WP_001065861.1,11,Core,ymgF,cell division-associated protein YmgF,,GO:0051301
GCF_000597845.1|WP_001066080.1,10,Accessory,,hypothetical protein,,
GCF_000597845.1|WP_001066494.1,11,Core,nfeF,NADPH-dependent ferric chelate reductase NfeF,,
GCF_000597845.1|WP_001067519.1,11,Core,feaR,transcriptional regulator FeaR,"DNA-binding transcription factor activity|0003700||IEA,sequence-specific DNA binding|0043565||IEA","GO:0006355,GO:0003700,GO:0043565"
GCF_000597845.1|WP_001068343.1,11,Core,rnc,ribonuclease III,"RNA binding|0003723||IEA,ribonuclease III activity|0004525||IEA","GO:0006364,GO:0006396,GO:0003723,GO:0004525"
GCF_000597845.1|WP_001068682.1,11,Core,bcp,thioredoxin-dependent thiol peroxidase,"antioxidant activity|0016209||IEA,oxidoreductase activity|0016491||IEA","GO:0016209,GO:0016491"
GCF_000597845.1|WP_001068910.1,8,Accessory,fecR,ferric citrate uptake sigma factor regulator FecR,,
GCF_000597845.1|WP_001069315.1,11,Core,hofN,DNA utilization protein HofN,,
GCF_000597845.1|WP_001069487.1,11,Core,edd,phosphogluconate dehydratase,phosphogluconate dehydratase activity|0004456||IEA,"GO:0009255,GO:0004456"
GCF_000597845.1|WP_001069977.1,11,Core,phsC,thiosulfate reductase cytochrome B subunit,,
GCF_000597845.1|WP_001070177.1,11,Core,trmH,tRNA (guanosine(18)-2'-O)-methyltransferase TrmH,tRNA (guanine(18)-2'-O)-methyltransferase activity|0141100||IEA,"GO:0030488,GO:0141100"
GCF_000597845.1|WP_001070230.1,11,Core,ydhY,ferredoxin-like protein,,
GCF_000597845.1|WP_001070350.1,11,Core,mdoC,glucans biosynthesis protein MdoC,transferase activity|0016740||IEA,GO:0016740
GCF_000597845.1|WP_001070563.1,11,Core,yrdB,DUF1488 domain-containing protein,,
GCF_000597845.1|WP_001071648.1,11,Core,mazG,nucleoside triphosphate pyrophosphohydrolase,,
GCF_000597845.1|WP_001072837.1,9,Accessory,paaC,1%2C2-phenylacetyl-CoA epoxidase subunit PaaC,,GO:0010124
GCF_000597845.1|WP_001075170.1,11,Core,nrdA,class 1a ribonucleoside-diphosphate reductase subunit alpha,"ribonucleoside-diphosphate reductase activity%2C thioredoxin disulfide as acceptor|0004748||IEA,ATP binding|0005524||IEA","GO:0006260,GO:0004748,GO:0005524"
GCF_000597845.1|WP_001075863.1,11,Core,uidB,glucuronide transporter,transmembrane transporter activity|0022857||IEA,"GO:0006810,GO:0022857,GO:0016020"
GCF_000597845.1|WP_001076044.1,7,Accessory,gspH,type II secretion system minor pseudopilin GspH,,"GO:0015628,GO:0015627"
GCF_000597845.1|WP_001076194.1,11,Core,gpsA,NAD(P)H-dependent glycerol-3-phosphate dehydrogenase,glycerol-3-phosphate dehydrogenase [NAD(P)+] activity|0047952||IEA,"GO:0006072,GO:0047952"
GCF_000597845.1|WP_001076535.1,11,Core,ydcZ,DMT family transporter,transporter activity|0005215||IEA,"GO:0055085,GO:0005215,GO:0016020"
GCF_000597845.1|WP_001076742.1,11,Core,fieF,CDF family cation-efflux transporter FieF,monoatomic cation transmembrane transporter activity|0008324||IEA,"GO:0006812,GO:0055085,GO:0008324,GO:0016020"
GCF_000597845.1|WP_001076997.1,11,Core,ribB,3%2C4-dihydroxy-2-butanone-4-phosphate synthase,3%2C4-dihydroxy-2-butanone-4-phosphate synthase activity|0008686||IEA,GO:0008686
GCF_000597845.1|WP_001077143.1,8,Accessory,,NAD-dependent epimerase/dehydratase family protein,"oxidoreductase activity|0016491||IEA,NAD binding|0051287||IEA,NAD+ binding|0070403||IEA","GO:0016491,GO:0051287,GO:0070403"
GCF_000597845.1|WP_001077358.1,10,Accessory,srlD,sorbitol-6-phosphate dehydrogenase,oxidoreductase activity|0016491||IEA,GO:0016491
GCF_000597845.1|WP_001078139.1,11,Core,mdtQ,multidrug resistance outer membrane protein MdtQ,efflux transmembrane transporter activity|0015562||IEA,"GO:0055085,GO:0015562,GO:0016020"
GCF_000597845.1|WP_001078777.1,11,Core,hydN,electron transport protein HydN,,
GCF_000597845.1|WP_001079505.1,11,Core,yciE,ferritin-like domain-containing protein,metal ion binding|0046872||IEA,GO:0046872
GCF_000597845.1|WP_001080102.1,11,Core,hcaC,bifunctional 3-phenylpropionate/cinnamic acid dioxygenase ferredoxin subunit,2 iron%2C 2 sulfur cluster binding|0051537||IEA,GO:0051537
GCF_000597845.1|WP_001080790.1,10,Accessory,ycjO,carbohydrate ABC transporter permease,"ATPase-coupled transmembrane transporter activity|0042626||IEA,ABC-type transporter activity|0140359||IEA","GO:0008643,GO:0055085,GO:0042626,GO:0140359"
GCF_000597845.1|WP_001082229.1,11,Core,aroH,3-deoxy-7-phosphoheptulonate synthase AroH,,
GCF_000597845.1|WP_001082319.1,1,Singleton,aph(3'')-Ib,aminoglycoside O-phosphotransferase APH(3'')-Ib,,
GCF_000597845.1|WP_001085926.1,11,Core,rplK,50S ribosomal protein L11,structural constituent of ribosome|0003735||IEA,"GO:0006412,GO:0003735,GO:0005840"
GCF_000597845.1|WP_001086141.1,8,Accessory,,lipoprotein,,
GCF_000597845.1|WP_001086388.1,10,Accessory,yiiF,protein YiiF,,
GCF_000597845.1|WP_001086539.1,11,Core,rlmKL,bifunctional 23S rRNA (guanine(2069)-N(7))-methyltransferase RlmK/23S rRNA (guanine(2445)-N(2))-methyltransferase RlmL,"RNA binding|0003723||IEA,rRNA (guanine-N2-)-methyltransferase activity|0008990||IEA","GO:0031167,GO:0003723,GO:0008990"
GCF_000597845.1|WP_001087741.1,3,Accessory,,VasL domain-containing protein,,
GCF_000597845.1|WP_001088378.1,11,Core,yjjW,YjjW family glycine radical enzyme activase,"4 iron%2C 4 sulfur cluster binding|0051539||IEA,S-adenosyl-L-methionine binding|1904047||IEA","GO:0051539,GO:1904047"
GCF_000597845.1|WP_001088621.1,11,Core,yciT,DNA-binding transcriptional regulator YciT,DNA-binding transcription factor activity|0003700||IEA,"GO:0006355,GO:0003700"
GCF_000597845.1|WP_001089218.1,11,Core,epmC,elongation factor P hydroxylase,,
GCF_000597845.1|WP_001089295.1,11,Core,yjeT,DUF2065 domain-containing protein,,
GCF_000597845.1|WP_001090361.1,11,Core,cysN,sulfate adenylyltransferase subunit CysN,"GTPase activity|0003924||IEA,GTP binding|0005525||IEA","GO:0006790,GO:0003924,GO:0005525"
GCF_000597845.1|WP_001090506.1,11,Core,ssuB,aliphatic sulfonates ABC transporter ATP-binding protein,ATP binding|0005524||IEA,GO:0005524
GCF_000597845.1|WP_001090758.1,11,Core,melR,transcriptional regulator MelR,"DNA binding|0003677||IEA,DNA-binding transcription factor activity|0003700||IEA","GO:0006355,GO:0003677,GO:0003700"
GCF_000597845.1|WP_001091569.1,11,Core,ybhC,putative acyl-CoA thioester hydrolase,pectinesterase activity|0030599||IEA,"GO:0042545,GO:0030599"
GCF_000597845.1|WP_001092461.1,11,Core,rimI,ribosomal protein S18-alanine N-acetyltransferase,N-acetyltransferase activity|0008080||IEA,"GO:0006474,GO:0008080"
GCF_000597845.1|WP_001094300.1,11,Core,csgC,curli assembly chaperone CsgC,,
GCF_000597845.1|WP_001094484.1,11,Core,nadB,L-aspartate oxidase,L-aspartate oxidase activity|0008734||IEA,"GO:0009435,GO:0008734"
GCF_000597845.1|WP_001094588.1,11,Core,glnD,bifunctional uridylyltransferase/uridylyl-removing protein GlnD,nucleotidyltransferase activity|0016779||IEA,"GO:0008152,GO:0016779"
GCF_000597845.1|WP_001094682.1,11,Core,mog,molybdopterin adenylyltransferase,,GO:0006777
GCF_000597845.1|WP_001094831.1,11,Core,yggT,osmotic shock tolerance protein YggT,,
GCF_000597845.1|WP_001096049.1,11,Core,murC,UDP-N-acetylmuramate--L-alanine ligase,UDP-N-acetylmuramate-L-alanine ligase activity|0008763||IEA,"GO:0009252,GO:0008763"
GCF_000597845.1|WP_001096200.1,11,Core,rplE,50S ribosomal protein L5,structural constituent of ribosome|0003735||IEA,"GO:0006412,GO:0003735,GO:0005840"
GCF_000597845.1|WP_001096684.1,11,Core,rplA,50S ribosomal protein L1,"RNA binding|0003723||IEA,structural constituent of ribosome|0003735||IEA","GO:0006412,GO:0003723,GO:0003735,GO:0015934"
GCF_000597845.1|WP_001096707.1,11,Core,yaiL,DUF2058 domain-containing protein,,
GCF_000597845.1|WP_001097452.1,11,Core,eutA,ethanolamine ammonia-lyase reactivating factor EutA,,
GCF_000597845.1|WP_001098384.1,11,Core,ybgC,tol-pal system-associated acyl-CoA thioesterase,,
GCF_000597845.1|WP_001098652.1,11,Core,dtpB,dipeptide/tripeptide permease DtpB,,
GCF_000597845.1|WP_001098726.1,11,Core,trxC,thioredoxin TrxC,protein-disulfide reductase activity|0015035||IEA,"GO:0006662,GO:0015035"
GCF_000597845.1|WP_001098806.1,11,Core,alx,TerC family membrane protein Alx,,
GCF_000597845.1|WP_001100469.1,11,Core,yhhQ,7-cyano-7-deazaguanine/7-aminomethyl-7-deazaguanine transporter,,GO:1990397
GCF_000597845.1|WP_001102119.1,10,Accessory,ykgE,(Fe-S)-binding protein,"oxidoreductase activity|0016491||IEA,metal ion binding|0046872||IEA,iron-sulfur cluster binding|0051536||IEA","GO:0016491,GO:0046872,GO:0051536"
GCF_000597845.1|WP_001102358.1,11,Core,msyB,acidic protein MsyB,,
GCF_000597845.1|WP_001103094.1,11,Core,pagP,lipid IV(A) palmitoyltransferase PagP,,
GCF_000597845.1|WP_001104448.1,1,Singleton,,phosphatase PAP2 family protein,,
GCF_000597845.1|WP_001104879.1,3,Accessory,,hypothetical protein,,
GCF_000597845.1|WP_001106226.1,11,Core,nrdG,anaerobic ribonucleoside-triphosphate reductase-activating protein,"[formate-C-acetyltransferase]-activating enzyme activity|0043365||IEA,4 iron%2C 4 sulfur cluster binding|0051539||IEA","GO:0043365,GO:0051539"
GCF_000597845.1|WP_001107125.1,11,Core,ygeY,YgeY family selenium metabolism-linked hydrolase,hydrolase activity|0016787||IEA,GO:0016787
GCF_000597845.1|WP_001107167.1,11,Core,hisS,histidine--tRNA ligase,"histidine-tRNA ligase activity|0004821||IEA,ATP binding|0005524||IEA","GO:0006427,GO:0004821,GO:0005524,GO:0005737"
GCF_000597845.1|WP_001107467.1,11,Core,ftsH,ATP-dependent zinc metalloprotease FtsH,"ATP-dependent peptidase activity|0004176||IEA,metalloendopeptidase activity|0004222||IEA","GO:0006508,GO:0004176,GO:0004222"
GCF_000597845.1|WP_001107564.1,11,Core,yggL,YggL family protein,,
GCF_000597845.1|WP_001107827.1,11,Core,ascF,PTS cellobiose/arbutin/salicin transporter subunit IIBC,protein-N(PI)-phosphohistidine-sugar phosphotransferase activity|0008982||IEA,"GO:0009401,GO:0008982,GO:0016020"
GCF_000597845.1|WP_001109486.1,11,Core,gloC,hydroxyacylglutathione hydrolase GloC,,
GCF_000597845.1|WP_001109573.1,11,Core,gspF,type II secretion system inner membrane protein GspF,,"GO:0015628,GO:0015627"
GCF_000597845.1|WP_001109816.1,11,Core,yfeR,LysR family transcriptional regulator,"DNA binding|0003677||IEA,DNA-binding transcription factor activity|0003700||IEA","GO:0003677,GO:0003700,GO:0005829"
GCF_000597845.1|WP_001110490.1,11,Core,phnO,aminoalkylphosphonate N-acetyltransferase,,
GCF_000597845.1|WP_001111038.1,11,Core,eutL,ethanolamine utilization microcompartment protein EutL,structural molecule activity|0005198||IEA,"GO:0005198,GO:0031469"
GCF_000597845.1|WP_001111465.1,11,Core,ycbF,fimbrial chaperone,,
GCF_000597845.1|WP_001111993.1,11,Core,yoaC,DUF1889 family protein,,
GCF_000597845.1|WP_001112301.1,11,Core,galP,galactose/proton symporter,,
GCF_000597845.1|WP_001112563.1,11,Core,yaaJ,alanine/glycine:cation symporter family protein,"amino acid:sodium symporter activity|0005283||IEA,symporter activity|0015293||IEA","GO:0006814,GO:0006865,GO:0005283,GO:0015293,GO:0016020"
GCF_000597845.1|WP_001113347.1,11,Core,ybhP,endonuclease/exonuclease/phosphatase family protein,catalytic activity|0003824||IEA,GO:0003824
GCF_000597845.1|WP_001113432.1,11,Core,yidG,DUF202 domain-containing protein,,
GCF_000597845.1|WP_001113641.1,11,Core,narP,nitrate/nitrite response regulator protein NarP,,
GCF_000597845.1|WP_001115238.1,7,Accessory,gspL,type II secretion system protein GspL,,"GO:0015628,GO:0009276,GO:0015627"
GCF_000597845.1|WP_001115472.1,11,Core,leuO,transcriptional regulator LeuO,DNA-binding transcription factor activity|0003700||IEA,"GO:0006355,GO:0003700"
GCF_000597845.1|WP_001117011.1,11,Core,rapA,RNA polymerase-associated protein RapA,"ATP binding|0005524||IEA,hydrolase activity%2C acting on acid anhydrides|0016817||IEA,ATP-dependent chromatin remodeler activity|0140658||IEA","GO:0006355,GO:0005524,GO:0016817,GO:0140658"
GCF_000597845.1|WP_001117838.1,11,Core,yfjF,RnfH family protein,,
GCF_000597845.1|WP_001118241.1,11,Core,tqsA,AI-2 transporter TqsA,,
GCF_000597845.1|WP_001118861.1,11,Core,secY,preprotein translocase subunit SecY,,"GO:0015031,GO:0043952,GO:0016020"
GCF_000597845.1|WP_001118930.1,11,Core,rpsN,30S ribosomal protein S14,structural constituent of ribosome|0003735||IEA,"GO:0006412,GO:0003735,GO:0005840"
GCF_000597845.1|WP_001119868.1,6,Accessory,,5-carboxymethyl-2-hydroxymuconate Delta-isomerase,,
GCF_000597845.1|WP_001120143.1,11,Core,pptA,tautomerase PptA,,
GCF_000597845.1|WP_001120441.1,11,Core,hcxA,hydroxycarboxylate dehydrogenase HcxA,,
GCF_000597845.1|WP_001120535.1,11,Core,pncA,bifunctional nicotinamidase/pyrazinamidase,,
GCF_000597845.1|WP_001120800.1,11,Core,sthA,Si-specific NAD(P)(+) transhydrogenase,"NAD(P)+ transhydrogenase (Si-specific) activity|0003957||IEA,flavin adenine dinucleotide binding|0050660||IEA","GO:0045454,GO:0003957,GO:0050660"
GCF_000597845.1|WP_001122505.1,11,Core,mutL,DNA mismatch repair endonuclease MutL,"ATP binding|0005524||IEA,ATP hydrolysis activity|0016887||IEA,mismatched DNA binding|0030983||IEA","GO:0006298,GO:0005524,GO:0016887,GO:0030983,GO:0032300"
GCF_000597845.1|WP_001122777.1,11,Core,metA,homoserine O-acetyltransferase MetA,homoserine O-succinyltransferase activity|0008899||IEA,"GO:0019281,GO:0008899,GO:0005737"
GCF_000597845.1|WP_001124225.1,11,Core,rpmI,50S ribosomal protein L35,structural constituent of ribosome|0003735||IEA,"GO:0006412,GO:0003735,GO:0005840"
GCF_000597845.1|WP_001124474.1,11,Core,fdx,ISC system 2Fe-2S type ferredoxin,"electron transfer activity|0009055||IEA,2 iron%2C 2 sulfur cluster binding|0051537||IEA","GO:0016226,GO:0009055,GO:0051537"
GCF_000597845.1|WP_001124894.1,11,Core,yphF,substrate-binding domain-containing protein,,
GCF_000597845.1|WP_001124935.1,11,Core,xseB,exodeoxyribonuclease VII small subunit,,
GCF_000597845.1|WP_001125202.1,11,Core,yceF,7-methyl-GTP pyrophosphatase,,
GCF_000597845.1|WP_001125331.1,11,Core,ygiM,TIGR04211 family SH3 domain-containing protein,,
GCF_000597845.1|WP_001125439.1,11,Core,hipA,type II toxin-antitoxin system serine/threonine protein kinase toxin HipA,,
GCF_000597845.1|WP_001126347.1,11,Core,carB,carbamoyl-phosphate synthase large subunit,"ATP binding|0005524||IEA,metal ion binding|0046872||IEA","GO:0008152,GO:0005524,GO:0046872"
GCF_000597845.1|WP_001126780.1,11,Core,rutC,3-aminoacrylate deaminase,,
GCF_000597845.1|WP_001127216.1,11,Core,yebQ,MFS transporter,transmembrane transporter activity|0022857||IEA,"GO:0055085,GO:0022857,GO:0016020"
GCF_000597845.1|WP_001128215.1,9,Accessory,dcyD,D-cysteine desulfhydrase,D-cysteine desulfhydrase activity|0019148||IEA,GO:0019148
GCF_000597845.1|WP_001128858.1,11,Core,sapD,peptide ABC transporter ATP-binding protein SapD,,
GCF_000597845.1|WP_001129723.1,11,Core,yrdD,DNA topoisomerase family protein,"DNA binding|0003677||IEA,DNA topoisomerase activity|0003916||IEA","GO:0006265,GO:0003677,GO:0003916,GO:0005694"
GCF_000597845.1|WP_001129927.1,11,Core,btuF,vitamin B12 ABC transporter substrate-binding protein BtuF,"ATP binding|0005524||IEA,cobalamin binding|0031419||IEA","GO:0005524,GO:0031419"
GCF_000597845.1|WP_001130211.1,10,Accessory,luxS,S-ribosylhomocysteine lyase,,
GCF_000597845.1|WP_001130266.1,11,Core,ygcP,glycerol-3-phosphate responsive antiterminator,,
GCF_000597845.1|WP_001130654.1,11,Core,ybdK,YbdK family carboxylate-amine ligase,glutamate-cysteine ligase activity|0004357||IEA,"GO:0042398,GO:0004357"
GCF_000597845.1|WP_001130692.1,11,Core,lolB,lipoprotein insertase outer membrane protein LolB,,"GO:0015031,GO:0009279"
GCF_000597845.1|WP_001131091.1,10,Accessory,ecpC,fimbrial usher EcpC,,
GCF_000597845.1|WP_001131318.1,11,Core,yjdN,VOC family metalloprotein YjdN,,
GCF_000597845.1|WP_001131446.1,11,Core,,hypothetical protein,,
GCF_000597845.1|WP_001132469.1,11,Core,acrB,efflux RND transporter permease AcrB,,
GCF_000597845.1|WP_001132956.1,11,Core,serB,phosphoserine phosphatase,L-phosphoserine phosphatase activity|0036424||IEA,"GO:0006564,GO:0036424"
GCF_000597845.1|WP_001135168.1,11,Core,nadC,carboxylating nicotinate-nucleotide diphosphorylase,nicotinate-nucleotide diphosphorylase (carboxylating) activity|0004514||IEA,"GO:0009435,GO:0004514"
GCF_000597845.1|WP_001135574.1,11,Core,hslO,Hsp33 family molecular chaperone HslO,unfolded protein binding|0051082||IEA,"GO:0006457,GO:0051082"
GCF_000597845.1|WP_001135667.1,11,Core,yejL,YejL family protein,,
GCF_000597845.1|WP_001136229.1,11,Core,nikD,nickel import ATP-binding protein NikD,"ABC-type nickel transporter activity|0015413||IEA,nickel cation binding|0016151||IEA","GO:0015675,GO:0015413,GO:0016151,GO:0005886,GO:0043190"
GCF_000597845.1|WP_001136554.1,11,Core,ybjT,SDR family oxidoreductase,,
GCF_000597845.1|WP_001136827.1,11,Core,yeiP,elongation factor P-like protein YeiP,translation elongation factor activity|0003746||IEA,"GO:0006414,GO:0003746"
GCF_000597845.1|WP_001137223.1,11,Core,aceK,bifunctional isocitrate dehydrogenase kinase/phosphatase,"[isocitrate dehydrogenase (NADP+)] kinase activity|0008772||IEA,phosphatase activity|0016791||IEA","GO:0006006,GO:0008772,GO:0016791"
GCF_000597845.1|WP_001138014.1,1,Singleton,,Tn3-like element TnAs1 family transposase,transposase activity|0004803||IEA,"GO:0006313,GO:0004803"
GCF_000597845.1|WP_001138043.1,8,Accessory,rpsG,30S ribosomal protein S7,structural constituent of ribosome|0003735||IEA,"GO:0006412,GO:0003735,GO:0015935"
GCF_000597845.1|WP_001138117.1,11,Core,rpsS,30S ribosomal protein S19,structural constituent of ribosome|0003735||IEA,"GO:0006412,GO:0003735,GO:0015935"
GCF_000597845.1|WP_001138150.1,11,Core,ptrA,pitrilysin,"metalloendopeptidase activity|0004222||IEA,metal ion binding|0046872||IEA","GO:0006508,GO:0004222,GO:0046872"
GCF_000597845.1|WP_001138581.1,10,Accessory,speG,spermidine N1-acetyltransferase,N-acetyltransferase activity|0008080||IEA,GO:0008080
GCF_000597845.1|WP_001138904.1,11,Core,yajQ,nucleotide binding protein YajQ,,
GCF_000597845.1|WP_001139279.1,11,Core,lpxD,UDP-3-O-(3-hydroxymyristoyl)glucosamine N-acyltransferase,N-acyltransferase activity|0016410||IEA,"GO:0009245,GO:0016410"
GCF_000597845.1|WP_001139613.1,11,Core,folE,GTP cyclohydrolase I FolE,GTP cyclohydrolase I activity|0003934||IEA,"GO:0046654,GO:0003934"
GCF_000597845.1|WP_001140251.1,11,Core,ppiC,peptidylprolyl isomerase PpiC,,
GCF_000597845.1|WP_001140433.1,11,Core,rpmD,50S ribosomal protein L30,structural constituent of ribosome|0003735||IEA,"GO:0006412,GO:0003735,GO:0015934"
GCF_000597845.1|WP_001140641.1,11,Core,leuC,3-isopropylmalate dehydratase large subunit,"3-isopropylmalate dehydratase activity|0003861||IEA,4 iron%2C 4 sulfur cluster binding|0051539||IEA","GO:0009098,GO:0003861,GO:0051539,GO:0009316"
GCF_000597845.1|WP_001141195.1,11,Core,yjiJ,MFS transporter,transmembrane transporter activity|0022857||IEA,"GO:0055085,GO:0022857,GO:0016020"
GCF_000597845.1|WP_001142439.1,11,Core,yaiA,protein YaiA,,
GCF_000597845.1|WP_001142445.1,10,Accessory,yniD,small membrane protein YniD,,
GCF_000597845.1|WP_001142708.1,7,Accessory,gspC,type II secretion system protein GspC,,"GO:0015628,GO:0015627"
GCF_000597845.1|WP_001143120.1,11,Core,yccJ,YccJ family protein,,
GCF_000597845.1|WP_001143237.1,11,Core,yjjI,YjjI family glycine radical enzyme,catalytic activity|0003824||IEA,GO:0003824
GCF_000597845.1|WP_001143558.1,11,Core,ybcI,metal-dependent hydrolase,"hydrolase activity|0016787||IEA,metal ion binding|0046872||IEA","GO:0016787,GO:0046872,GO:0016020"
GCF_000597845.1|WP_001144069.1,11,Core,rpsU,30S ribosomal protein S21,structural constituent of ribosome|0003735||IEA,"GO:0006412,GO:0003735,GO:0005840"
GCF_000597845.1|WP_001144202.1,11,Core,thrS,threonine--tRNA ligase,"threonine-tRNA ligase activity|0004829||IEA,ATP binding|0005524||IEA","GO:0006435,GO:0004829,GO:0005524,GO:0005737"
GCF_000597845.1|WP_001144297.1,11,Core,ppdB,prepilin peptidase-dependent protein,,
GCF_000597845.1|WP_001144615.1,11,Core,trhO,rhodanese-related sulfurtransferase,,
GCF_000597845.1|WP_001145126.1,10,Accessory,ybiA,N-glycosidase YbiA,,
GCF_000597845.1|WP_001145183.1,11,Core,rffC,dTDP-4-amino-4%2C6-dideoxy-D-galactose acyltransferase,N-acetyltransferase activity|0008080||IEA,GO:0008080
GCF_000597845.1|WP_001145827.1,11,Core,prmA,50S ribosomal protein L11 methyltransferase,S-adenosylmethionine-dependent methyltransferase activity|0008757||IEA,"GO:0036211,GO:0008757"
GCF_000597845.1|WP_001146444.1,11,Core,chaB,putative cation transport regulator ChaB,,
GCF_000597845.1|WP_001147279.1,9,Accessory,ykgL,protein YkgL,,
GCF_000597845.1|WP_001147439.1,9,Accessory,modE,molybdenum-dependent transcriptional regulator,"DNA-binding transcription factor activity|0003700||IEA,molybdenum ion binding|0030151||IEA","GO:0006355,GO:0015689,GO:0003700,GO:0030151"
GCF_000597845.1|WP_001148001.1,11,Core,greA,transcription elongation factor GreA,"DNA binding|0003677||IEA,RNA polymerase binding|0070063||IEA","GO:0032784,GO:0003677,GO:0070063"
GCF_000597845.1|WP_001148403.1,11,Core,yabI,DedA family protein,,GO:0016020
GCF_000597845.1|WP_001148481.1,11,Core,yhdH,MDR family oxidoreductase,"alcohol dehydrogenase (NAD+) activity|0004022||IEA,zinc ion binding|0008270||IEA,adenyl nucleotide binding|0030554||IEA","GO:0004022,GO:0008270,GO:0030554"
GCF_000597845.1|WP_001149581.1,10,Accessory,xylA,xylose isomerase,xylose isomerase activity|0009045||IEA,"GO:0042732,GO:0009045"
GCF_000597845.1|WP_001149756.1,11,Core,rlmC,23S rRNA (uracil(747)-C(5))-methyltransferase RlmC,rRNA methyltransferase activity|0008649||IEA,"GO:0016070,GO:0008649"
GCF_000597845.1|WP_001150449.1,11,Core,ribD,bifunctional diaminohydroxyphosphoribosylaminopyrimidine deaminase/5-amino-6-(5-phosphoribosylamino)uracil reductase RibD,"zinc ion binding|0008270||IEA,5-amino-6-(5-phosphoribosylamino)uracil reductase activity|0008703||IEA,diaminohydroxyphosphoribosylaminopyrimidine deaminase activity|0008835||IEA,NADP binding|0050661||IEA","GO:0008270,GO:0008703,GO:0008835,GO:0050661"
GCF_000597845.1|WP_001151437.1,11,Core,wrbA,NAD(P)H:quinone oxidoreductase,"NAD(P)H dehydrogenase (quinone) activity|0003955||IEA,FMN binding|0010181||IEA","GO:0003955,GO:0010181"
GCF_000597845.1|WP_001151604.1,11,Core,serA,phosphoglycerate dehydrogenase,"oxidoreductase activity%2C acting on the CH-OH group of donors%2C NAD or NADP as acceptor|0016616||IEA,NAD binding|0051287||IEA","GO:0016616,GO:0051287"
GCF_000597845.1|WP_001153148.1,11,Core,ybdG,mechanosensitive ion channel YbdG,,
GCF_000597845.1|WP_001153619.1,11,Core,slyX,protein SlyX,,
GCF_000597845.1|WP_001154167.1,11,Core,btuE,bifunctional thioredoxin/glutathione peroxidase,,
GCF_000597845.1|WP_001154276.1,9,Accessory,sdiA,transcriptional regulator SdiA,DNA binding|0003677||IEA,"GO:0006355,GO:0003677"
GCF_000597845.1|WP_001155227.1,11,Core,dksA,RNA polymerase-binding protein DksA,,
GCF_000597845.1|WP_001156181.1,11,Core,yibN,rhodanese-like domain-containing protein,,
GCF_000597845.1|WP_001157751.1,11,Core,ompR,osmolarity response regulator transcription factor OmpR,DNA binding|0003677||IEA,"GO:0000160,GO:0006355,GO:0003677"
GCF_000597845.1|WP_001157987.1,11,Core,mnmH,tRNA 2-selenouridine(34) synthase MnmH,tRNA 2-selenouridine synthase activity|0043828||IEA,"GO:0002098,GO:0043828"
GCF_000597845.1|WP_001158220.1,11,Core,tcyL,cystine ABC transporter permease,,
GCF_000597845.1|WP_001158931.1,11,Core,fhuC,Fe3+-hydroxamate ABC transporter ATP-binding protein FhuC,ATP binding|0005524||IEA,GO:0005524
GCF_000597845.1|WP_001159160.1,11,Core,murQ,N-acetylmuramic acid 6-phosphate etherase,carbon-oxygen lyase activity|0016835||IEA,"GO:0009254,GO:0046348,GO:0016835"
GCF_000597845.1|WP_001160187.1,11,Core,pgsA,CDP-diacylglycerol--glycerol-3-phosphate 3-phosphatidyltransferase,,
GCF_000597845.1|WP_001160654.1,11,Core,dapF,diaminopimelate epimerase,diaminopimelate epimerase activity|0008837||IEA,"GO:0009089,GO:0008837"
GCF_000597845.1|WP_001160737.1,11,Core,ybjQ,heavy metal-binding domain-containing protein,,
GCF_000597845.1|WP_001161664.1,11,Core,rsfS,ribosome silencing factor,ribosome binding|0043022||IEA,"GO:0017148,GO:0043022"
GCF_000597845.1|WP_001161724.1,1,Singleton,,fimbrial protein,,"GO:0007155,GO:0009289"
GCF_000597845.1|WP_001162094.1,11,Core,rpoA,DNA-directed RNA polymerase subunit alpha,DNA-directed RNA polymerase activity|0003899||IEA,"GO:0006351,GO:0003899"
GCF_000597845.1|WP_001163141.1,11,Core,yhjJ,M16 family metallopeptidase,"metallopeptidase activity|0008237||IEA,metal ion binding|0046872||IEA","GO:0008237,GO:0046872"
GCF_000597845.1|WP_001164544.1,11,Core,yqcE,MFS transporter,"nitrate transmembrane transporter activity|0015112||IEA,transmembrane transporter activity|0022857||IEA","GO:0055085,GO:0015112,GO:0022857"
GCF_000597845.1|WP_001165668.1,9,Accessory,elfG,fimbrial protein,,"GO:0007155,GO:0009289"
GCF_000597845.1|WP_001166232.1,11,Core,thiS,sulfur carrier protein ThiS,catalytic activity|0003824||IEA,"GO:0009228,GO:0003824"
GCF_000597845.1|WP_001166353.1,11,Core,narW,nitrate reductase molybdenum cofactor assembly chaperone,unfolded protein binding|0051082||IEA,"GO:0051131,GO:0051082"
GCF_000597845.1|WP_001167676.1,11,Core,yhjB,helix-turn-helix transcriptional regulator,DNA binding|0003677||IEA,"GO:0000160,GO:0006355,GO:0003677"
GCF_000597845.1|WP_001168459.1,11,Core,rseA,anti-sigma-E factor RseA,sigma factor antagonist activity|0016989||IEA,GO:0016989
GCF_000597845.1|WP_001168544.1,11,Core,glyQ,glycine--tRNA ligase subunit alpha,"nucleotide binding|0000166||IEA,glycine-tRNA ligase activity|0004820||IEA,ATP binding|0005524||IEA","GO:0006426,GO:0000166,GO:0004820,GO:0005524,GO:0005737"
GCF_000597845.1|WP_001169669.1,11,Core,ychN,DsrE/F sulfur relay family protein YchN,,
GCF_000597845.1|WP_001170162.1,11,Core,ansA,asparaginase,asparaginase activity|0004067||IEA,"GO:0006520,GO:0004067"
GCF_000597845.1|WP_001170683.1,11,Core,manA,mannose-6-phosphate isomerase,"mannose-6-phosphate isomerase activity|0004476||IEA,zinc ion binding|0008270||IEA","GO:0009298,GO:0004476,GO:0008270"
GCF_000597845.1|WP_001170848.1,11,Core,ulaF,L-ribulose-5-phosphate 4-epimerase UlaF,,
GCF_000597845.1|WP_001171873.1,11,Core,coaD,pantetheine-phosphate adenylyltransferase,pantetheine-phosphate adenylyltransferase activity|0004595||IEA,"GO:0015937,GO:0004595"
GCF_000597845.1|WP_001173343.1,11,Core,ghoT,type V toxin-antitoxin system toxin GhoT,,
GCF_000597845.1|WP_001173673.1,11,Core,cysC,adenylyl-sulfate kinase,"adenylylsulfate kinase activity|0004020||IEA,ATP binding|0005524||IEA","GO:0000103,GO:0004020,GO:0005524"
GCF_000597845.1|WP_001174735.1,11,Core,rdgB,XTP/dITP diphosphatase,nucleoside triphosphate diphosphatase activity|0047429||IEA,"GO:0009143,GO:0047429"
GCF_000597845.1|WP_001175728.1,11,Core,panF,sodium/pantothenate symporter,"sodium ion transmembrane transporter activity|0015081||IEA,pantothenate transmembrane transporter activity|0015233||IEA","GO:0015887,GO:0036376,GO:0015081,GO:0015233,GO:0016020"
GCF_000597845.1|WP_001176295.1,11,Core,ribA,GTP cyclohydrolase II,GTP cyclohydrolase II activity|0003935||IEA,GO:0003935
GCF_000597845.1|WP_001176599.1,11,Core,hpf,ribosome hibernation promoting factor,,GO:0044238
GCF_000597845.1|WP_001176745.1,11,Core,atpA,F0F1 ATP synthase subunit alpha,proton-transporting ATP synthase activity%2C rotational mechanism|0046933||IEA,"GO:0015986,GO:0046933,GO:0045259"
GCF_000597845.1|WP_001177048.1,11,Core,bamB,outer membrane protein assembly factor BamB,protein binding|0005515||IEA,GO:0005515
GCF_000597845.1|WP_001177639.1,11,Core,nsrR,nitric oxide-sensing transcriptional repressor NsrR,,
GCF_000597845.1|WP_001180626.1,9,Accessory,mhpR,DNA-binding transcriptional regulator,DNA binding|0003677||IEA,"GO:0006355,GO:0003677"
GCF_000597845.1|WP_001181004.1,11,Core,rpsJ,30S ribosomal protein S10,"RNA binding|0003723||IEA,structural constituent of ribosome|0003735||IEA","GO:0006412,GO:0003723,GO:0003735,GO:0005840"
GCF_000597845.1|WP_001181324.1,10,Accessory,treR,trehalose operon repressor TreR,DNA binding|0003677||IEA,"GO:0005991,GO:0006355,GO:0045892,GO:0003677"
GCF_000597845.1|WP_001181473.1,11,Core,sucA,2-oxoglutarate dehydrogenase E1 component,"oxoglutarate dehydrogenase (succinyl-transferring) activity|0004591||IEA,thiamine pyrophosphate binding|0030976||IEA","GO:0006099,GO:0004591,GO:0030976,GO:0045252"
GCF_000597845.1|WP_001181706.1,11,Core,ilvN,acetolactate synthase small subunit,,
GCF_000597845.1|WP_001182363.1,11,Core,punC,purine nucleoside transporter PunC,xenobiotic transmembrane transporter activity|0042910||IEA,"GO:1990961,GO:0042910,GO:0016020"
GCF_000597845.1|WP_001182650.1,11,Core,wecH,O-acetyltransferase WecH,,
GCF_000597845.1|WP_001184045.1,11,Core,mepM,murein DD-endopeptidase MepM,peptidoglycan binding|0042834||IEA,GO:0042834
GCF_000597845.1|WP_001185290.1,11,Core,yaeQ,YaeQ family protein,,
GCF_000597845.1|WP_001185665.1,11,Core,minE,cell division topological specificity factor MinE,,GO:0032955
GCF_000597845.1|WP_001185727.1,11,Core,cutC,copper homeostasis protein CutC,copper ion binding|0005507||IEA,"GO:0055070,GO:0005507"
GCF_000597845.1|WP_001186374.1,11,Core,yeaE,methylglyoxal reductase YeaE,,
GCF_000597845.1|WP_001186424.1,11,Core,hyaC,Ni/Fe-hydrogenase b-type cytochrome subunit,,
GCF_000597845.1|WP_001186469.1,9,Accessory,paaZ,phenylacetic acid degradation bifunctional protein PaaZ,,
GCF_000597845.1|WP_001186650.1,11,Core,dapD,2%2C3%2C4%2C5-tetrahydropyridine-2%2C6-dicarboxylate N-succinyltransferase,2%2C3%2C4%2C5-tetrahydropyridine-2%2C6-dicarboxylate N-succinyltransferase activity|0008666||IEA,"GO:0009089,GO:0008666"
GCF_000597845.1|WP_001187173.1,11,Core,cadC,lysine decarboxylation/transport transcriptional activator CadC,,
GCF_000597845.1|WP_001187559.1,11,Core,purH,bifunctional phosphoribosylaminoimidazolecarboxamide formyltransferase/IMP cyclohydrolase,"IMP cyclohydrolase activity|0003937||IEA,phosphoribosylaminoimidazolecarboxamide formyltransferase activity|0004643||IEA","GO:0009152,GO:0003937,GO:0004643"
GCF_000597845.1|WP_001188343.1,11,Core,pxpB,5-oxoprolinase subunit PxpB,5-oxoprolinase (ATP-hydrolyzing) activity|0017168||IEA,"GO:0005975,GO:0008152,GO:0017168"
GCF_000597845.1|WP_001188520.1,11,Core,dicD,transcriptional regulator,DNA binding|0003677||IEA,GO:0003677
GCF_000597845.1|WP_001188905.1,11,Core,ybaN,DUF454 family protein,,
GCF_000597845.1|WP_001189201.1,9,Accessory,paaD,1%2C2-phenylacetyl-CoA epoxidase subunit PaaD,,GO:0010124
GCF_000597845.1|WP_001189321.1,11,Core,csgG,curli production assembly/transport protein CsgG,,
GCF_000597845.1|WP_001190062.1,11,Core,nikR,nickel-responsive transcriptional regulator NikR,"DNA binding|0003677||IEA,nickel cation binding|0016151||IEA","GO:0006355,GO:0010045,GO:0003677,GO:0016151"
GCF_000597845.1|WP_001190363.1,10,Accessory,ycaK,NAD(P)H oxidoreductase,,
GCF_000597845.1|WP_001191417.1,11,Core,menF,isochorismate synthase MenF,isochorismate synthase activity|0008909||IEA,GO:0008909
GCF_000597845.1|WP_001192185.1,11,Core,ubiI,FAD-dependent 2-octaprenylphenol hydroxylase,"oxidoreductase activity%2C acting on paired donors%2C with incorporation or reduction of molecular oxygen%2C NAD(P)H as one donor%2C and incorporation of one atom of oxygen|0016709||IEA,FAD binding|0071949||IEA","GO:0006744,GO:0016709,GO:0071949"
GCF_000597845.1|WP_001192396.1,11,Core,rfaH,transcription/translation regulatory transformer protein RfaH,,GO:0006355
GCF_000597845.1|WP_001192790.1,11,Core,idi,isopentenyl-diphosphate Delta-isomerase,isopentenyl-diphosphate delta-isomerase activity|0004452||IEA,"GO:0008299,GO:0004452"
GCF_000597845.1|WP_001193500.1,7,Accessory,phnE,phosphonate ABC transporter%2C permease protein PhnE,ABC-type phosphonate transporter activity|0015416||IEA,"GO:0015716,GO:0015416,GO:0005886,GO:0055052"
GCF_000597845.1|WP_001194534.1,11,Core,fadM,long-chain acyl-CoA thioesterase FadM,,
GCF_000597845.1|WP_001194661.1,11,Core,glcF,glycolate oxidase subunit GlcF,iron-sulfur cluster binding|0051536||IEA,GO:0051536
GCF_000597845.1|WP_001194734.1,11,Core,zapD,cell division protein ZapD,,
GCF_000597845.1|WP_001195025.1,11,Core,recR,recombination mediator RecR,"DNA binding|0003677||IEA,metal ion binding|0046872||IEA","GO:0006281,GO:0006310,GO:0003677,GO:0046872"
GCF_000597845.1|WP_001195231.1,11,Core,grxA,glutaredoxin 1,,
GCF_000597845.1|WP_001195819.1,11,Core,sixA,phosphohistidine phosphatase SixA,protein histidine phosphatase activity|0101006||IEA,"GO:0036211,GO:0101006,GO:0005737"
GCF_000597845.1|WP_001196062.1,11,Core,rplI,50S ribosomal protein L9,structural constituent of ribosome|0003735||IEA,"GO:0006412,GO:0003735,GO:0005840"
GCF_000597845.1|WP_001196238.1,11,Core,bioP,biotin transporter,,
GCF_000597845.1|WP_001196283.1,11,Core,yfhL,4Fe-4S dicluster ferredoxin YfhL,,
GCF_000597845.1|WP_001196530.1,11,Core,sufE,cysteine desulfuration protein SufE,,
GCF_000597845.1|WP_001197646.1,11,Core,glgA,glycogen synthase GlgA,alpha-1%2C4-glucan glucosyltransferase (UDP-glucose donor) activity|0004373||IEA,GO:0004373
GCF_000597845.1|WP_001198386.1,11,Core,tig,trigger factor,"peptidyl-prolyl cis-trans isomerase activity|0003755||IEA,unfolded protein binding|0051082||IEA","GO:0015031,GO:0051083,GO:0003755,GO:0051082,GO:0005854"
GCF_000597845.1|WP_001198722.1,11,Core,dgoA,2-dehydro-3-deoxy-6-phosphogalactonate aldolase,,
GCF_000597845.1|WP_001198807.1,11,Core,yhaI,DUF805 domain-containing protein,,GO:0016020
GCF_000597845.1|WP_001199295.1,11,Core,tas,NADP(H)-dependent aldo-keto reductase,D-threo-aldose 1-dehydrogenase activity|0047834||IEA,GO:0047834
GCF_000597845.1|WP_001199352.1,11,Core,uxaA,altronate dehydratase,,
GCF_000597845.1|WP_001199471.1,11,Core,efeB,iron uptake transporter deferrochelatase/peroxidase subunit,"peroxidase activity|0004601||IEA,heme binding|0020037||IEA","GO:0033212,GO:0004601,GO:0020037"
GCF_000597845.1|WP_001199973.1,11,Core,queE,7-carboxy-7-deazaguanine synthase QueE,"4 iron%2C 4 sulfur cluster binding|0051539||IEA,S-adenosyl-L-methionine binding|1904047||IEA","GO:0006400,GO:0051539,GO:1904047"
GCF_000597845.1|WP_001200455.1,11,Core,feoA,ferrous iron transporter A,,
GCF_000597845.1|WP_001200579.1,11,Core,djlA,co-chaperone DjlA,protein-folding chaperone binding|0051087||IEA,GO:0051087
GCF_000597845.1|WP_001200766.1,11,Core,yphH,ROK family protein,,
GCF_000597845.1|WP_001201560.1,11,Core,ybjC,DUF1418 family protein,,
GCF_000597845.1|WP_001202329.1,11,Core,rcsF,Rcs stress response system protein RcsF,,
GCF_000597845.1|WP_001203437.1,11,Core,bamE,outer membrane protein assembly factor BamE,,
GCF_000597845.1|WP_001207201.1,11,Core,rplJ,50S ribosomal protein L10,structural constituent of ribosome|0003735||IEA,"GO:0006412,GO:0003735,GO:0015934"
GCF_000597845.1|WP_001207283.1,11,Core,yebS,membrane integrity lipid transport subunit YebS,,
GCF_000597845.1|WP_001207634.1,11,Core,yjbD,DUF3811 domain-containing protein,,
GCF_000597845.1|WP_001208814.1,4,Accessory,,DUF2625 domain-containing protein,,
GCF_000597845.1|WP_001209680.1,11,Core,tusD,sulfurtransferase complex subunit TusD,sulfurtransferase activity|0016783||IEA,"GO:0008033,GO:0016783"
GCF_000597845.1|WP_001209921.1,11,Core,glpB,glycerol-3-phosphate dehydrogenase subunit GlpB,glycerol-3-phosphate dehydrogenase (quinone) activity|0004368||IEA,GO:0004368
GCF_000597845.1|WP_001211011.1,11,Core,yobH,YobH family protein,,
GCF_000597845.1|WP_001211521.1,7,Accessory,,hypothetical protein,,
GCF_000597845.1|WP_001211587.1,11,Core,ccmH,cytochrome c-type biogenesis thiol:disulfide oxidoreductase CcmH,,
GCF_000597845.1|WP_001212391.1,11,Core,yfiR,YfiR family protein,,
GCF_000597845.1|WP_001212619.1,11,Core,dacB,serine-type D-Ala-D-Ala carboxypeptidase,serine-type carboxypeptidase activity|0004185||IEA,"GO:0006508,GO:0004185"
GCF_000597845.1|WP_001212781.1,11,Core,flgL,flagellar hook-associated protein FlgL,structural molecule activity|0005198||IEA,"GO:0001539,GO:0005198,GO:0009424"
GCF_000597845.1|WP_001212981.1,11,Core,hypD,hydrogenase formation protein HypD,metallochaperone activity|0016530||IEA,"GO:0036211,GO:0016530"
GCF_000597845.1|WP_001214316.1,11,Core,torY,NapC/NirT family cytochrome c,,
GCF_000597845.1|WP_001215339.1,10,Accessory,ynjB,ABC transporter substrate-binding protein,,
GCF_000597845.1|WP_001215861.1,11,Core,qseG,two-component system QseEF-associated lipoprotein QseG,,
GCF_000597845.1|WP_001216257.1,11,Core,yhhJ,ABC transporter permease,ABC-type transporter activity|0140359||IEA,"GO:0140359,GO:0016020"
GCF_000597845.1|WP_001216325.1,11,Core,tpiA,triose-phosphate isomerase,triose-phosphate isomerase activity|0004807||IEA,"GO:0006096,GO:0004807"
GCF_000597845.1|WP_001216368.1,11,Core,rplQ,50S ribosomal protein L17,structural constituent of ribosome|0003735||IEA,"GO:0006412,GO:0003735,GO:0005840"
GCF_000597845.1|WP_001216521.1,11,Core,proX,glycine betaine/L-proline ABC transporter substrate-binding protein ProX,transmembrane transporter activity|0022857||IEA,"GO:0055085,GO:0022857,GO:0043190"
GCF_000597845.1|WP_001216675.1,11,Core,rpsF,30S ribosomal protein S6,structural constituent of ribosome|0003735||IEA,"GO:0006412,GO:0003735,GO:0000314,GO:0022627"
GCF_000597845.1|WP_001216963.1,11,Core,yohO,protein YohO,,
GCF_000597845.1|WP_001217337.1,11,Core,guaC,GMP reductase,GMP reductase activity|0003920||IEA,"GO:0009117,GO:0003920,GO:1902560"
GCF_000597845.1|WP_001219160.1,11,Core,ytfP,gamma-glutamylcyclotransferase family protein,gamma-glutamylaminecyclotransferase activity|0061929||IEA,GO:0061929
GCF_000597845.1|WP_001219242.1,11,Core,ispF,2-C-methyl-D-erythritol 2%2C4-cyclodiphosphate synthase,2-C-methyl-D-erythritol 2%2C4-cyclodiphosphate synthase activity|0008685||IEA,"GO:0019288,GO:0008685"
GCF_000597845.1|WP_001219321.1,11,Core,mak,fructokinase,,
GCF_000597845.1|WP_001219350.1,11,Core,yoaK,YoaK family small membrane protein,,
GCF_000597845.1|WP_001219806.1,11,Core,mpl,UDP-N-acetylmuramate:L-alanyl-gamma-D-glutamyl-meso-diaminopimelate ligase,acid-amino acid ligase activity|0016881||IEA,"GO:0009252,GO:0071555,GO:0016881"
GCF_000597845.1|WP_001219954.1,11,Core,ebgC,beta-galactosidase subunit beta,,
GCF_000597845.1|WP_001220233.1,11,Core,adk,adenylate kinase,"adenylate kinase activity|0004017||IEA,ATP binding|0005524||IEA","GO:0006139,GO:0004017,GO:0005524"
GCF_000597845.1|WP_001220966.1,11,Core,tsaB,tRNA (adenosine(37)-N6)-threonylcarbamoyltransferase complex dimerization subunit type 1 TsaB,,GO:0002949
GCF_000597845.1|WP_001221319.1,11,Core,sbcD,exonuclease subunit SbcD,exonuclease activity|0004527||IEA,"GO:0006260,GO:0006310,GO:0004527"
GCF_000597845.1|WP_001221939.1,11,Core,hybD,HyaD/HybD family hydrogenase maturation endopeptidase,,
GCF_000597845.1|WP_001222883.1,11,Core,dppA,dipeptide ABC transporter substrate-binding protein DppA,,
GCF_000597845.1|WP_001223181.1,10,Accessory,yjtD,tRNA/rRNA methyltransferase,,
GCF_000597845.1|WP_001223227.1,11,Core,nrdH,glutaredoxin-like protein NrdH,,
GCF_000597845.1|WP_001223800.1,11,Core,cpxP,cell-envelope stress modulator CpxP,,
GCF_000597845.1|WP_001224575.1,9,Accessory,ybcH,DUF4434 family protein,,
GCF_000597845.1|WP_001225279.1,11,Core,ycfL,YcfL family protein,,
GCF_000597845.1|WP_001225679.1,11,Core,dpaA,peptidoglycan meso-diaminopimelic acid protein amidase,,
GCF_000597845.1|WP_001225855.1,11,Core,yfaP,YfaP family protein,,
GCF_000597845.1|WP_001226164.1,10,Accessory,dinB,DNA polymerase IV,"damaged DNA binding|0003684||IEA,DNA-directed DNA polymerase activity|0003887||IEA","GO:0006281,GO:0003684,GO:0003887"
GCF_000597845.1|WP_001226602.1,11,Core,rffG,dTDP-glucose 4%2C6-dehydratase,dTDP-glucose 4%2C6-dehydratase activity|0008460||IEA,"GO:0009225,GO:0008460"
GCF_000597845.1|WP_001226928.1,11,Core,aphA,acid phosphatase AphA,acid phosphatase activity|0003993||IEA,"GO:0003993,GO:0030288"
GCF_000597845.1|WP_001226955.1,11,Core,,acyl CoA:acetate/3-ketoacid CoA transferase,,
GCF_000597845.1|WP_001228984.1,11,Core,spy,ATP-independent periplasmic protein-refolding chaperone Spy,,GO:0042597
GCF_000597845.1|WP_001229445.1,11,Core,ygaP,thiosulfate sulfurtransferase YgaP,,
GCF_000597845.1|WP_001230087.1,11,Core,argH,argininosuccinate lyase,argininosuccinate lyase activity|0004056||IEA,"GO:0042450,GO:0004056"
GCF_000597845.1|WP_001230983.1,11,Core,yafD,endonuclease/exonuclease/phosphatase family protein,,
GCF_000597845.1|WP_001231428.1,11,Core,rlpA,endolytic peptidoglycan transglycosylase RlpA,peptidoglycan binding|0042834||IEA,GO:0042834
GCF_000597845.1|WP_001232255.1,11,Core,cybC,cytochrome b562,"iron ion binding|0005506||IEA,electron transfer activity|0009055||IEA","GO:0022900,GO:0005506,GO:0009055,GO:0042597"
GCF_000597845.1|WP_001232412.1,11,Core,hflC,protease modulator HflC,,
GCF_000597845.1|WP_001234053.1,11,Core,ydcK,YdcK family protein,,
GCF_000597845.1|WP_001234311.1,11,Core,fepB,Fe2+-enterobactin ABC transporter substrate-binding protein,,
GCF_000597845.1|WP_001234777.1,11,Core,dcd,dCTP deaminase,dCTP deaminase activity|0008829||IEA,"GO:0006229,GO:0008829"
GCF_000597845.1|WP_001234850.1,11,Core,rsuA,16S rRNA pseudouridine(516) synthase RsuA,,
GCF_000597845.1|WP_001235263.1,11,Core,sdhB,succinate dehydrogenase iron-sulfur subunit SdhB,,
GCF_000597845.1|WP_001236645.1,6,Accessory,ykfM,protein YkfM,,
GCF_000597845.1|WP_001236847.1,11,Core,mscM,miniconductance mechanosensitive channel MscM,,"GO:0055085,GO:0016020"
GCF_000597845.1|WP_001237072.1,11,Core,nagB,glucosamine-6-phosphate deaminase,glucosamine-6-phosphate deaminase activity|0004342||IEA,"GO:0006044,GO:0004342"
GCF_000597845.1|WP_001237205.1,11,Core,yceK,YceK/YidQ family lipoprotein,,
GCF_000597845.1|WP_001237796.1,11,Core,gloA,lactoylglutathione lyase,,
GCF_000597845.1|WP_001237875.1,11,Core,yecR,YecR-like lipofamily protein,,
GCF_000597845.1|WP_001238231.1,11,Core,ybaE,SgrR family transcriptional regulator,,
GCF_000597845.1|WP_001238890.1,11,Core,rep,DNA helicase Rep,DNA helicase activity|0003678||IEA,"GO:0006260,GO:0003678"
GCF_000597845.1|WP_001238917.1,11,Core,rplO,50S ribosomal protein L15,structural constituent of ribosome|0003735||IEA,"GO:0006412,GO:0003735,GO:0015934"
GCF_000597845.1|WP_001239441.1,11,Core,cyoA,cytochrome o ubiquinol oxidase subunit II,cytochrome-c oxidase activity|0004129||IEA,"GO:0022900,GO:0004129"
GCF_000597845.1|WP_001239650.1,11,Core,cmtB,PTS mannitol transporter subunit IIA,,
GCF_000597845.1|WP_001240088.1,11,Core,msrQ,protein-methionine-sulfoxide reductase heme-binding subunit MsrQ,,
GCF_000597845.1|WP_001240712.1,11,Core,exbD,TonB system transport protein ExbD,transmembrane transporter activity|0022857||IEA,"GO:0055085,GO:0022857"
GCF_000597845.1|WP_001240896.1,11,Core,bamA,outer membrane protein assembly factor BamA,,"GO:0071709,GO:0009279"
GCF_000597845.1|WP_001241469.1,11,Core,csrD,RNase E specificity factor CsrD,,
GCF_000597845.1|WP_001241561.1,11,Core,cedA,cell division activator CedA,,
GCF_000597845.1|WP_001241678.1,11,Core,aat,leucyl/phenylalanyl-tRNA--protein transferase,leucyl-tRNA--protein transferase activity|0008914||IEA,"GO:0006508,GO:0008914"
GCF_000597845.1|WP_001243355.1,1,Singleton,kil,host cell division inhibitory peptide Kil,,
GCF_000597845.1|WP_001243437.1,11,Core,ibpA,small heat shock chaperone IbpA,unfolded protein binding|0051082||IEA,"GO:0006950,GO:0051082"
GCF_000597845.1|WP_001244308.1,11,Core,ssuA,aliphatic sulfonate ABC transporter substrate-binding protein SsuA,,
GCF_000597845.1|WP_001244358.1,5,Accessory,,TRAP transporter small permease,transmembrane transporter activity|0022857||IEA,"GO:0015740,GO:0022857,GO:0005886,GO:0016020,GO:0031317"
GCF_000597845.1|WP_001244735.1,11,Core,focB,formate transporter FocB,,
GCF_000597845.1|WP_001244979.1,11,Core,pqqL,M16 family metallopeptidase,"metallopeptidase activity|0008237||IEA,metal ion binding|0046872||IEA","GO:0008237,GO:0046872"
GCF_000597845.1|WP_001245295.1,11,Core,dcrB,phage sensitivity protein DcrB,,
GCF_000597845.1|WP_001245684.1,9,Accessory,amyA,alpha-amylase,"hydrolase activity%2C hydrolyzing O-glycosyl compounds|0004553||IEA,calcium ion binding|0005509||IEA","GO:0005975,GO:0004553,GO:0005509"
GCF_000597845.1|WP_001246104.1,11,Core,ygbE,DUF3561 family protein,,
GCF_000597845.1|WP_001246498.1,11,Core,pdeG,EAL domain-containing protein,,
GCF_000597845.1|WP_001247089.1,10,Accessory,rph,ribonuclease PH,"tRNA binding|0000049||IEA,tRNA nucleotidyltransferase activity|0009022||IEA","GO:0008033,GO:0000049,GO:0009022"
GCF_000597845.1|WP_001248691.1,11,Core,rluE,23S rRNA pseudouridine(2457) synthase RluE,pseudouridine synthase activity|0009982||IEA,"GO:0001522,GO:0009982"
GCF_000597845.1|WP_001248770.1,11,Core,sgrT,glucose uptake inhibitor SgrT,,GO:0046325
GCF_000597845.1|WP_001249889.1,11,Core,nudI,nucleoside triphosphatase NudI,hydrolase activity%2C acting on acid anhydrides%2C in phosphorus-containing anhydrides|0016818||IEA,GO:0016818
GCF_000597845.1|WP_001250088.1,11,Core,hemH,ferrochelatase,ferrochelatase activity|0004325||IEA,"GO:0006779,GO:0004325"
GCF_000597845.1|WP_001250644.1,11,Core,glpX,class II fructose-bisphosphatase,fructose 1%2C6-bisphosphate 1-phosphatase activity|0042132||IEA,"GO:0006071,GO:0006094,GO:0042132"
GCF_000597845.1|WP_001251313.1,11,Core,ydcU,ABC transporter permease,"ATPase-coupled transmembrane transporter activity|0042626||IEA,ABC-type transporter activity|0140359||IEA","GO:0055085,GO:0042626,GO:0140359,GO:0016020"
GCF_000597845.1|WP_001251348.1,11,Core,lolE,lipoprotein-releasing ABC transporter permease subunit LolE,,GO:0042953
GCF_000597845.1|WP_001251538.1,11,Core,hyfR,DNA-binding transcriptional regulator HyfR,,
GCF_000597845.1|WP_001251608.1,11,Core,fsr,fosmidomycin MFS transporter,,
GCF_000597845.1|WP_001251965.1,11,Core,atpC,F0F1 ATP synthase subunit epsilon,proton-transporting ATP synthase activity%2C rotational mechanism|0046933||IEA,"GO:0015986,GO:0046933"
GCF_000597845.1|WP_001251991.1,11,Core,pstA,phosphate ABC transporter permease PstA,,"GO:0035435,GO:0005886"
GCF_000597845.1|WP_001253418.1,11,Core,,YceO family protein,,
GCF_000597845.1|WP_001253625.1,11,Core,yhdP,AsmA2 domain-containing protein YhdP,,
GCF_000597845.1|WP_001253696.1,11,Core,envZ,two-component system sensor histidine kinase EnvZ,phosphorelay sensor kinase activity|0000155||IEA,"GO:0007165,GO:0016310,GO:0000155,GO:0016020"
GCF_000597845.1|WP_001254790.1,11,Core,yhfZ,GntR family transcriptional regulator YhfZ,,
GCF_000597845.1|WP_001255226.1,11,Core,sfmF,fimbria assembly protein,,
GCF_000597845.1|WP_001255609.1,11,Core,menC,o-succinylbenzoate synthase,"magnesium ion binding|0000287||IEA,hydro-lyase activity|0016836||IEA","GO:0009234,GO:0000287,GO:0016836"
GCF_000597845.1|WP_001256540.1,11,Core,pgpB,phosphatidylglycerophosphatase B,phosphatidylserine decarboxylase activity|0004609||IEA,"GO:0008654,GO:0004609"
GCF_000597845.1|WP_001257000.1,11,Core,tmk,dTMP kinase,"dTMP kinase activity|0004798||IEA,ATP binding|0005524||IEA","GO:0006233,GO:0004798,GO:0005524"
GCF_000597845.1|WP_001257044.1,11,Core,sirB1,invasion regulator SirB1,,
GCF_000597845.1|WP_001257846.1,11,Core,argR,transcriptional regulator ArgR,,
GCF_000597845.1|WP_001258678.1,11,Core,aspS,aspartate--tRNA ligase,"aspartate-tRNA ligase activity|0004815||IEA,ATP binding|0005524||IEA","GO:0006422,GO:0004815,GO:0005524,GO:0005737"
GCF_000597845.1|WP_001258839.1,11,Core,chiP,chitoporin ChiP,porin activity|0015288||IEA,"GO:0015774,GO:0052778,GO:0015288"
GCF_000597845.1|WP_001259255.1,9,Accessory,yefM,YoeB-YefM toxin-antitoxin system antitoxin YefM,,
GCF_000597845.1|WP_001259700.1,11,Core,pldA,phospholipase A,phospholipase activity|0004620||IEA,"GO:0006629,GO:0004620"
GCF_000597845.1|WP_001259811.1,11,Core,sppA,signal peptide peptidase SppA,peptidase activity|0008233||IEA,"GO:0006465,GO:0008233"
GCF_000597845.1|WP_001260712.1,11,Core,proS,proline--tRNA ligase,"proline-tRNA ligase activity|0004827||IEA,ATP binding|0005524||IEA","GO:0006433,GO:0004827,GO:0005524,GO:0005737"
GCF_000597845.1|WP_001260865.1,11,Core,ydgD,trypsin-like serine peptidase,"serine-type endopeptidase activity|0004252||IEA,peptidase activity|0008233||IEA,serine-type peptidase activity|0008236||IEA","GO:0006508,GO:0004252,GO:0008233,GO:0008236"
GCF_000597845.1|WP_001261013.1,11,Core,ydcL,DUF3313 domain-containing protein,,
GCF_000597845.1|WP_001261211.1,11,Core,ycjG,L-Ala-D/L-Glu epimerase,racemase and epimerase activity%2C acting on amino acids and derivatives|0016855||IEA,"GO:0009063,GO:0016855"
GCF_000597845.1|WP_001261235.1,11,Core,yccF,YccF domain-containing protein,,
GCF_000597845.1|WP_001261287.1,1,Singleton,vapB,type II toxin-antitoxin system VapB family antitoxin,,
GCF_000597845.1|WP_001262123.1,10,Accessory,uspE,universal stress protein UspE,,
GCF_000597845.1|WP_001262716.1,11,Core,ung,uracil-DNA glycosylase,"uracil DNA N-glycosylase activity|0004844||IEA,hydrolase activity%2C hydrolyzing N-glycosyl compounds|0016799||IEA","GO:0006284,GO:0004844,GO:0016799"
GCF_000597845.1|WP_001262765.1,1,Singleton,,GmrSD restriction endonuclease domain-containing protein,,
GCF_000597845.1|WP_001263493.1,7,Accessory,yafO,type II toxin-antitoxin system mRNA interferase toxin YafO,,
GCF_000597845.1|WP_001263933.1,11,Core,ssuE,NADPH-dependent FMN reductase,FMN reductase [NAD(P)H] activity|0008752||IEA,"GO:0046306,GO:0008752"
GCF_000597845.1|WP_001264088.1,11,Core,csgF,curli production assembly/transport protein CsgF,,
GCF_000597845.1|WP_001264141.1,10,Accessory,hofP,DNA utilization protein HofP,,
GCF_000597845.1|WP_001264352.1,11,Core,tsaD,tRNA (adenosine(37)-N6)-threonylcarbamoyltransferase complex transferase subunit TsaD,,GO:0002949
GCF_000597845.1|WP_001264933.1,11,Core,torT,TMAO reductase system periplasmic protein TorT,,
GCF_000597845.1|WP_001266293.1,11,Core,hmsP,biofilm formation regulator HmsP,,GO:0007165
GCF_000597845.1|WP_001266503.1,11,Core,queA,tRNA preQ1(34) S-adenosylmethionine ribosyltransferase-isomerase QueA,S-adenosylmethionine:tRNA ribosyltransferase-isomerase activity|0051075||IEA,"GO:0006400,GO:0008616,GO:0051075,GO:0005737"
GCF_000597845.1|WP_001266908.1,11,Core,dadA,D-amino acid dehydrogenase,,
GCF_000597845.1|WP_001267253.1,10,Accessory,ybiO,mechanosensitive channel protein,,GO:0055085
GCF_000597845.1|WP_001267448.1,11,Core,fxsA,FxsA family protein,,GO:0005886
GCF_000597845.1|WP_001267498.1,11,Core,ypfJ,KPN_02809 family neutral zinc metallopeptidase,,
GCF_000597845.1|WP_001267941.1,11,Core,holB,DNA polymerase III subunit delta',"DNA-directed DNA polymerase activity|0003887||IEA,3'-5' exonuclease activity|0008408||IEA","GO:0006260,GO:0003887,GO:0008408"
GCF_000597845.1|WP_001268460.1,9,Accessory,ygcG,TPM domain-containing protein,phosphatase activity|0016791||IEA,GO:0016791
GCF_000597845.1|WP_001269197.1,11,Core,eptB,kdo(2)-lipid A phosphoethanolamine 7''-transferase,sulfuric ester hydrolase activity|0008484||IEA,GO:0008484
GCF_000597845.1|WP_001269316.1,11,Core,tamA,autotransporter assembly complex protein TamA,,"GO:0009306,GO:0089705"
GCF_000597845.1|WP_001269520.1,11,Core,coaE,dephospho-CoA kinase,"dephospho-CoA kinase activity|0004140||IEA,ATP binding|0005524||IEA","GO:0015937,GO:0004140,GO:0005524,GO:0005737"
GCF_000597845.1|WP_001270260.1,11,Core,yiiM,6-hydroxyaminopurine reductase,"catalytic activity|0003824||IEA,molybdenum ion binding|0030151||IEA,pyridoxal phosphate binding|0030170||IEA","GO:0003824,GO:0030151,GO:0030170"
GCF_000597845.1|WP_001270542.1,11,Core,ypfG,DUF1176 domain-containing protein,,
GCF_000597845.1|WP_001270734.1,11,Core,ybjP,lipoprotein,,
GCF_000597845.1|WP_001270809.1,11,Core,hemP,hemin uptake protein HemP,,
GCF_000597845.1|WP_001271686.1,9,Accessory,yhhH,protein YhhH,,
GCF_000597845.1|WP_001271717.1,11,Core,glnA,glutamate--ammonia ligase,glutamine synthetase activity|0004356||IEA,"GO:0006542,GO:0008152,GO:0004356"
GCF_000597845.1|WP_001272558.1,11,Core,actS,amidase activator ActS,,
GCF_000597845.1|WP_001272653.1,11,Core,kdpF,K(+)-transporting ATPase subunit F,,
GCF_000597845.1|WP_001272796.1,11,Core,plsY,glycerol-3-phosphate 1-O-acyltransferase PlsY,O-acyltransferase activity|0008374||IEA,"GO:0006654,GO:0008374,GO:0005886"
GCF_000597845.1|WP_001272898.1,11,Core,mutS,DNA mismatch repair protein MutS,"ATP binding|0005524||IEA,mismatched DNA binding|0030983||IEA","GO:0006298,GO:0005524,GO:0030983"
GCF_000597845.1|WP_001273527.1,11,Core,ydhV,aldehyde ferredoxin oxidoreductase,"electron transfer activity|0009055||IEA,oxidoreductase activity|0016491||IEA,iron-sulfur cluster binding|0051536||IEA","GO:0009055,GO:0016491,GO:0051536"
GCF_000597845.1|WP_001274021.1,11,Core,rpsT,30S ribosomal protein S20,"RNA binding|0003723||IEA,structural constituent of ribosome|0003735||IEA","GO:0006412,GO:0003723,GO:0003735,GO:0005840"
GCF_000597845.1|WP_001274295.1,9,Accessory,fliE,flagellar hook-basal body complex protein FliE,cytoskeletal motor activity|0003774||IEA,"GO:0071973,GO:0003774,GO:0009431"
GCF_000597845.1|WP_001274388.1,11,Core,hycC,formate hydrogenlyase subunit 3,NADH dehydrogenase (ubiquinone) activity|0008137||IEA,"GO:0042773,GO:0008137"
GCF_000597845.1|WP_001274501.1,11,Core,yfcC,putative basic amino acid antiporter YfcC,,GO:0016020
GCF_000597845.1|WP_001274680.1,11,Core,prkB,phosphoribulokinase,"ATP binding|0005524||IEA,phosphoribulokinase activity|0008974||IEA","GO:0005975,GO:0005524,GO:0008974"
GCF_000597845.1|WP_001274963.1,11,Core,pspB,envelope stress response membrane protein PspB,,GO:0009271
GCF_000597845.1|WP_001275210.1,11,Core,mdtO,multidrug efflux transporter permease subunit MdtO,,
GCF_000597845.1|WP_001275702.1,11,Core,secE,preprotein translocase subunit SecE,,
GCF_000597845.1|WP_001275861.1,9,Accessory,prpD,2-methylcitrate dehydratase,"2-methylcitrate dehydratase activity|0047547||IEA,2 iron%2C 2 sulfur cluster binding|0051537||IEA","GO:0019679,GO:0047547,GO:0051537"
GCF_000597845.1|WP_001276008.1,11,Core,zapA,cell division protein ZapA,,
GCF_000597845.1|WP_001276076.1,11,Core,hcaF,3-phenylpropionate/cinnamic acid dioxygenase subunit beta,3-phenylpropionate dioxygenase activity|0008695||IEA,"GO:0019380,GO:0008695"
GCF_000597845.1|WP_001276180.1,5,Accessory,yjeO,YjeO family protein,,
GCF_000597845.1|WP_001276305.1,11,Core,yajL,protein deglycase YajL,,
GCF_000597845.1|WP_001276478.1,11,Core,ppdC,prepilin-type N-terminal cleavage/methylation domain-containing protein,,
GCF_000597845.1|WP_001276847.1,7,Accessory,frlR,DNA-binding transcriptional regulator FrlR,,
GCF_000597845.1|WP_001276928.1,11,Core,thiC,phosphomethylpyrimidine synthase ThiC,iron-sulfur cluster binding|0051536||IEA,"GO:0009228,GO:0051536"
GCF_000597845.1|WP_001277142.1,11,Core,yigI,acyl-CoA thioesterase YigI,,
GCF_000597845.1|WP_001277222.1,11,Core,yggU,DUF167 family protein YggU,,
GCF_000597845.1|WP_001277456.1,1,Singleton,merD,mercury resistance co-regulator MerD,DNA binding|0003677||IEA,"GO:0006355,GO:0045892,GO:0046689,GO:0003677"
GCF_000597845.1|WP_001277561.1,11,Core,cysE,serine O-acetyltransferase,serine O-acetyltransferase activity|0009001||IEA,"GO:0006535,GO:0009001"
GCF_000597845.1|WP_001277801.1,11,Core,dapE,succinyl-diaminopimelate desuccinylase,succinyl-diaminopimelate desuccinylase activity|0009014||IEA,"GO:0009089,GO:0009014"
GCF_000597845.1|WP_001278497.1,11,Core,ydiS,FAD-dependent oxidoreductase,,
GCF_000597845.1|WP_001278605.1,11,Core,corC,CNNM family magnesium/cobalt transport protein CorC,flavin adenine dinucleotide binding|0050660||IEA,GO:0050660
GCF_000597845.1|WP_001278727.1,11,Core,puuR,HTH-type transcriptional regulator PuuR,,
GCF_000597845.1|WP_001278907.1,11,Core,cobO,cob(I)yrinic acid a%2Cc-diamide adenosyltransferase,corrinoid adenosyltransferase activity|0008817||IEA,"GO:0009236,GO:0008817"
GCF_000597845.1|WP_001279752.1,11,Core,yidE,putative transporter,monoatomic cation transmembrane transporter activity|0008324||IEA,"GO:0006813,GO:0008324"
GCF_000597845.1|WP_001280345.1,11,Core,miaA,tRNA (adenosine(37)-N6)-dimethylallyltransferase MiaA,tRNA dimethylallyltransferase activity|0052381||IEA,"GO:0006400,GO:0052381,GO:0005737"
GCF_000597845.1|WP_001280624.1,11,Core,fic,putative adenosine monophosphate-protein transferase Fic,,
GCF_000597845.1|WP_001280776.1,11,Core,trxA,thioredoxin TrxA,protein-disulfide reductase activity|0015035||IEA,"GO:0006662,GO:0015035"
GCF_000597845.1|WP_001281377.1,11,Core,hcaB,3-phenylpropionate-dihydrodiol/cinnamic acid-dihydrodiol dehydrogenase,,
GCF_000597845.1|WP_001281881.1,11,Core,parC,DNA topoisomerase IV subunit A,DNA topoisomerase type II (double strand cut%2C ATP-hydrolyzing) activity|0003918||IEA,"GO:0006265,GO:0003918,GO:0009340"
GCF_000597845.1|WP_001281927.1,11,Core,bacA,undecaprenyl-diphosphate phosphatase,undecaprenyl-diphosphatase activity|0050380||IEA,"GO:0016311,GO:0050380,GO:0016020"
GCF_000597845.1|WP_001282281.1,11,Core,rnt,ribonuclease T,RNA exonuclease activity%2C producing 5'-phosphomonoesters|0016896||IEA,"GO:0006364,GO:0042780,GO:0016896"
GCF_000597845.1|WP_001282319.1,11,Core,pdxH,pyridoxamine 5'-phosphate oxidase,"pyridoxamine phosphate oxidase activity|0004733||IEA,FMN binding|0010181||IEA","GO:0008615,GO:0004733,GO:0010181"
GCF_000597845.1|WP_001282346.1,11,Core,mnmE,tRNA uridine-5-carboxymethylaminomethyl(34) synthesis GTPase MnmE,"GTPase activity|0003924||IEA,protein binding|0005515||IEA,GTP binding|0005525||IEA","GO:0006400,GO:0003924,GO:0005515,GO:0005525"
GCF_000597845.1|WP_001283421.1,11,Core,uvrC,excinuclease ABC subunit UvrC,excinuclease ABC activity|0009381||IEA,"GO:0006289,GO:0009381,GO:0009380"
GCF_000597845.1|WP_001283547.1,7,Accessory,,enoyl-CoA hydratase/isomerase family protein,lyase activity|0016829||IEA,GO:0016829
GCF_000597845.1|WP_001283585.1,11,Core,truA,tRNA pseudouridine(38-40) synthase TruA,"RNA binding|0003723||IEA,pseudouridine synthase activity|0009982||IEA","GO:0001522,GO:0009451,GO:0003723,GO:0009982"
GCF_000597845.1|WP_001283626.1,8,Accessory,fecI,RNA polymerase sigma factor FecI,,
GCF_000597845.1|WP_001283723.1,11,Core,glgB,1%2C4-alpha-glucan branching enzyme,1%2C4-alpha-glucan branching enzyme activity|0003844||IEA,"GO:0005978,GO:0003844"
GCF_000597845.1|WP_001284199.1,3,Accessory,,Hcp family type VI secretion system effector,,GO:0033103
GCF_000597845.1|WP_001284618.1,11,Core,msrB,peptide-methionine (R)-S-oxide reductase MsrB,peptide-methionine (R)-S-oxide reductase activity|0033743||IEA,"GO:0006979,GO:0030091,GO:0033743"
GCF_000597845.1|WP_001285288.1,10,Accessory,proB,glutamate 5-kinase,glutamate 5-kinase activity|0004349||IEA,"GO:0006561,GO:0004349,GO:0005737"
GCF_000597845.1|WP_001285432.1,11,Core,ygjI,amino acid permease,transmembrane transporter activity|0022857||IEA,"GO:0055085,GO:0022857,GO:0016020"
GCF_000597845.1|WP_001285661.1,11,Core,rnm,RNase RNM,"5'-3' RNA exonuclease activity|0004534||IEA,5'-3' DNA exonuclease activity|0035312||IEA,3'%2C5'-nucleotide bisphosphate phosphatase activity|0097657||IEA","GO:0006364,GO:0004534,GO:0035312,GO:0097657"
GCF_000597845.1|WP_001285833.1,11,Core,ddpX,D-alanyl-D-alanine dipeptidase,dipeptidase activity|0016805||IEA,"GO:0006508,GO:0016805"
GCF_000597845.1|WP_001285927.1,11,Core,prpC,bifunctional 2-methylcitrate synthase/citrate synthase,"citrate (Si)-synthase activity|0004108||IEA,2-methylcitrate synthase activity|0050440||IEA","GO:0019679,GO:0004108,GO:0050440"
GCF_000597845.1|WP_001286216.1,11,Core,yrdA,gamma carbonic anhydrase family protein,metal ion binding|0046872||IEA,GO:0046872
GCF_000597845.1|WP_001286597.1,11,Core,tam,trans-aconitate 2-methyltransferase,trans-aconitate 2-methyltransferase activity|0030798||IEA,GO:0030798
GCF_000597845.1|WP_001286873.1,11,Core,ileS,isoleucine--tRNA ligase,"nucleotide binding|0000166||IEA,isoleucine-tRNA ligase activity|0004822||IEA,ATP binding|0005524||IEA","GO:0006428,GO:0000166,GO:0004822,GO:0005524"
GCF_000597845.1|WP_001287031.1,11,Core,yeaX,carnitine monooxygenase reductase subunit YeaX,,
GCF_000597845.1|WP_001287154.1,11,Core,glnS,glutamine--tRNA ligase,"nucleotide binding|0000166||IEA,glutamine-tRNA ligase activity|0004819||IEA,ATP binding|0005524||IEA","GO:0006425,GO:0000166,GO:0004819,GO:0005524,GO:0005737"
GCF_000597845.1|WP_001287420.1,11,Core,gutQ,arabinose-5-phosphate isomerase GutQ,,
GCF_000597845.1|WP_001287454.1,11,Core,yqaA,YqaA family protein,,GO:0005886
GCF_000597845.1|WP_001287516.1,11,Core,nusG,transcription termination/antitermination protein NusG,,GO:0032784
GCF_000597845.1|WP_001288228.1,9,Accessory,yqcG,cell envelope stress response protein YqcG,,
GCF_000597845.1|WP_001288587.1,11,Core,atpH,F0F1 ATP synthase subunit delta,proton-transporting ATP synthase activity%2C rotational mechanism|0046933||IEA,"GO:0015986,GO:0046933,GO:0016020"
GCF_000597845.1|WP_001288850.1,11,Core,mukF,chromosome partition protein MukF,calcium ion binding|0005509||IEA,"GO:0007059,GO:0005509"
GCF_000597845.1|WP_001289167.1,11,Core,usg,aspartate-semialdehyde dehydrogenase,"oxidoreductase activity%2C acting on the aldehyde or oxo group of donors%2C NAD or NADP as acceptor|0016620||IEA,protein dimerization activity|0046983||IEA,NAD binding|0051287||IEA","GO:0008652,GO:0016620,GO:0046983,GO:0051287"
GCF_000597845.1|WP_001289652.1,11,Core,rsxE,electron transport complex subunit RsxE,,
GCF_000597845.1|WP_001290706.1,11,Core,cysI,assimilatory sulfite reductase (NADPH) hemoprotein subunit,"sulfite reductase (NADPH) activity|0004783||IEA,NADP binding|0050661||IEA,4 iron%2C 4 sulfur cluster binding|0051539||IEA","GO:0000103,GO:0008652,GO:0004783,GO:0050661,GO:0051539,GO:0009337"
GCF_000597845.1|WP_001291268.1,11,Core,yieF,class I chromate reductase YieF,,
GCF_000597845.1|WP_001291435.1,11,Core,hha,HHA domain-containing protein,,
GCF_000597845.1|WP_001291603.1,11,Core,flhC,flagellar transcriptional regulator FlhC,DNA binding|0003677||IEA,"GO:0045893,GO:1902208,GO:0003677"
GCF_000597845.1|WP_001291772.1,11,Core,glyS,glycine--tRNA ligase subunit beta,"nucleotide binding|0000166||IEA,glycine-tRNA ligase activity|0004820||IEA,ATP binding|0005524||IEA","GO:0006426,GO:0000166,GO:0004820,GO:0005524,GO:0005737"
GCF_000597845.1|WP_001291921.1,11,Core,hycH,formate hydrogenlyase assembly protein HycH,,
GCF_000597845.1|WP_001291990.1,10,Accessory,gpt,xanthine phosphoribosyltransferase,xanthine phosphoribosyltransferase activity|0000310||IEA,"GO:0009116,GO:0000310"
GCF_000597845.1|WP_001292353.1,11,Core,paaF,2%2C3-dehydroadipyl-CoA hydratase PaaF,,
GCF_000597845.1|WP_001292676.1,11,Core,opgB,phosphatidylglycerol--membrane-oligosaccharide glycerophosphotransferase,sulfuric ester hydrolase activity|0008484||IEA,GO:0008484
GCF_000597845.1|WP_001293009.1,10,Accessory,pepD,cytosol nonspecific dipeptidase,hydrolase activity|0016787||IEA,"GO:0006508,GO:0016787"
GCF_000597845.1|WP_001293282.1,11,Core,rlmB,23S rRNA (guanosine(2251)-2'-O)-methyltransferase RlmB,"RNA binding|0003723||IEA,RNA methyltransferase activity|0008173||IEA","GO:0006396,GO:0003723,GO:0008173"
GCF_000597845.1|WP_001293341.1,11,Core,hslU,HslU--HslV peptidase ATPase subunit,"ATP-dependent peptidase activity|0004176||IEA,ATP binding|0005524||IEA","GO:0006508,GO:0004176,GO:0005524,GO:0009376"
GCF_000597845.1|WP_001294219.1,11,Core,queG,tRNA epoxyqueuosine(34) reductase QueG,"4 iron%2C 4 sulfur cluster binding|0051539||IEA,epoxyqueuosine reductase activity|0052693||IEA","GO:0008033,GO:0008616,GO:0051539,GO:0052693"
GCF_000597845.1|WP_001294600.1,11,Core,metI,methionine ABC transporter permease MetI,,
GCF_000597845.1|WP_001294663.1,1,Singleton,,mercuric transport protein MerT,,
GCF_000597845.1|WP_001294674.1,11,Core,thpR,RNA 2'%2C3'-cyclic phosphodiesterase,"2'%2C3'-cyclic-nucleotide 3'-phosphodiesterase activity|0004113||IEA,RNA 2'%2C3'-cyclic 3'-phosphodiesterase activity|0008664||IEA","GO:0004113,GO:0008664"
GCF_000597845.1|WP_001294757.1,11,Core,dnaE,DNA polymerase III subunit alpha,"nucleic acid binding|0003676||IEA,3'-5' exonuclease activity|0008408||IEA","GO:0006260,GO:0003676,GO:0008408"
GCF_000597845.1|WP_001295111.1,11,Core,livH,high-affinity branched-chain amino acid ABC transporter permease LivH,transmembrane transporter activity|0022857||IEA,"GO:0055085,GO:0022857,GO:0016020"
GCF_000597845.1|WP_001295154.1,9,Accessory,yqeI,winged helix-turn-helix domain-containing protein,DNA binding|0003677||IEA,GO:0003677
GCF_000597845.1|WP_001295161.1,7,Accessory,gspM,type II secretion system protein GspM,,
GCF_000597845.1|WP_001295162.1,11,Core,yhfK,YccS/YhfK family putative transporter,,
GCF_000597845.1|WP_001295163.1,7,Accessory,frlB,fructoselysine 6-phosphate deglycase,,
GCF_000597845.1|WP_001295165.1,11,Core,yhfY,PRD domain protein,,
GCF_000597845.1|WP_001295168.1,11,Core,yrfG,GMP/IMP nucleotidase,,
GCF_000597845.1|WP_001295177.1,11,Core,mltB,lytic murein transglycosylase B,,
GCF_000597845.1|WP_001295182.1,11,Core,surE,5'/3'-nucleotidase SurE,nucleotidase activity|0008252||IEA,GO:0008252
GCF_000597845.1|WP_001295188.1,11,Core,orn,oligoribonuclease,"3'-5'-RNA exonuclease activity|0000175||IEA,nucleic acid binding|0003676||IEA","GO:0000175,GO:0003676"
GCF_000597845.1|WP_001295190.1,11,Core,aidB,isovaleryl-CoA dehydrogenase,acyl-CoA dehydrogenase activity|0003995||IEA,GO:0003995
GCF_000597845.1|WP_001295196.1,11,Core,msrA,peptide-methionine (S)-S-oxide reductase MsrA,"peptide-methionine (S)-S-oxide reductase activity|0008113||IEA,L-methionine:thioredoxin-disulfide S-oxidoreductase activity|0033744||IEA","GO:0006979,GO:0030091,GO:0008113,GO:0033744"
GCF_000597845.1|WP_001295199.1,11,Core,treC,alpha%2Calpha-phosphotrehalase,alpha%2Calpha-phosphotrehalase activity|0008788||IEA,"GO:0005991,GO:0008788,GO:0005737"
GCF_000597845.1|WP_001295207.1,11,Core,yhhL,DUF1145 family protein,,
GCF_000597845.1|WP_001295215.1,11,Core,dinQ,damage-inducible type I toxin DinQ,,
GCF_000597845.1|WP_001295219.1,11,Core,pdeH,cyclic-guanylate-specific phosphodiesterase,,
GCF_000597845.1|WP_001295222.1,11,Core,bcsZ,cellulose synthase complex periplasmic endoglucanase BcsZ,hydrolase activity%2C hydrolyzing O-glycosyl compounds|0004553||IEA,"GO:0005975,GO:0004553"
GCF_000597845.1|WP_001295225.1,11,Core,yhjV,aromatic amino acid transport family protein,,GO:0003333
GCF_000597845.1|WP_001295228.1,11,Core,yiaB,inner membrane protein YiaB,,
GCF_000597845.1|WP_001295235.1,11,Core,rfaP,lipopolysaccharide core heptose(I) kinase RfaP,kinase activity|0016301||IEA,"GO:0009103,GO:0016301"
GCF_000597845.1|WP_001295237.1,11,Core,gmk,guanylate kinase,guanylate kinase activity|0004385||IEA,"GO:0006163,GO:0004385"
GCF_000597845.1|WP_001295238.1,11,Core,xanP,xanthine/proton symporter XanP,,
GCF_000597845.1|WP_001295239.1,11,Core,yicH,AsmA family protein,,
GCF_000597845.1|WP_001295241.1,11,Core,yicN,DUF1198 domain-containing protein,,
GCF_000597845.1|WP_001295243.1,11,Core,uhpB,signal transduction histidine-protein kinase/phosphatase UhpB,phosphorelay sensor kinase activity|0000155||IEA,"GO:0000160,GO:0000155"
GCF_000597845.1|WP_001295247.1,11,Core,tnaA,tryptophanase,tryptophanase activity|0009034||IEA,"GO:0006568,GO:0009034"
GCF_000597845.1|WP_001295249.1,10,Accessory,yieL,esterase,,
GCF_000597845.1|WP_001295251.1,10,Accessory,bglG,transcriptional antiterminator BglG,,GO:0006355
GCF_000597845.1|WP_001295255.1,11,Core,rhoL,rho operon leader peptide RhoL,,
GCF_000597845.1|WP_001295256.1,11,Core,wzzE,ECA polysaccharide chain length modulation protein,,"GO:0009103,GO:0009246,GO:0016020"
GCF_000597845.1|WP_001295259.1,11,Core,ubiJ,ubiquinone biosynthesis protein UbiJ,,GO:0006744
GCF_000597845.1|WP_001295260.1,11,Core,tatA,Sec-independent protein translocase subunit TatA,,
GCF_000597845.1|WP_001295263.1,11,Core,yihD,YihD family protein,,
GCF_000597845.1|WP_001295266.1,11,Core,yihI,Der GTPase-activating protein YihI,,
GCF_000597845.1|WP_001295269.1,11,Core,yihX,glucose-1-phosphatase,,
GCF_000597845.1|WP_001295270.1,11,Core,zapG,Z-ring associated protein ZapG,,
GCF_000597845.1|WP_001295271.1,11,Core,degQ,serine endoprotease DegQ,"serine-type endopeptidase activity|0004252||IEA,protein binding|0005515||IEA","GO:0006508,GO:0004252,GO:0005515"
GCF_000597845.1|WP_001295272.1,11,Core,mdh,malate dehydrogenase,L-malate dehydrogenase (NAD+) activity|0030060||IEA,"GO:0006099,GO:0030060"
GCF_000597845.1|WP_001295275.1,11,Core,yhdU,DUF2556 family protein,,
GCF_000597845.1|WP_001295279.1,11,Core,,periplasmic protein,,
GCF_000597845.1|WP_001295285.1,11,Core,pmrD,signal transduction protein PmrD,,
GCF_000597845.1|WP_001295291.1,11,Core,ybjG,undecaprenyl-diphosphate phosphatase,undecaprenyl-diphosphatase activity|0050380||IEA,"GO:0050380,GO:0005886"
GCF_000597845.1|WP_001295292.1,11,Core,gstB,glutathione S-transferase GstB,,
GCF_000597845.1|WP_001295297.1,11,Core,rhtA,threonine/homoserine exporter RhtA,,
GCF_000597845.1|WP_001295299.1,11,Core,rlmF,23S rRNA (adenine(1618)-N(6))-methyltransferase RlmF,rRNA (adenine-N6-)-methyltransferase activity|0008988||IEA,"GO:0006364,GO:0008988"
GCF_000597845.1|WP_001295301.1,11,Core,moaA,GTP 3'%2C8-cyclase MoaA,"metal ion binding|0046872||IEA,4 iron%2C 4 sulfur cluster binding|0051539||IEA","GO:0006777,GO:0046872,GO:0051539"
GCF_000597845.1|WP_001295302.1,11,Core,yvcK,uridine diphosphate-N-acetylglucosamine-binding protein YvcK,,
GCF_000597845.1|WP_001295305.1,11,Core,gpmA,2%2C3-diphosphoglycerate-dependent phosphoglycerate mutase,phosphoglycerate mutase activity|0004619||IEA,"GO:0006096,GO:0004619"
GCF_000597845.1|WP_001295306.1,11,Core,pal,peptidoglycan-associated lipoprotein Pal,,
GCF_000597845.1|WP_001295307.1,11,Core,tolB,Tol-Pal system beta propeller repeat protein TolB,transporter activity|0005215||IEA,"GO:0017038,GO:0005215,GO:0042597"
GCF_000597845.1|WP_001295318.1,11,Core,purE,5-(carboxyamino)imidazole ribonucleotide mutase,phosphoribosylaminoimidazole carboxylase activity|0004638||IEA,"GO:0006189,GO:0009152,GO:0004638,GO:0009320"
GCF_000597845.1|WP_001295323.1,11,Core,fetB,iron efflux ABC transporter permease subunit FetB,,"GO:1903988,GO:0005886"
GCF_000597845.1|WP_001295325.1,11,Core,lon,endopeptidase La,"ATP-dependent peptidase activity|0004176||IEA,serine-type endopeptidase activity|0004252||IEA,ATP hydrolysis activity|0016887||IEA,sequence-specific DNA binding|0043565||IEA","GO:0006508,GO:0004176,GO:0004252,GO:0016887,GO:0043565"
GCF_000597845.1|WP_001295326.1,11,Core,yajG,lipoprotein,,
GCF_000597845.1|WP_001295327.1,10,Accessory,yajI,DUF3251 domain-containing protein,,
GCF_000597845.1|WP_001295328.1,11,Core,tsx,nucleoside-specific channel-forming protein Tsx,,
GCF_000597845.1|WP_001295331.1,11,Core,proC,pyrroline-5-carboxylate reductase,pyrroline-5-carboxylate reductase activity|0004735||IEA,"GO:0006561,GO:0004735"
GCF_000597845.1|WP_001295332.1,11,Core,psiF,phosphate starvation-inducible protein PsiF,,
GCF_000597845.1|WP_001295334.1,11,Core,yaiZ,DUF2754 domain-containing protein,,
GCF_000597845.1|WP_001295335.1,11,Core,iprA,hydrogen peroxide resistance inhibitor IprA,,
GCF_000597845.1|WP_001295337.1,11,Core,hemB,porphobilinogen synthase,porphobilinogen synthase activity|0004655||IEA,"GO:0033014,GO:0004655"
GCF_000597845.1|WP_001295343.1,11,Core,lolA,outer membrane lipoprotein chaperone LolA,,"GO:0042953,GO:0042597"
GCF_000597845.1|WP_001295344.1,11,Core,ycaO,30S ribosomal protein S12 methylthiotransferase accessory factor YcaO,,
GCF_000597845.1|WP_001295345.1,11,Core,ycaL,metallopeptidase YcaL,,
GCF_000597845.1|WP_001295352.1,11,Core,pyrD,quinone-dependent dihydroorotate dehydrogenase,dihydroorotate dehydrogenase activity|0004152||IEA,"GO:0006222,GO:0004152,GO:0016020"
GCF_000597845.1|WP_001295353.1,11,Core,zapC,cell division protein ZapC,,
GCF_000597845.1|WP_001295356.1,11,Core,hspQ,heat shock protein HspQ,,
GCF_000597845.1|WP_001295357.1,11,Core,gfcE,polysaccharide export protein,,"GO:0015774,GO:0016020"
GCF_000597845.1|WP_001295358.1,10,Accessory,gfcA,threonine-rich inner membrane protein GfcA,,
GCF_000597845.1|WP_001295363.1,11,Core,trmN,tRNA(1)(Val) (adenine(37)-N(6))-methyltransferase TrmN,"nucleic acid binding|0003676||IEA,tRNA (adenine-N6)-methyltransferase activity|0016430||IEA","GO:0030488,GO:0003676,GO:0016430"
GCF_000597845.1|WP_001295364.1,11,Core,rpoE,RNA polymerase sigma factor RpoE,"DNA binding|0003677||IEA,DNA-binding transcription factor activity|0003700||IEA,sigma factor activity|0016987||IEA","GO:0006352,GO:0006355,GO:0003677,GO:0003700,GO:0016987"
GCF_000597845.1|WP_001295373.1,11,Core,iscS,cysteine desulfurase,,
GCF_000597845.1|WP_001295378.1,11,Core,ygfB,UPF0149 family protein YgfB,,
GCF_000597845.1|WP_001295383.1,11,Core,cadA,lysine decarboxylase CadA,,
GCF_000597845.1|WP_001295384.1,11,Core,eptA,phosphoethanolamine transferase EptA,transferase activity%2C transferring phosphorus-containing groups|0016772||IEA,GO:0016772
GCF_000597845.1|WP_001295387.1,11,Core,phnF,phosphonate metabolism transcriptional regulator PhnF,,
GCF_000597845.1|WP_001295388.1,11,Core,phnI,alpha-D-ribose 1-methylphosphonate 5-triphosphate synthase subunit PhnI,,
GCF_000597845.1|WP_001295389.1,11,Core,ytcA,YtcA family lipoprotein,,
GCF_000597845.1|WP_001295391.1,11,Core,nrfB,cytochrome c nitrite reductase pentaheme subunit,,"GO:0008152,GO:0042597"
GCF_000597845.1|WP_001295400.1,11,Core,tyrS,tyrosine--tRNA ligase,"nucleotide binding|0000166||IEA,tyrosine-tRNA ligase activity|0004831||IEA,ATP binding|0005524||IEA","GO:0006437,GO:0000166,GO:0004831,GO:0005524"
GCF_000597845.1|WP_001295403.1,11,Core,pykF,pyruvate kinase PykF,pyruvate kinase activity|0004743||IEA,"GO:0006096,GO:0004743"
GCF_000597845.1|WP_001295412.1,11,Core,deoC,deoxyribose-phosphate aldolase,deoxyribose-phosphate aldolase activity|0004139||IEA,"GO:0009264,GO:0004139,GO:0005737"
GCF_000597845.1|WP_001295417.1,11,Core,yaaY,DUF2575 family protein,,
GCF_000597845.1|WP_001295424.1,11,Core,udk,uridine kinase,uridine kinase activity|0004849||IEA,GO:0004849
GCF_000597845.1|WP_001295427.1,11,Core,metG,methionine--tRNA ligase,"nucleotide binding|0000166||IEA,methionine-tRNA ligase activity|0004825||IEA,ATP binding|0005524||IEA","GO:0006431,GO:0000166,GO:0004825,GO:0005524"
GCF_000597845.1|WP_001295429.1,11,Core,yehR,YehR family lipoprotein,,
GCF_000597845.1|WP_001295431.1,11,Core,btsS,two-component regulatory system sensor histidine kinase BtsS,,
GCF_000597845.1|WP_001295441.1,11,Core,flgJ,flagellar assembly peptidoglycan hydrolase FlgJ,hydrolase activity%2C acting on glycosyl bonds|0016798||IEA,"GO:0044780,GO:0016798"
GCF_000597845.1|WP_001295442.1,11,Core,flgH,flagellar basal body L-ring protein FlgH,cytoskeletal motor activity|0003774||IEA,"GO:0071973,GO:0003774,GO:0009427"
GCF_000597845.1|WP_001295443.1,11,Core,yceB,lipoprotein,,
GCF_000597845.1|WP_001295445.1,11,Core,mdoH,glucans biosynthesis glucosyltransferase MdoH,hexosyltransferase activity|0016758||IEA,GO:0016758
GCF_000597845.1|WP_001295447.1,11,Core,ccmC,heme exporter protein CcmC,,
GCF_000597845.1|WP_001295452.1,11,Core,yohJ,CidA/LrgA family protein,,
GCF_000597845.1|WP_001295467.1,11,Core,purC,phosphoribosylaminoimidazolesuccinocarboxamide synthase,phosphoribosylaminoimidazolesuccinocarboxamide synthase activity|0004639||IEA,"GO:0006164,GO:0004639"
GCF_000597845.1|WP_001295469.1,11,Core,dapA,4-hydroxy-tetrahydrodipicolinate synthase,4-hydroxy-tetrahydrodipicolinate synthase activity|0008840||IEA,"GO:0009089,GO:0008840"
GCF_000597845.1|WP_001295473.1,11,Core,upp,uracil phosphoribosyltransferase,uracil phosphoribosyltransferase activity|0004845||IEA,"GO:0009116,GO:0004845"
GCF_000597845.1|WP_001295474.1,11,Core,purM,phosphoribosylformylglycinamidine cyclo-ligase,phosphoribosylformylglycinamidine cyclo-ligase activity|0004641||IEA,"GO:0006189,GO:0004641"
GCF_000597845.1|WP_001295476.1,11,Core,yfgH,glycine zipper 2TM domain-containing protein,,GO:0019867
GCF_000597845.1|WP_001295479.1,11,Core,sseB,enhanced serine sensitivity protein SseB,,
GCF_000597845.1|WP_001295485.1,11,Core,selD,selenide%2C water dikinase SelD,selenide%2C water dikinase activity|0004756||IEA,"GO:0016260,GO:0004756"
GCF_000597845.1|WP_001295488.1,11,Core,yeaD,D-hexose-6-phosphate mutarotase,racemase and epimerase activity%2C acting on carbohydrates and derivatives|0016857||IEA,"GO:0005975,GO:0016857"
GCF_000597845.1|WP_001295489.1,11,Core,dgcJ,diguanylate cyclase DgcJ,diguanylate cyclase activity|0052621||IEA,"GO:0043709,GO:1902201,GO:0052621"
GCF_000597845.1|WP_001295493.1,11,Core,yoaB,RidA family protein,,
GCF_000597845.1|WP_001295496.1,11,Core,yobF,DUF2627 domain-containing protein,,
GCF_000597845.1|WP_001295499.1,11,Core,yebV,YebV family protein,,
GCF_000597845.1|WP_001295500.1,11,Core,yebF,protein YebF,,
GCF_000597845.1|WP_001295503.1,11,Core,ruvC,crossover junction endodeoxyribonuclease RuvC,crossover junction DNA endonuclease activity|0008821||IEA,"GO:0006310,GO:0008821"
GCF_000597845.1|WP_001295504.1,11,Core,yecM,VOC family protein,,
GCF_000597845.1|WP_001295515.1,11,Core,yghU,glutathione-dependent disulfide-bond oxidoreductase,protein binding|0005515||IEA,"GO:0006749,GO:0005515"
GCF_000597845.1|WP_001295541.1,11,Core,folB,bifunctional dihydroneopterin aldolase/7%2C8-dihydroneopterin epimerase,dihydroneopterin aldolase activity|0004150||IEA,"GO:0006760,GO:0004150"
GCF_000597845.1|WP_001295543.1,11,Core,yqjC,DUF1090 family protein YqjC,,
GCF_000597845.1|WP_001295544.1,11,Core,yhaL,protein YhaL,,
GCF_000597845.1|WP_001295547.1,11,Core,agaV,PTS N-acetylgalactosamine transporter subunit IIB,,
GCF_000597845.1|WP_001295552.1,11,Core,ubiT,ubiquinone anaerobic biosynthesis accessory factor UbiT,,"GO:0006744,GO:0110142"
GCF_000597845.1|WP_001295553.1,11,Core,deaD,ATP-dependent RNA helicase DeaD,,
GCF_000597845.1|WP_001295562.1,11,Core,ispU,(2E%2C6E)-farnesyl-diphosphate-specific ditrans%2Cpolycis-undecaprenyl-diphosphate synthase,"prenyltransferase activity|0004659||IEA,ditrans%2Cpolycis-undecaprenyl-diphosphate synthase [(2E%2C6E)-farnesyl-diphosphate specific] activity|0008834||IEA","GO:0043164,GO:0004659,GO:0008834"
GCF_000597845.1|WP_001295568.1,11,Core,yacC,YacC family pilotin-like protein,,
GCF_000597845.1|WP_001295575.1,11,Core,yciO,L-threonylcarbamoyladenylate synthase,"double-stranded RNA binding|0003725||IEA,L-threonylcarbamoyladenylate synthase|0061710||IEA","GO:0006400,GO:0003725,GO:0061710"
GCF_000597845.1|WP_001295576.1,11,Core,topA,type I DNA topoisomerase,"DNA binding|0003677||IEA,DNA topoisomerase type I (single strand cut%2C ATP-independent) activity|0003917||IEA","GO:0006260,GO:0006265,GO:0003677,GO:0003917,GO:0005737"
GCF_000597845.1|WP_001295580.1,11,Core,yciH,stress response translation initiation inhibitor YciH,,
GCF_000597845.1|WP_001295619.1,11,Core,hemA,glutamyl-tRNA reductase,"glutamyl-tRNA reductase activity|0008883||IEA,NADP binding|0050661||IEA","GO:0008883,GO:0050661"
GCF_000597845.1|WP_001295620.1,11,Core,chaA,sodium-potassium/proton antiporter ChaA,,
GCF_000597845.1|WP_001295626.1,11,Core,ubiK,ubiquinone biosynthesis accessory factor UbiK,identical protein binding|0042802||IEA,"GO:0006744,GO:0042802"
GCF_000597845.1|WP_001295627.1,11,Core,zupT,zinc transporter ZupT,,
GCF_000597845.1|WP_001295642.1,9,Accessory,yedD,lipoprotein YedD,,
GCF_000597845.1|WP_001295643.1,9,Accessory,tcyJ,cystine ABC transporter substrate-binding protein,ligand-gated monoatomic ion channel activity|0015276||IEA,"GO:0015276,GO:0016020"
GCF_000597845.1|WP_001295646.1,11,Core,otsA,alpha%2Calpha-trehalose-phosphate synthase,alpha%2Calpha-trehalose-phosphate synthase (UDP-forming) activity|0003825||IEA,"GO:0005992,GO:0003825"
GCF_000597845.1|WP_001295647.1,11,Core,flhD,flagellar transcriptional regulator FlhD,DNA binding|0003677||IEA,"GO:0045893,GO:1902208,GO:0003677"
GCF_000597845.1|WP_001295666.1,11,Core,iraM,anti-adapter protein IraM,anti-sigma factor antagonist activity|0043856||IEA,"GO:0043856,GO:0005737"
GCF_000597845.1|WP_001295676.1,11,Core,yiiE,CopG family transcriptional regulator,,"GO:0006276,GO:0006355,GO:0032993"
GCF_000597845.1|WP_001295677.1,11,Core,yiiG,YiiG family protein,,
GCF_000597845.1|WP_001295681.1,11,Core,lptG,LPS export ABC transporter permease LptG,lipopolysaccharide transmembrane transporter activity|0015221||IEA,"GO:0055085,GO:0015221,GO:0043190"
GCF_000597845.1|WP_001295683.1,11,Core,ydeM,anaerobic sulfatase maturase,"oxidoreductase activity|0016491||IEA,4 iron%2C 4 sulfur cluster binding|0051539||IEA","GO:0018209,GO:0046500,GO:0016491,GO:0051539"
GCF_000597845.1|WP_001295684.1,11,Core,ydeN,sulfatase-like hydrolase/transferase,sulfuric ester hydrolase activity|0008484||IEA,GO:0008484
GCF_000597845.1|WP_001295687.1,5,Accessory,yahH,protein YahH,,
GCF_000597845.1|WP_001295689.1,11,Core,yjcB,YjcB family protein,,
GCF_000597845.1|WP_001295691.1,11,Core,zur,zinc uptake transcriptional repressor Zur,DNA-binding transcription factor activity|0003700||IEA,"GO:0006355,GO:0003700"
GCF_000597845.1|WP_001295692.1,11,Core,dinF,MATE family efflux transporter DinF,"antiporter activity|0015297||IEA,xenobiotic transmembrane transporter activity|0042910||IEA","GO:0055085,GO:0015297,GO:0042910,GO:0016020"
GCF_000597845.1|WP_001295693.1,11,Core,ubiC,chorismate lyase,chorismate lyase activity|0008813||IEA,GO:0008813
GCF_000597845.1|WP_001295694.1,11,Core,metB,cystathionine gamma-synthase,"catalytic activity|0003824||IEA,pyridoxal phosphate binding|0030170||IEA","GO:0019346,GO:0003824,GO:0030170"
GCF_000597845.1|WP_001295704.1,10,Accessory,prmB,50S ribosomal protein L3 N(5)-glutamine methyltransferase,"protein methyltransferase activity|0008276||IEA,S-adenosylmethionine-dependent methyltransferase activity|0008757||IEA","GO:0018364,GO:0042273,GO:0008276,GO:0008757"
GCF_000597845.1|WP_001295715.1,11,Core,ydbJ,putative hemolysin,,
GCF_000597845.1|WP_001295748.1,11,Core,osmY,molecular chaperone OsmY,,
GCF_000597845.1|WP_001295770.1,11,Core,mraZ,division/cell wall cluster transcriptional repressor MraZ,DNA-binding transcription factor activity|0003700||IEA,"GO:0006355,GO:0003700"
GCF_000597845.1|WP_001295932.1,11,Core,mepK,YcbK family protein,,
GCF_000597845.1|WP_001295992.1,11,Core,,YcgL domain-containing protein,,
GCF_000597845.1|WP_001296046.1,9,Accessory,ynaL,protein YnaL,,
GCF_000597845.1|WP_001296104.1,11,Core,ydiH,YdiH family protein,,
GCF_000597845.1|WP_001296134.1,11,Core,mntP,manganese efflux pump MntP,,
GCF_000597845.1|WP_001296140.1,11,Core,yebW,YebW family protein,,
GCF_000597845.1|WP_001296310.1,11,Core,grpE,nucleotide exchange factor GrpE,,
GCF_000597845.1|WP_001296448.1,11,Core,mlaD,outer membrane lipid asymmetry maintenance protein MlaD,,GO:0015914
GCF_000597845.1|WP_001296623.1,11,Core,zapB,septal ring assembly protein ZapB,,
GCF_000597845.1|WP_001296681.1,11,Core,priB,primosomal replication protein N,single-stranded DNA binding|0003697||IEA,"GO:0006260,GO:0003697,GO:0030894"
GCF_000597845.1|WP_001296693.1,11,Core,pyrL,pyr operon leader peptide,,
GCF_000597845.1|WP_001296778.1,11,Core,ydcH,YdcH family protein,,
GCF_000597845.1|WP_001296785.1,11,Core,yhiY,protein YhiY,,
GCF_000597845.1|WP_001296808.1,11,Core,yiaA,inner membrane protein YiaA,,
GCF_000597845.1|WP_001296814.1,11,Core,yhiD,MgtC/SapB family protein,,
GCF_000597845.1|WP_001296821.1,11,Core,yohD,DedA family protein,,GO:0016020
GCF_000597845.1|WP_001296837.1,11,Core,yojO,protein YojO,,
GCF_000597845.1|WP_001296861.1,11,Core,fadL,long-chain fatty acid transporter FadL,,
GCF_000597845.1|WP_001296867.1,11,Core,yfdE,CoA:oxalate CoA-transferase,,
GCF_000597845.1|WP_001296937.1,11,Core,sodC,superoxide dismutase [Cu-Zn] SodC,superoxide dismutase activity|0004784||IEA,GO:0004784
GCF_000597845.1|WP_001296943.1,11,Core,slyA,transcriptional regulator SlyA,DNA-binding transcription factor activity|0003700||IEA,"GO:0006355,GO:0003700"
GCF_000597845.1|WP_001296991.1,11,Core,cecR,DNA-binding transcriptional regulator CecR,,
GCF_000597845.1|WP_001297003.1,11,Core,rcdA,DNA-binding transcriptional regulator RcdA,,
GCF_000597845.1|WP_001297052.1,11,Core,gcd,quinoprotein glucose dehydrogenase,,
GCF_000597845.1|WP_001297068.1,11,Core,fabY,fatty acid biosynthesis protein FabY,,
GCF_000597845.1|WP_001297144.1,11,Core,flhA,formate hydrogenlyase transcriptional activator FlhA,"protein binding|0005515||IEA,ATP binding|0005524||IEA,transcription factor binding|0008134||IEA,sequence-specific DNA binding|0043565||IEA","GO:0006355,GO:0005515,GO:0005524,GO:0008134,GO:0043565"
GCF_000597845.1|WP_001297228.1,11,Core,ytiD,protein YtiD,,
GCF_000597845.1|WP_001297236.1,11,Core,iraD,anti-adapter protein IraD,,
GCF_000597845.1|WP_001297249.1,11,Core,pgm,phosphoglucomutase (alpha-D-glucose-1%2C6-bisphosphate-dependent),phosphoglucomutase activity|0004614||IEA,"GO:0005975,GO:0004614"
GCF_000597845.1|WP_001297290.1,11,Core,malF,maltose ABC transporter permease MalF,,"GO:0055085,GO:0043190"
GCF_000597845.1|WP_001297320.1,11,Core,bamC,outer membrane protein assembly factor BamC,,
GCF_000597845.1|WP_001297375.1,11,Core,radC,RadC family protein,,
GCF_000597845.1|WP_001297404.1,11,Core,yqgG,protein YqgG,,
GCF_000597845.1|WP_001297406.1,11,Core,yqgB,acid stress response protein YqgB,,
GCF_000597845.1|WP_001297409.1,11,Core,tadA,tRNA adenosine(34) deaminase TadA,"tRNA-specific adenosine deaminase activity|0008251||IEA,zinc ion binding|0008270||IEA","GO:0002100,GO:0008251,GO:0008270"
GCF_000597845.1|WP_001297412.1,11,Core,pdxJ,pyridoxine 5'-phosphate synthase,pyridoxine 5'-phosphate synthase activity|0033856||IEA,"GO:0008615,GO:0033856"
GCF_000597845.1|WP_001297427.1,11,Core,secG,preprotein translocase subunit SecG,sialic acid transmembrane transporter activity|0015136||IEA,"GO:0015739,GO:0015136,GO:0016020"
GCF_000597845.1|WP_001297484.1,11,Core,mnmA,tRNA 2-thiouridine(34) synthase MnmA,"tRNA (5-methylaminomethyl-2-thiouridylate)(34)-methyltransferase activity|0004808||IEA,sulfurtransferase activity|0016783||IEA","GO:0002143,GO:0006396,GO:0004808,GO:0016783,GO:0005737"
GCF_000597845.1|WP_001297612.1,11,Core,qseE,two component system sensor histidine kinase QseE/GlrK,,
GCF_000597845.1|WP_001297640.1,11,Core,yjiA,GTPase,,
GCF_000597845.1|WP_001297653.1,11,Core,ydjM,metal-dependent hydrolase,,
GCF_000597845.1|WP_001297709.1,11,Core,tsaC,L-threonylcarbamoyladenylate synthase type 1 TsaC,"double-stranded RNA binding|0003725||IEA,ATP binding|0005524||IEA","GO:0002949,GO:0003725,GO:0005524"
GCF_000597845.1|WP_001297957.1,11,Core,bax,protein bax,,
GCF_000597845.1|WP_001298109.1,11,Core,prs,ribose-phosphate diphosphokinase,,
GCF_000597845.1|WP_001298201.1,11,Core,pckA,phosphoenolpyruvate carboxykinase (ATP),phosphoenolpyruvate carboxykinase (ATP) activity|0004612||IEA,"GO:0006094,GO:0004612"
GCF_000597845.1|WP_001298300.1,11,Core,cmoM,tRNA uridine 5-oxyacetic acid(34) methyltransferase CmoM,,
GCF_000597845.1|WP_001298382.1,11,Core,yqhC,DNA-binding transcriptional regulator YqhC,,
GCF_000597845.1|WP_001298717.1,11,Core,hdeB,acid-activated periplasmic chaperone HdeB,,
GCF_000597845.1|WP_001298719.1,11,Core,prlC,oligopeptidase A,metalloendopeptidase activity|0004222||IEA,"GO:0006508,GO:0004222"
GCF_000597845.1|WP_001298790.1,11,Core,yfaT,DUF1175 domain-containing protein,,
GCF_000597845.1|WP_001298916.1,11,Core,mltC,membrane-bound lytic murein transglycosylase MltC,peptidoglycan lytic transglycosylase activity|0008933||IEA,"GO:0000270,GO:0008933,GO:0016020"
GCF_000597845.1|WP_001298932.1,11,Core,yjiK,SdiA-regulated domain-containing protein,,
GCF_000597845.1|WP_001298964.1,11,Core,argE,acetylornithine deacetylase,deacetylase activity|0019213||IEA,"GO:0006526,GO:0019213"
GCF_000597845.1|WP_001299246.1,7,Accessory,,TetR/AcrR family transcriptional regulator,DNA binding|0003677||IEA,"GO:0006355,GO:0003677"
GCF_000597845.1|WP_001299507.1,11,Core,guaB,IMP dehydrogenase,IMP dehydrogenase activity|0003938||IEA,"GO:0006164,GO:0003938"
GCF_000597845.1|WP_001299515.1,11,Core,yfhR,alpha/beta hydrolase,hydrolase activity|0016787||IEA,GO:0016787
GCF_000597845.1|WP_001299523.1,10,Accessory,yhjY,autotransporter outer membrane beta-barrel domain-containing protein,,
GCF_000597845.1|WP_001299652.1,11,Core,ygcR,electron transfer flavoprotein subunit beta/FixA family protein,,
GCF_000597845.1|WP_001299662.1,11,Core,ahr,NADPH-dependent aldehyde reductase Ahr,"alcohol dehydrogenase (NADP+) activity|0008106||IEA,oxidoreductase activity%2C acting on the CH-OH group of donors%2C NAD or NADP as acceptor|0016616||IEA","GO:0006631,GO:0008106,GO:0016616"
GCF_000597845.1|WP_001299664.1,11,Core,treB,PTS trehalose transporter subunit IIBC,"protein-N(PI)-phosphohistidine-sugar phosphotransferase activity|0008982||IEA,trehalose transmembrane transporter activity|0015574||IEA","GO:0009401,GO:0015771,GO:0008982,GO:0015574,GO:0016020"
GCF_000597845.1|WP_001299673.1,11,Core,otsB,trehalose-phosphatase,trehalose-phosphatase activity|0004805||IEA,"GO:0005992,GO:0004805"
GCF_000597845.1|WP_001299676.1,10,Accessory,yecT,lysozyme inhibitor LprI family protein,,
GCF_000597845.1|WP_001299721.1,1,Singleton,,hypothetical protein,,
GCF_000597845.1|WP_001299740.1,4,Accessory,,hypothetical protein,,
GCF_000597845.1|WP_001299799.1,11,Core,yjjU,patatin-like phospholipase family protein,,
GCF_000597845.1|WP_001299914.1,10,Accessory,ravA,ATPase RavA,"ATP binding|0005524||IEA,ATP hydrolysis activity|0016887||IEA","GO:0005524,GO:0016887"
GCF_000597845.1|WP_001300064.1,11,Core,ypaB,protein YpaB,,
GCF_000597845.1|WP_001300163.1,9,Accessory,,hypothetical protein,,
GCF_000597845.1|WP_001300294.1,1,Singleton,,EAL domain-containing protein,,
GCF_000597845.1|WP_001300356.1,11,Core,ydhJ,efflux RND transporter periplasmic adaptor subunit,transporter activity|0005215||IEA,"GO:0006810,GO:0005215,GO:0016020"
GCF_000597845.1|WP_001300367.1,11,Core,nudB,dihydroneopterin triphosphate diphosphatase,"dATP diphosphatase activity|0008828||IEA,dihydroneopterin triphosphate pyrophosphohydrolase activity|0019177||IEA","GO:0046656,GO:0008828,GO:0019177"
GCF_000597845.1|WP_001300381.1,11,Core,yfeZ,DUF2919 domain-containing protein,,
GCF_000597845.1|WP_001300383.1,11,Core,ilvN,acetolactate synthase small subunit,acetolactate synthase regulator activity|1990610||IEA,"GO:0009082,GO:1990610"
GCF_000597845.1|WP_001300395.1,11,Core,ydjX,TVP38/TMEM64 family protein,,GO:0016020
GCF_000597845.1|WP_001300397.1,11,Core,rimP,ribosome maturation factor RimP,,GO:0042274
GCF_000597845.1|WP_001300406.1,11,Core,leuS,leucine--tRNA ligase,"nucleotide binding|0000166||IEA,leucine-tRNA ligase activity|0004823||IEA,ATP binding|0005524||IEA","GO:0006429,GO:0000166,GO:0004823,GO:0005524"
GCF_000597845.1|WP_001300409.1,11,Core,tonB,TonB system transport protein TonB,,
GCF_000597845.1|WP_001300411.1,11,Core,elbB,isoprenoid biosynthesis glyoxalase ElbB,,
GCF_000597845.1|WP_001300415.1,11,Core,yeaC,YeaC family protein,,
GCF_000597845.1|WP_001300421.1,11,Core,dhaL,dihydroxyacetone kinase subunit DhaL,phosphoenolpyruvate-glycerone phosphotransferase activity|0047324||IEA,"GO:0006071,GO:0047324"
GCF_000597845.1|WP_001300438.1,11,Core,tapT,tRNA-uridine aminocarboxypropyltransferase,,
GCF_000597845.1|WP_001300467.1,11,Core,leuL,leu operon leader peptide,,
GCF_000597845.1|WP_001300480.1,11,Core,ves,environmental stress-induced protein Ves,,
GCF_000597845.1|WP_001300486.1,11,Core,pntA,Re/Si-specific NAD(P)(+) transhydrogenase subunit alpha,proton-translocating NAD(P)+ transhydrogenase activity|0008750||IEA,"GO:1902600,GO:0008750"
GCF_000597845.1|WP_001300509.1,11,Core,bglJ,DNA-binding transcriptional activator BglJ,DNA binding|0003677||IEA,"GO:0006355,GO:0003677"
GCF_000597845.1|WP_001300526.1,11,Core,yghO,protein YghO,,
GCF_000597845.1|WP_001300536.1,11,Core,agaI,galactosamine-6-phosphate isomerase,,
GCF_000597845.1|WP_001300540.1,11,Core,yhbX,phosphoethanolamine transferase,sulfuric ester hydrolase activity|0008484||IEA,GO:0008484
GCF_000597845.1|WP_001300547.1,11,Core,fdhF,formate dehydrogenase subunit alpha,formate dehydrogenase (NAD+) activity|0008863||IEA,"GO:0015942,GO:0008863,GO:0009326"
GCF_000597845.1|WP_001300554.1,11,Core,yidR,DUF3748 domain-containing protein,,
GCF_000597845.1|WP_001300563.1,7,Accessory,,IS4-like element IS421 family transposase,transposase activity|0004803||IEA,"GO:0006313,GO:0004803"
GCF_000597845.1|WP_001300573.1,11,Core,cnoX,chaperedoxin,,
GCF_000597845.1|WP_001300600.1,11,Core,katG,catalase/peroxidase HPI,"catalase activity|0004096||IEA,peroxidase activity|0004601||IEA,heme binding|0020037||IEA","GO:0006979,GO:0004096,GO:0004601,GO:0020037"
GCF_000597845.1|WP_001300605.1,11,Core,ygfT,formate-dependent uric acid utilization protein YgfT,"oxidoreductase activity|0016491||IEA,iron-sulfur cluster binding|0051536||IEA","GO:0016491,GO:0051536"
GCF_000597845.1|WP_001300620.1,9,Accessory,nfrA,bacteriophage adsorption protein NfrA,,
GCF_000597845.1|WP_001300634.1,6,Accessory,ydiV,anti-FlhDC factor,,
GCF_000597845.1|WP_001300638.1,11,Core,yfiE,LysR family transcriptional regulator,"DNA binding|0003677||IEA,DNA-binding transcription factor activity|0003700||IEA","GO:0006355,GO:0003677,GO:0003700"
GCF_000597845.1|WP_001300644.1,11,Core,znuA,zinc ABC transporter substrate-binding protein ZnuA,metal ion binding|0046872||IEA,"GO:0006829,GO:0046872"
GCF_000597845.1|WP_001300651.1,11,Core,yjaH,DUF1481 domain-containing protein,,
GCF_000597845.1|WP_001300654.1,11,Core,cheA,chemotaxis protein CheA,phosphorelay sensor kinase activity|0000155||IEA,"GO:0000160,GO:0006935,GO:0016310,GO:0000155"
GCF_000597845.1|WP_001300656.1,11,Core,thiB,thiamine ABC transporter substrate binding subunit,"thiamine binding|0030975||IEA,ABC-type thiamine transporter activity|0048502||IEA","GO:0015888,GO:0030975,GO:0048502,GO:0030288,GO:0055052"
GCF_000597845.1|WP_001300658.1,11,Core,tyrR,transcriptional regulator TyrR,transcription factor binding|0008134||IEA,"GO:0006355,GO:0008134"
GCF_000597845.1|WP_001300664.1,11,Core,rssA,patatin-like phospholipase RssA,lysophospholipase activity|0004622||IEA,"GO:0006629,GO:0004622"
GCF_000597845.1|WP_001300666.1,9,Accessory,ybhA,bifunctional pyridoxal phosphate/fructose-1%2C6-bisphosphate phosphatase,,
GCF_000597845.1|WP_001300681.1,11,Core,yhdY,amino acid ABC transporter permease,"ATPase-coupled transmembrane transporter activity|0042626||IEA,ABC-type transporter activity|0140359||IEA","GO:0006865,GO:0042626,GO:0140359"
GCF_000597845.1|WP_001300687.1,11,Core,rbn,ribonuclease BN,RNA endonuclease activity%2C producing 5'-phosphomonoesters|0016891||IEA,"GO:0042780,GO:0016891"
GCF_000597845.1|WP_001300695.1,11,Core,ulaA,PTS ascorbate transporter subunit IIC,,
GCF_000597845.1|WP_001300742.1,11,Core,mcbR,colanic acid/biofilm transcriptional regulator McbR,,
GCF_000597845.1|WP_001300748.1,11,Core,ychJ,YchJ family protein,,
GCF_000597845.1|WP_001300750.1,11,Core,ratA,type II toxin-antitoxin system toxin RatA,,
GCF_000597845.1|WP_001300769.1,11,Core,yggI,SprT family zinc-dependent metalloprotease,,
GCF_000597845.1|WP_001300785.1,11,Core,ycdZ,DUF1097 domain-containing protein,,GO:0005886
GCF_000597845.1|WP_001300811.1,11,Core,araC,arabinose operon transcriptional regulator AraC,"DNA-binding transcription factor activity|0003700||IEA,sequence-specific DNA binding|0043565||IEA","GO:0006355,GO:0003700,GO:0043565"
GCF_000597845.1|WP_001300818.1,11,Core,,YfiM family lipoprotein,,
GCF_000597845.1|WP_001300821.1,11,Core,ysgA,dienelactone hydrolase family protein,hydrolase activity|0016787||IEA,"GO:0016787,GO:0005829"
GCF_000597845.1|WP_001300829.1,11,Core,ybfE,LexA regulated protein,,
GCF_000597845.1|WP_001300832.1,11,Core,ygjP,M48 metallopeptidase family protein,"zinc ion binding|0008270||IEA,hydrolase activity|0016787||IEA,metal ion binding|0046872||IEA","GO:0008270,GO:0016787,GO:0046872"
GCF_000597845.1|WP_001300834.1,11,Core,gltI,glutamate/aspartate ABC transporter substrate-binding protein GltI,,
GCF_000597845.1|WP_001300836.1,10,Accessory,ynfD,DUF1161 domain-containing protein,,
GCF_000597845.1|WP_001300855.1,11,Core,nhaR,transcriptional activator NhaR,DNA-binding transcription factor activity|0003700||IEA,"GO:0006355,GO:0003700"
GCF_000597845.1|WP_001300858.1,8,Accessory,lptG,LPS export ABC transporter permease LptG,lipopolysaccharide transmembrane transporter activity|0015221||IEA,"GO:0055085,GO:0015221,GO:0043190"
GCF_000597845.1|WP_001300888.1,11,Core,blr,division septum protein Blr,,
GCF_000597845.1|WP_001300891.1,11,Core,yjdM,zinc ribbon domain-containing protein YjdM,,
GCF_000597845.1|WP_001300904.1,11,Core,speA,biosynthetic arginine decarboxylase,arginine decarboxylase activity|0008792||IEA,"GO:0006527,GO:0008792"
GCF_000597845.1|WP_001300912.1,11,Core,rsmE,16S rRNA (uracil(1498)-N(3))-methyltransferase,methyltransferase activity|0008168||IEA,"GO:0006364,GO:0008168"
GCF_000597845.1|WP_001300957.1,10,Accessory,xylF,D-xylose ABC transporter substrate-binding protein,,GO:0015753
GCF_000597845.1|WP_001301003.1,11,Core,curA,NADPH-dependent curcumin/dihydrocurcumin reductase,,
GCF_000597845.1|WP_001301023.1,11,Core,hipB,type II toxin-antitoxin system antitoxin HipB,,
GCF_000597845.1|WP_001301046.1,11,Core,tehA,dicarboxylate transporter/tellurite-resistance protein TehA,,"GO:0055085,GO:0016020"
GCF_000597845.1|WP_001301104.1,11,Core,emtA,membrane-bound lytic murein transglycosylase EmtA,,
GCF_000597845.1|WP_001301105.1,11,Core,minC,septum site-determining protein MinC,enzyme inhibitor activity|0004857||IEA,"GO:0000918,GO:1901891,GO:0004857"
GCF_000597845.1|WP_001301119.1,11,Core,yjbF,YjbF family lipoprotein,,
GCF_000597845.1|WP_001301177.1,10,Accessory,yjgR,helicase HerA-like C-terminal domain-containing protein,ATP binding|0005524||IEA,GO:0005524
GCF_000597845.1|WP_001301257.1,10,Accessory,ecpR,ECP biosynthesis operon DNA-binding transcriptional regulator EcpR,DNA binding|0003677||IEA,"GO:0006355,GO:1902021,GO:0003677"
GCF_000597845.1|WP_001301263.1,9,Accessory,cynX,cyanate transporter CynX,,
GCF_000597845.1|WP_001301305.1,11,Core,tatD,3'-5' ssDNA/RNA exonuclease TatD,3'-5' exonuclease activity|0008408||IEA,GO:0008408
GCF_000597845.1|WP_001301311.1,11,Core,tdcR,transcriptional activator TdcR,,
GCF_000597845.1|WP_001301318.1,11,Core,ubiV,U32 family peptidase,,GO:0006744
GCF_000597845.1|WP_001301320.1,11,Core,yraR,NAD(P)H-binding protein,,
GCF_000597845.1|WP_001301370.1,10,Accessory,ulaG,L-ascorbate 6-phosphate lactonase,"manganese ion binding|0030145||IEA,L-ascorbate 6-phosphate lactonase activity|0035460||IEA","GO:0019854,GO:0030145,GO:0035460"
GCF_000597845.1|WP_001301418.1,11,Core,yccU,CoA-binding protein,coenzyme A binding|0120225||IEA,GO:0120225
GCF_000597845.1|WP_001301419.1,11,Core,ydhW,YdhW family putative oxidoreductase system protein,,
GCF_000597845.1|WP_001302302.1,11,Core,mtfA,DgsA anti-repressor MtfA,metallopeptidase activity|0008237||IEA,GO:0008237
GCF_000597845.1|WP_001302318.1,11,Core,argB,acetylglutamate kinase,acetylglutamate kinase activity|0003991||IEA,"GO:0006592,GO:0003991,GO:0005737"
GCF_000597845.1|WP_001302767.1,11,Core,ybbY,uracil/xanthine transporter,,
GCF_000597845.1|WP_001303494.1,11,Core,yncL,stress response membrane protein YncL,,
GCF_000597845.1|WP_001303517.1,11,Core,,hypothetical protein,,
GCF_000597845.1|WP_001303621.1,11,Core,rseD,rpoE leader peptide RseD,,
GCF_000597845.1|WP_001303782.1,11,Core,yjjY,protein YjjY,,
GCF_000597845.1|WP_001303787.1,11,Core,,fruR/shl operon leader peptide,,
GCF_000597845.1|WP_001303809.1,10,Accessory,ykgJ,YkgJ family cysteine cluster protein,"metal ion binding|0046872||IEA,iron-sulfur cluster binding|0051536||IEA","GO:0046872,GO:0051536"
GCF_000597845.1|WP_001305582.1,11,Core,,hypothetical protein,,
GCF_000597845.1|WP_001305805.1,11,Core,yqeH,helix-turn-helix transcriptional regulator,"DNA binding|0003677||IEA,DNA-binding transcription factor activity|0003700||IEA","GO:0006355,GO:0003677,GO:0003700"
GCF_000597845.1|WP_001306169.1,11,Core,dgcP,diguanylate cyclase DgcP,,
GCF_000597845.1|WP_001306825.1,11,Core,ycgN,YcgN family cysteine cluster protein,,
GCF_000597845.1|WP_001306921.1,10,Accessory,rclC,reactive chlorine species resistance protein RclC,,
GCF_000597845.1|WP_001307078.1,9,Accessory,pdeI,sensor domain-containing phosphodiesterase,cyclic-guanylate-specific phosphodiesterase activity|0071111||IEA,"GO:0007165,GO:0071111"
GCF_000597845.1|WP_001307100.1,11,Core,rutB,peroxyureidoacrylate/ureidoacrylate amidohydrolase RutB,,
GCF_000597845.1|WP_001307158.1,11,Core,puuD,gamma-glutamyl-gamma-aminobutyrate hydrolase,hydrolase activity|0016787||IEA,GO:0016787
GCF_000597845.1|WP_001307229.1,11,Core,pdxY,pyridoxal kinase,pyridoxal kinase activity|0008478||IEA,"GO:0009443,GO:0008478"
GCF_000597845.1|WP_001307333.1,11,Core,hda,DnaA inactivator Hda,,
GCF_000597845.1|WP_001307405.1,11,Core,prlF,type II toxin-antitoxin system antitoxin PrlF,,
GCF_000597845.1|WP_001307436.1,10,Accessory,yrhD,protein YrhD,,
GCF_000597845.1|WP_001307474.1,11,Core,yidD,membrane protein insertion efficiency factor YidD,,
GCF_000597845.1|WP_001307570.1,11,Core,acnB,bifunctional aconitate hydratase 2/2-methylisocitrate dehydratase,"aconitate hydratase activity|0003994||IEA,4 iron%2C 4 sulfur cluster binding|0051539||IEA","GO:0006099,GO:0003994,GO:0051539,GO:0005829"
GCF_000597845.1|WP_001307697.1,11,Core,pncB,nicotinate phosphoribosyltransferase,nicotinate phosphoribosyltransferase activity|0004516||IEA,"GO:0009435,GO:0004516"
GCF_000597845.1|WP_001307714.1,11,Core,clsC,cardiolipin synthase ClsC,,
GCF_000597845.1|WP_001308167.1,11,Core,yigZ,IMPACT family protein,,
GCF_000597845.1|WP_001308243.1,11,Core,yjjA,DUF2501 domain-containing protein YjjA,,
GCF_000597845.1|WP_001308392.1,11,Core,ivy,Ivy family C-type lysozyme inhibitor,,
GCF_000597845.1|WP_001309117.1,11,Core,fabR,HTH-type transcriptional repressor FabR,DNA binding|0003677||IEA,GO:0003677
GCF_000597845.1|WP_001309467.1,11,Core,yciY,YciY family protein,,
GCF_000597845.1|WP_001309484.1,11,Core,hokB,type I toxin-antitoxin system toxin HokB,,
GCF_000597845.1|WP_001310756.1,11,Core,ymiC,small membrane protein YmiC,,
GCF_000597845.1|WP_001310941.1,1,Singleton,wzm,O9 family O-antigen export ABC transporter permease subunit,,
GCF_000597845.1|WP_001311238.1,11,Core,yidZ,HTH-type transcriptional regulator YidZ,DNA-binding transcription factor activity|0003700||IEA,"GO:0006355,GO:0003700"
GCF_000597845.1|WP_001311244.1,11,Core,ilvL,ilv operon leader peptide,,GO:0031556
GCF_000597845.1|WP_001311257.1,11,Core,yihG,acyltransferase,acyltransferase activity|0016746||IEA,GO:0016746
GCF_000597845.1|WP_001311268.1,11,Core,rhaA,L-rhamnose isomerase,"L-rhamnose isomerase activity|0008740||IEA,manganese ion binding|0030145||IEA","GO:0019299,GO:0008740,GO:0030145"
GCF_000597845.1|WP_001312198.1,11,Core,ivbL,ilvB operon leader peptide IvbL,,
GCF_000597845.1|WP_001312672.1,10,Accessory,speFL,leader peptide SpeFL,,
GCF_000597845.1|WP_001312851.1,11,Core,,Hok/Gef family protein,,GO:0016020
GCF_000597845.1|WP_001315679.1,11,Core,prc,carboxy terminal-processing peptidase,"protein binding|0005515||IEA,serine-type peptidase activity|0008236||IEA","GO:0006508,GO:0005515,GO:0008236"
GCF_000597845.1|WP_001315880.1,11,Core,hofM,DNA utilization protein HofM,,
GCF_000597845.1|WP_001316982.1,11,Core,ymcE,protein YmcE,,
GCF_000597845.1|WP_001318538.1,11,Core,rnd,ribonuclease D,"nucleic acid binding|0003676||IEA,3'-5' exonuclease activity|0008408||IEA,ribonuclease D activity|0033890||IEA","GO:0008033,GO:0003676,GO:0008408,GO:0033890"
GCF_000597845.1|WP_001321287.1,10,Accessory,ynfC,YnfC family lipoprotein,,GO:0005886
GCF_000597845.1|WP_001321419.1,11,Core,mutY,A/G-specific adenine glycosylase,DNA N-glycosylase activity|0019104||IEA,"GO:0006281,GO:0019104"
GCF_000597845.1|WP_001321562.1,7,Accessory,yjbS,protein YjbS,,
GCF_000597845.1|WP_001322018.1,10,Accessory,,hypothetical protein,,
GCF_000597845.1|WP_001324645.1,11,Core,kdpC,K(+)-transporting ATPase subunit C,P-type potassium transmembrane transporter activity|0008556||IEA,"GO:0006813,GO:0008556,GO:0031004"
GCF_000597845.1|WP_001324699.1,1,Singleton,,TnsD family Tn7-like transposition protein,,
GCF_000597845.1|WP_001324749.1,10,Accessory,pdeL,DNA-binding transcriptional activator/c-di-GMP phosphodiesterase PdeL,,
GCF_000597845.1|WP_001324851.1,9,Accessory,yehE,YehE family protein,,
GCF_000597845.1|WP_001325005.1,11,Core,ymgJ,protein YmgJ,,
GCF_000597845.1|WP_001325097.1,7,Accessory,elaD,deubiquitinase ElaD,,
GCF_000597845.1|WP_001325230.1,11,Core,gntX,DNA utilization protein GntX,,GO:0009116
GCF_000597845.1|WP_001326496.1,11,Core,yqgD,protein YqgD,,
GCF_000597845.1|WP_001326512.1,11,Core,gspD,type II secretion system secretin GspD,,"GO:0015628,GO:0015627,GO:0019867"
GCF_000597845.1|WP_001326641.1,11,Core,malM,maltose operon protein MalM,,"GO:0008643,GO:0042597"
GCF_000597845.1|WP_001326702.1,11,Core,yafS,class I SAM-dependent methyltransferase,"methyltransferase activity|0008168||IEA,S-adenosylmethionine-dependent methyltransferase activity|0008757||IEA,S-adenosyl-L-methionine binding|1904047||IEA","GO:0032259,GO:0008168,GO:0008757,GO:1904047"
GCF_000597845.1|WP_001326970.1,11,Core,evgS,acid-sensing system histidine kinase EvgS,protein histidine kinase activity|0004673||IEA,"GO:0010447,GO:0004673"
GCF_000597845.1|WP_001327808.1,11,Core,yoaL,protein YoaL,,
GCF_000597845.1|WP_001329186.1,11,Core,dusA,tRNA dihydrouridine(20/20a) synthase DusA,"tRNA dihydrouridine synthase activity|0017150||IEA,flavin adenine dinucleotide binding|0050660||IEA","GO:0002943,GO:0017150,GO:0050660"
GCF_000597845.1|WP_001333507.1,11,Core,yihF,YdgA family protein,,
GCF_000597845.1|WP_001333892.1,11,Core,cobS,adenosylcobinamide-GDP ribazoletransferase,"cobalamin 5'-phosphate synthase activity|0008818||IEA,adenosylcobinamide-GDP ribazoletransferase activity|0051073||IEA","GO:0009236,GO:0008818,GO:0051073"
GCF_000597845.1|WP_001335988.1,11,Core,yciW,carboxymuconolactone decarboxylase family protein,,
GCF_000597845.1|WP_001336393.1,8,Accessory,yaeF,YaeF family permuted papain-like enzyme,,
GCF_000597845.1|WP_001338156.1,11,Core,yeaO,DUF488 domain-containing protein,,
GCF_000597845.1|WP_001338236.1,11,Core,sgrR,DNA-binding transcriptional regulator SgrR,,
GCF_000597845.1|WP_001338420.1,11,Core,ybjS,NAD-dependent epimerase/dehydratase family protein,"oxidoreductase activity|0016491||IEA,NAD binding|0051287||IEA,NAD+ binding|0070403||IEA","GO:0016491,GO:0051287,GO:0070403"
GCF_000597845.1|WP_001338421.1,11,Core,lysO,L-lysine exporter LysO,,
GCF_000597845.1|WP_001338644.1,11,Core,hemC,hydroxymethylbilane synthase,hydroxymethylbilane synthase activity|0004418||IEA,"GO:0033014,GO:0004418"
GCF_000597845.1|WP_001338825.1,11,Core,gcvH,glycine cleavage system protein GcvH,,"GO:0019464,GO:0005960"
GCF_000597845.1|WP_001340191.1,11,Core,dinG,ATP-dependent DNA helicase DinG,"DNA binding|0003677||IEA,DNA helicase activity|0003678||IEA,ATP binding|0005524||IEA,hydrolase activity%2C acting on acid anhydrides%2C in phosphorus-containing anhydrides|0016818||IEA","GO:0006139,GO:0003677,GO:0003678,GO:0005524,GO:0016818"
GCF_000597845.1|WP_001340364.1,11,Core,asr,acid resistance repetitive basic protein Asr,,
GCF_000597845.1|WP_001340474.1,11,Core,mdtE,multidrug transporter subunit MdtE,,
GCF_000597845.1|WP_001340589.1,1,Singleton,merC,organomercurial transporter MerC,,
GCF_000597845.1|WP_001340895.1,11,Core,dnaQ,DNA polymerase III subunit epsilon,"DNA binding|0003677||IEA,DNA-directed DNA polymerase activity|0003887||IEA","GO:0006260,GO:0003677,GO:0003887"
GCF_000597845.1|WP_001341279.1,11,Core,yjjX,inosine/xanthosine triphosphatase,,
GCF_000597845.1|WP_001341281.1,11,Core,yjjP,threonine/serine ThrE exporter family protein,transmembrane transporter activity|0022857||IEA,"GO:0055085,GO:0022857,GO:0005886"
GCF_000597845.1|WP_001341573.1,10,Accessory,menD,2-succinyl-5-enolpyruvyl-6-hydroxy-3-cyclohexene-1-carboxylic-acid synthase,"thiamine pyrophosphate binding|0030976||IEA,2-succinyl-5-enolpyruvyl-6-hydroxy-3-cyclohexene-1-carboxylic-acid synthase activity|0070204||IEA","GO:0009234,GO:0030976,GO:0070204"
GCF_000597845.1|WP_001343212.1,11,Core,mdoG,glucans biosynthesis protein MdoG,,
GCF_000597845.1|WP_001343446.1,11,Core,rcdB,LysR family transcriptional regulator,"DNA binding|0003677||IEA,DNA-binding transcription factor activity|0003700||IEA","GO:0006355,GO:0003677,GO:0003700"
GCF_000597845.1|WP_001344112.1,3,Accessory,,Hha/YmoA family nucleoid-associated regulatory protein,,
GCF_000597845.1|WP_001351729.1,1,Singleton,,cysteine hydrolase family protein,hydrolase activity|0016787||IEA,GO:0016787
GCF_000597845.1|WP_001351967.1,11,Core,cdh,CDP-diacylglycerol diphosphatase,CDP-diacylglycerol diphosphatase activity|0008715||IEA,"GO:0008654,GO:0008715,GO:0016020"
GCF_000597845.1|WP_001352334.1,11,Core,mrcA,peptidoglycan glycosyltransferase/peptidoglycan DD-transpeptidase MrcA,penicillin binding|0008658||IEA,GO:0008658
GCF_000597845.1|WP_001352489.1,11,Core,rutA,pyrimidine utilization protein A,"FMN binding|0010181||IEA,oxidoreductase activity|0016491||IEA","GO:0010181,GO:0016491"
GCF_000597845.1|WP_001353906.1,11,Core,glnE,bifunctional [glutamate--ammonia ligase]-adenylyl-L-tyrosine phosphorylase/[glutamate--ammonia-ligase] adenylyltransferase,[glutamate-ammonia-ligase] adenylyltransferase activity|0008882||IEA,GO:0008882
GCF_000597845.1|WP_001355621.1,11,Core,ybjX,VirK/YbjX family protein,,
GCF_000597845.1|WP_001360132.1,11,Core,dosP,oxygen-sensing cyclic-di-GMP phosphodiesterase DosP,,
GCF_000597845.1|WP_001364200.1,10,Accessory,hisL,his operon leader peptide,,GO:0000105
GCF_000597845.1|WP_001364348.1,11,Core,tnaC,tryptophanase leader peptide,,"GO:0006569,GO:0031554,GO:0031556"
GCF_000597845.1|WP_001375205.1,11,Core,ygjV,YgjV family protein,,
GCF_000597845.1|WP_001380605.1,11,Core,timP,small toxic inner membrane protein TimP,,
GCF_000597845.1|WP_001381673.1,9,Accessory,yahL,protein YahL,,
GCF_000597845.1|WP_001381927.1,10,Accessory,abrB,AbrB family transcriptional regulator,,"GO:0010468,GO:0016020"
GCF_000597845.1|WP_001386572.1,11,Core,thrL,thr operon leader peptide,,
GCF_000597845.1|WP_001386830.1,11,Core,pheM,pheST operon leader peptide PheM,,GO:0031556
GCF_000597845.1|WP_001386836.1,11,Core,yoaJ,protein YoaJ,,
GCF_000597845.1|WP_001386977.1,11,Core,ypfM,protein YpfM,,
GCF_000597845.1|WP_001387081.1,11,Core,,type I toxin-antitoxin system Ibs family toxin,,
GCF_000597845.1|WP_001387183.1,11,Core,ilvX,peptide IlvX,,
GCF_000597845.1|WP_001387276.1,11,Core,mgtL,mgtA regulatory leader peptide MgtL,,
GCF_000597845.1|WP_001400233.1,11,Core,ychO,inverse autotransporter invasin YchO,,
GCF_000597845.1|WP_001400571.1,11,Core,priA,primosomal protein N',,
GCF_000597845.1|WP_001400611.1,11,Core,yegX,glycoside hydrolase family 25 protein,,
GCF_000597845.1|WP_001400728.1,11,Core,narQ,nitrate/nitrite two-component system sensor histidine kinase NarQ,"phosphorelay sensor kinase activity|0000155||IEA,protein dimerization activity|0046983||IEA","GO:0000160,GO:0000155,GO:0046983,GO:0016020"
GCF_000597845.1|WP_001401234.1,11,Core,glpD,glycerol-3-phosphate dehydrogenase,glycerol-3-phosphate dehydrogenase (quinone) activity|0004368||IEA,"GO:0006072,GO:0004368,GO:0009331"
GCF_000597845.1|WP_001403592.1,6,Accessory,hlyE,hemolysin HlyE,toxin activity|0090729||IEA,"GO:0044179,GO:0090729"
GCF_000597845.1|WP_001403902.1,11,Core,yjjZ,DUF1435 domain-containing protein,,
GCF_000597845.1|WP_001406719.1,11,Core,yljB,protein YljB,,
GCF_000597845.1|WP_001406816.1,11,Core,uof,fur leader peptide,,
GCF_000597845.1|WP_001408255.1,11,Core,fhuB,Fe(3+)-hydroxamate ABC transporter permease FhuB,transmembrane transporter activity|0022857||IEA,GO:0022857
GCF_000597845.1|WP_001408509.1,11,Core,allD,ureidoglycolate dehydrogenase,oxidoreductase activity|0016491||IEA,GO:0016491
GCF_000597845.1|WP_001408512.1,11,Core,purK,5-(carboxyamino)imidazole ribonucleotide synthase,"phosphoribosylaminoimidazole carboxylase activity|0004638||IEA,ATP binding|0005524||IEA,metal ion binding|0046872||IEA","GO:0006189,GO:0004638,GO:0005524,GO:0046872"
GCF_000597845.1|WP_001408701.1,11,Core,yfeO,ion channel protein,voltage-gated chloride channel activity|0005247||IEA,GO:0005247
GCF_000597845.1|WP_001411955.1,11,Core,kdgT,2-keto-3-deoxygluconate transporter,2-keto-3-deoxygluconate:proton symporter activity|0015649||IEA,"GO:0046411,GO:0015649,GO:0016020"
GCF_000597845.1|WP_001427063.1,3,Accessory,,hypothetical protein,,
GCF_000597845.1|WP_001445699.1,11,Core,mnaT,GNAT family N-acetyltransferase,"N-acetyltransferase activity|0008080||IEA,acyltransferase activity|0016746||IEA","GO:0008080,GO:0016746"
GCF_000597845.1|WP_001446926.1,11,Core,dacD,serine-type D-Ala-D-Ala carboxypeptidase DacD,serine-type D-Ala-D-Ala carboxypeptidase activity|0009002||IEA,"GO:0006508,GO:0009002"
GCF_000597845.1|WP_001454499.1,1,Singleton,,conjugal transfer protein TrbD,,
GCF_000597845.1|WP_001469706.1,11,Core,yhcC,TIGR01212 family radical SAM protein,"iron-sulfur cluster binding|0051536||IEA,S-adenosyl-L-methionine binding|1904047||IEA","GO:0051536,GO:1904047"
GCF_000597845.1|WP_001469838.1,9,Accessory,codA,cytosine/isoguanine deaminase,,
GCF_000597845.1|WP_001505085.1,1,Singleton,,hypothetical protein,,
GCF_000597845.1|WP_001505086.1,1,Singleton,,IS6-like element IS26 family transposase,transposase activity|0004803||IEA,"GO:0006313,GO:0004803"
GCF_000597845.1|WP_001514514.1,11,Core,recB,exodeoxyribonuclease V subunit beta,"DNA binding|0003677||IEA,DNA helicase activity|0003678||IEA,ATP binding|0005524||IEA,exodeoxyribonuclease V activity|0008854||IEA","GO:0006281,GO:0003677,GO:0003678,GO:0005524,GO:0008854"
GCF_000597845.1|WP_001514522.1,11,Core,ygfZ,tRNA-modifying protein YgfZ,folic acid binding|0005542||IEA,"GO:0009451,GO:0005542"
GCF_000597845.1|WP_001514524.1,11,Core,yqfB,N(4)-acetylcytidine aminohydrolase,,
GCF_000597845.1|WP_001514525.1,11,Core,bglA,6-phospho-beta-glucosidase BglA,,
GCF_000597845.1|WP_001514564.1,11,Core,higA,type II toxin-antitoxin system antitoxin HigA,,
GCF_000597845.1|WP_001514565.1,11,Core,rlmG,23S rRNA (guanine(1835)-N(2))-methyltransferase RlmG,"nucleic acid binding|0003676||IEA,rRNA (guanine-N2-)-methyltransferase activity|0008990||IEA","GO:0031167,GO:0003676,GO:0008990"
GCF_000597845.1|WP_001514652.1,11,Core,waaG,glycosyltransferase family 4 protein,glycosyltransferase activity|0016757||IEA,"GO:0006486,GO:0016757"
GCF_000597845.1|WP_001514764.1,9,Accessory,btuB,TonB-dependent vitamin B12 receptor BtuB,ABC-type vitamin B12 transporter activity|0015420||IEA,"GO:0015889,GO:0015420"
GCF_000597845.1|WP_001514985.1,11,Core,pdeB,cyclic-guanylate-specific phosphodiesterase PdeB,,
GCF_000597845.1|WP_001514995.1,11,Core,hyi,hydroxypyruvate isomerase,,
GCF_000597845.1|WP_001515020.1,10,Accessory,ybdR,zinc-dependent alcohol dehydrogenase,"zinc ion binding|0008270||IEA,oxidoreductase activity%2C acting on the CH-OH group of donors%2C NAD or NADP as acceptor|0016616||IEA,adenyl nucleotide binding|0030554||IEA","GO:0008270,GO:0016616,GO:0030554"
GCF_000597845.1|WP_001515148.1,11,Core,helD,DNA helicase IV,"DNA binding|0003677||IEA,DNA helicase activity|0003678||IEA,ATP binding|0005524||IEA","GO:0003677,GO:0003678,GO:0005524"
GCF_000597845.1|WP_001515447.1,11,Core,yebE,tellurite resistance TerB family protein,,
GCF_000597845.1|WP_001543383.1,11,Core,fimH,type 1 fimbria D-mannose specific adhesin FimH,,
GCF_000597845.1|WP_001543437.1,11,Core,panC,pantoate--beta-alanine ligase,pantoate-beta-alanine ligase activity|0004592||IEA,"GO:0015940,GO:0004592"
GCF_000597845.1|WP_001543447.1,11,Core,dgt,dGTPase,"magnesium ion binding|0000287||IEA,dGTPase activity|0008832||IEA","GO:0006203,GO:0000287,GO:0008832"
GCF_000597845.1|WP_001543451.1,11,Core,rseP,sigma E protease regulator RseP,"metalloendopeptidase activity|0004222||IEA,protein binding|0005515||IEA","GO:0006508,GO:0004222,GO:0005515,GO:0016020"
GCF_000597845.1|WP_001543516.1,10,Accessory,paoC,aldehyde oxidoreductase molybdenum-binding subunit PaoC,,
GCF_000597845.1|WP_001543517.1,10,Accessory,paoA,aldehyde dehydrogenase iron-sulfur subunit PaoA,"metal ion binding|0046872||IEA,carboxylate reductase activity|0047770||IEA,iron-sulfur cluster binding|0051536||IEA","GO:0046872,GO:0047770,GO:0051536"
GCF_000597845.1|WP_001543518.1,10,Accessory,ecpD,fimbrial adhesin EcpD,,
GCF_000597845.1|WP_001543522.1,10,Accessory,rclA,reactive chlorine resistance oxidoreductase RclA,,
GCF_000597845.1|WP_001543524.1,10,Accessory,betI,transcriptional regulator BetI,DNA binding|0003677||IEA,GO:0003677
GCF_000597845.1|WP_001543534.1,11,Core,aroM,AroM family protein,,
GCF_000597845.1|WP_001543539.1,11,Core,secF,protein translocase subunit SecF,protein-transporting ATPase activity|0015450||IEA,"GO:0006886,GO:0043952,GO:0015450,GO:0031522"
GCF_000597845.1|WP_001543543.1,11,Core,rsmS,pleiotropic regulatory protein RsmS,,
GCF_000597845.1|WP_001543550.1,11,Core,allC,allantoate deiminase,allantoate deiminase activity|0047652||IEA,"GO:0000256,GO:0009442,GO:0047652"
GCF_000597845.1|WP_001543560.1,11,Core,entF,enterobactin non-ribosomal peptide synthetase EntF,"catalytic activity|0003824||IEA,phosphopantetheine binding|0031177||IEA","GO:0009058,GO:0003824,GO:0031177"
GCF_000597845.1|WP_001543561.1,11,Core,entS,enterobactin transporter EntS,enterobactin transmembrane transporter activity|0042931||IEA,"GO:0042930,GO:0042931"
GCF_000597845.1|WP_001543569.1,8,Accessory,ybeQ,Sel1 family TPR-like repeat protein YbeQ,,
GCF_000597845.1|WP_001543577.1,11,Core,kdpB,potassium-transporting ATPase subunit KdpB,"ATP binding|0005524||IEA,P-type potassium transmembrane transporter activity|0008556||IEA","GO:0006813,GO:0005524,GO:0008556,GO:0016020,GO:0031004"
GCF_000597845.1|WP_001543582.1,11,Core,pxpC,5-oxoprolinase subunit PxpC,,
GCF_000597845.1|WP_001543583.1,11,Core,nei,endonuclease VIII,"oxidized pyrimidine nucleobase lesion DNA N-glycosylase activity|0000703||IEA,DNA binding|0003677||IEA,zinc ion binding|0008270||IEA,class I DNA-(apurinic or apyrimidinic site) endonuclease activity|0140078||IEA","GO:0006281,GO:0000703,GO:0003677,GO:0008270,GO:0140078"
GCF_000597845.1|WP_001543600.1,11,Core,cydD,heme ABC transporter permease/ATP-binding protein CydD,"ATP binding|0005524||IEA,ABC-type transporter activity|0140359||IEA","GO:0005524,GO:0140359,GO:0016020"
GCF_000597845.1|WP_001543604.1,10,Accessory,ycaI,ComEC family protein,,"GO:0030420,GO:0016020"
GCF_000597845.1|WP_001543624.1,11,Core,putA,trifunctional transcriptional regulator/proline dehydrogenase/L-glutamate gamma-semialdehyde dehydrogenase,"DNA-binding transcription factor activity|0003700||IEA,1-pyrroline-5-carboxylate dehydrogenase activity|0003842||IEA,proline dehydrogenase activity|0004657||IEA,oxidoreductase activity%2C acting on the aldehyde or oxo group of donors%2C NAD or NADP as acceptor|0016620||IEA","GO:0006355,GO:0006561,GO:0003700,GO:0003842,GO:0004657,GO:0016620"
GCF_000597845.1|WP_001543635.1,11,Core,fhuE,ferric-rhodotorulic acid/ferric-coprogen receptor FhuE,"siderophore uptake transmembrane transporter activity|0015344||IEA,signaling receptor activity|0038023||IEA","GO:0015891,GO:0015344,GO:0038023,GO:0009279"
GCF_000597845.1|WP_001543641.1,11,Core,lolC,lipoprotein-releasing ABC transporter permease subunit LolC,,"GO:0042953,GO:0016020"
GCF_000597845.1|WP_001543643.1,11,Core,ycfZ,TPM domain-containing protein,phosphatase activity|0016791||IEA,GO:0016791
GCF_000597845.1|WP_001543699.1,11,Core,trpE,anthranilate synthase component I,anthranilate synthase activity|0004049||IEA,"GO:0000162,GO:0004049"
GCF_000597845.1|WP_001543709.1,10,Accessory,ycjT,kojibiose phosphorylase,,
GCF_000597845.1|WP_001543712.1,9,Accessory,abgB,p-aminobenzoyl-glutamate hydrolase subunit AbgB,,
GCF_000597845.1|WP_001543713.1,9,Accessory,abgA,p-aminobenzoyl-glutamate hydrolase subunit AbgA,,
GCF_000597845.1|WP_001543716.1,11,Core,ydbH,YdbH family protein,,
GCF_000597845.1|WP_001543724.1,11,Core,hrpA,ATP-dependent RNA helicase HrpA,"nucleic acid binding|0003676||IEA,RNA helicase activity|0003724||IEA,ATP binding|0005524||IEA","GO:0003676,GO:0003724,GO:0005524"
GCF_000597845.1|WP_001543798.1,11,Core,malY,bifunctional maltose regulon transcriptional repressor/cystathionine beta-lyase MalY,,
GCF_000597845.1|WP_001543805.1,11,Core,lhr,ATP-dependent helicase,"nucleic acid binding|0003676||IEA,ATP binding|0005524||IEA,hydrolase activity%2C acting on acid anhydrides%2C in phosphorus-containing anhydrides|0016818||IEA","GO:0003676,GO:0005524,GO:0016818"
GCF_000597845.1|WP_001543807.1,11,Core,ydiJ,D-2-hydroxyglutarate dehydrogenase YdiJ,"D-lactate dehydrogenase activity|0008720||IEA,metal ion binding|0046872||IEA","GO:1903457,GO:0008720,GO:0046872"
GCF_000597845.1|WP_001544006.1,11,Core,nudK,GDP-mannose pyrophosphatase NudK,"hydrolase activity%2C acting on acid anhydrides%2C in phosphorus-containing anhydrides|0016818||IEA,metal ion binding|0046872||IEA","GO:0016818,GO:0046872"
GCF_000597845.1|WP_001544017.1,11,Core,pbpC,peptidoglycan glycosyltransferase PbpC,"penicillin binding|0008658||IEA,peptidoglycan glycosyltransferase activity|0008955||IEA","GO:0009252,GO:0008658,GO:0008955"
GCF_000597845.1|WP_001544029.1,11,Core,yphG,DUF5107 domain-containing protein,,
GCF_000597845.1|WP_001544044.1,11,Core,hypF,carbamoyltransferase HypF,"acylphosphatase activity|0003998||IEA,carboxyl- or carbamoyltransferase activity|0016743||IEA,metal ion binding|0046872||IEA","GO:0036211,GO:0003998,GO:0016743,GO:0046872"
GCF_000597845.1|WP_001544050.1,11,Core,ygcQ,electron transfer flavoprotein subunit alpha/FixB family protein,,
GCF_000597845.1|WP_001544114.1,11,Core,agaS,AgaS family sugar isomerase,,
GCF_000597845.1|WP_001544127.1,11,Core,nanK,N-acetylmannosamine kinase,"ATP binding|0005524||IEA,N-acylmannosamine kinase activity|0009384||IEA","GO:0019262,GO:0005524,GO:0009384"
GCF_000597845.1|WP_001544138.1,11,Core,yhfT,YhfT family protein,,
GCF_000597845.1|WP_001544144.1,11,Core,yhgF,Tex family protein,"nucleic acid binding|0003676||IEA,mRNA binding|0003729||IEA","GO:0003676,GO:0003729,GO:0005829"
GCF_000597845.1|WP_001544152.1,11,Core,tssD,Hcp1 family type VI secretion system effector,,
GCF_000597845.1|WP_001544155.1,11,Core,ggt,gamma-glutamyltransferase,glutathione hydrolase activity|0036374||IEA,"GO:0006751,GO:0036374"
GCF_000597845.1|WP_001544198.1,11,Core,cbrA,colicin M resistance lipid reductase CbrA,,
GCF_000597845.1|WP_001544201.1,11,Core,adeP,adenine permease AdeP,,
GCF_000597845.1|WP_001544240.1,11,Core,frvR,putative frv operon regulatory protein,transmembrane transporter activity|0022857||IEA,"GO:0055085,GO:0022857"
GCF_000597845.1|WP_001544252.1,11,Core,yijE,cystine transporter YijE,,
GCF_000597845.1|WP_001544260.1,11,Core,thiH,2-iminoacetate synthase ThiH,"iron ion binding|0005506||IEA,lyase activity|0016829||IEA,4 iron%2C 4 sulfur cluster binding|0051539||IEA,S-adenosyl-L-methionine binding|1904047||IEA","GO:0009228,GO:0005506,GO:0016829,GO:0051539,GO:1904047"
GCF_000597845.1|WP_001544261.1,11,Core,thiG,thiazole synthase,,
GCF_000597845.1|WP_001544262.1,11,Core,thiE,thiamine phosphate synthase,thiamine-phosphate diphosphorylase activity|0004789||IEA,"GO:0009228,GO:0004789"
GCF_000597845.1|WP_001544297.1,11,Core,yjgN,YjgN family protein,,
GCF_000597845.1|WP_001548452.1,1,Singleton,,Cro/CI family transcriptional regulator,DNA binding|0003677||IEA,"GO:0006355,GO:0003677"
GCF_000597845.1|WP_001548453.1,1,Singleton,,CII family transcriptional regulator,DNA binding|0003677||IEA,"GO:0006355,GO:0003677"
GCF_000597845.1|WP_001568478.1,11,Core,creC,two-component system sensor histidine kinase CreC,phosphorelay sensor kinase activity|0000155||IEA,"GO:0007165,GO:0016310,GO:0000155,GO:0016020"
GCF_000597845.1|WP_001568488.1,11,Core,rihC,ribonucleoside hydrolase RihC,hydrolase activity%2C hydrolyzing N-glycosyl compounds|0016799||IEA,GO:0016799
GCF_000597845.1|WP_001568489.1,11,Core,dapB,4-hydroxy-tetrahydrodipicolinate reductase,4-hydroxy-tetrahydrodipicolinate reductase|0008839||IEA,"GO:0009089,GO:0008839"
GCF_000597845.1|WP_001568495.1,11,Core,thiP,thiamine/thiamine pyrophosphate ABC transporter permease ThiP,,
GCF_000597845.1|WP_001581832.1,9,Accessory,hchA,glyoxalase III HchA,protein deglycase activity|0036524||IEA,GO:0036524
GCF_000597845.1|WP_001614242.1,11,Core,yifB,YifB family Mg chelatase-like AAA ATPase,ATP binding|0005524||IEA,GO:0005524
GCF_000597845.1|WP_001700591.1,11,Core,trpL,trp operon leader peptide,,
GCF_000597845.1|WP_001700733.1,11,Core,infC,translation initiation factor IF-3,translation initiation factor activity|0003743||IEA,"GO:0006413,GO:0003743"
GCF_000597845.1|WP_001741958.1,1,Singleton,,hypothetical protein,,
GCF_000597845.1|WP_001742602.1,11,Core,yjeM,glutamate/gamma-aminobutyrate family transporter YjeM,transmembrane transporter activity|0022857||IEA,GO:0022857
GCF_000597845.1|WP_001749708.1,11,Core,entD,enterobactin synthase subunit EntD,"magnesium ion binding|0000287||IEA,holo-[acyl-carrier-protein] synthase activity|0008897||IEA","GO:0009239,GO:0000287,GO:0008897,GO:0009366"
GCF_000597845.1|WP_001752545.1,11,Core,rsxC,electron transport complex subunit RsxC,"electron transfer activity|0009055||IEA,4 iron%2C 4 sulfur cluster binding|0051539||IEA","GO:0009055,GO:0051539,GO:0016020"
GCF_000597845.1|WP_001774176.1,1,Singleton,,hypothetical protein,,
GCF_000597845.1|WP_001774943.1,10,Accessory,yehP,vWA domain-containing protein,,
GCF_000597845.1|WP_001774944.1,6,Accessory,yehQ,SWIM zinc finger family protein,zinc ion binding|0008270||IEA,GO:0008270
GCF_000597845.1|WP_002435181.1,1,Singleton,,ATP-binding protein,"ATP binding|0005524||IEA,ATP hydrolysis activity|0016887||IEA","GO:0005524,GO:0016887"
GCF_000597845.1|WP_004015950.1,11,Core,yddA,ABC transporter ATP-binding protein/permease,"ATP binding|0005524||IEA,ATP hydrolysis activity|0016887||IEA,ATPase-coupled transmembrane transporter activity|0042626||IEA,ABC-type transporter activity|0140359||IEA","GO:0005524,GO:0016887,GO:0042626,GO:0140359"
GCF_000597845.1|WP_004218030.1,1,Singleton,,hypothetical protein,,
GCF_000597845.1|WP_004884204.1,1,Singleton,,terminase large subunit domain-containing protein,,
GCF_000597845.1|WP_010723106.1,11,Core,azuC,stress response protein AzuC,,
GCF_000597845.1|WP_010723108.1,11,Core,yoeI,membrane protein YoeI,,
GCF_000597845.1|WP_010723109.1,11,Core,ibsA,type I toxin-antitoxin system toxin IbsA,,
GCF_000597845.1|WP_010723117.1,11,Core,ypdK,membrane protein YpdK,,GO:0016020
GCF_000597845.1|WP_010723222.1,11,Core,yrbN,protein YrbN,,
GCF_000597845.1|WP_010723259.1,11,Core,fdnG,formate dehydrogenase-N subunit alpha,"formate dehydrogenase (NAD+) activity|0008863||IEA,electron transfer activity|0009055||IEA,molybdopterin cofactor binding|0043546||IEA,formate dehydrogenase (cytochrome-c-553) activity|0047111||IEA","GO:0015942,GO:0008863,GO:0009055,GO:0043546,GO:0047111,GO:0009326"
GCF_000597845.1|WP_010723271.1,11,Core,,hypothetical protein,,
GCF_000597845.1|WP_012304915.1,11,Core,pcnB,polynucleotide adenylyltransferase PcnB,"RNA binding|0003723||IEA,poly(A) RNA polymerase activity|1990817||IEA","GO:0003723,GO:1990817"
GCF_000597845.1|WP_012542609.1,1,Singleton,,HP1 family phage holin,,
GCF_000597845.1|WP_012967586.1,11,Core,,protein-tyrosine-phosphatase,,
GCF_000597845.1|WP_013023899.1,1,Singleton,,abortive infection family protein,,
GCF_000597845.1|WP_015980176.1,1,Singleton,,hypothetical protein,,
GCF_000597845.1|WP_016244976.1,1,Singleton,,ATP-dependent Clp protease proteolytic subunit,,
GCF_000597845.1|WP_016529276.1,1,Singleton,gamL,host nuclease inhibitor GamL,,
GCF_000597845.1|WP_017898838.1,1,Singleton,,hypothetical protein,,
GCF_000597845.1|WP_019704100.1,1,Singleton,,hypothetical protein,,
GCF_000597845.1|WP_019725100.1,1,Singleton,,hypothetical protein,,
GCF_000597845.1|WP_020239130.1,11,Core,zipA,cell division protein ZipA,protein binding|0005515||IEA,"GO:0000917,GO:0005515,GO:0016020"
GCF_000597845.1|WP_020239133.1,8,Accessory,paaA,1%2C2-phenylacetyl-CoA epoxidase subunit PaaA,phenylacetyl-CoA 1%2C2-epoxidase activity|0097266||IEA,"GO:0010124,GO:0097266"
GCF_000597845.1|WP_020239144.1,11,Core,adhE,bifunctional acetaldehyde-CoA/alcohol dehydrogenase,"alcohol dehydrogenase (NAD+) activity|0004022||IEA,oxidoreductase activity%2C acting on the aldehyde or oxo group of donors%2C NAD or NADP as acceptor|0016620||IEA,metal ion binding|0046872||IEA","GO:0006066,GO:0015976,GO:0004022,GO:0016620,GO:0046872"
GCF_000597845.1|WP_020239177.1,11,Core,ybfF,esterase,,
GCF_000597845.1|WP_020239219.1,9,Accessory,yedK,SOS response-associated peptidase,,
GCF_000597845.1|WP_020239227.1,11,Core,nuoG,NADH-quinone oxidoreductase subunit NuoG,"NADH:ubiquinone reductase (non-electrogenic) activity|0050136||IEA,iron-sulfur cluster binding|0051536||IEA","GO:0006120,GO:0050136,GO:0051536"
GCF_000597845.1|WP_020239228.1,11,Core,nuoL,NADH-quinone oxidoreductase subunit L,NADH dehydrogenase (ubiquinone) activity|0008137||IEA,"GO:0042773,GO:0008137"
GCF_000597845.1|WP_020239246.1,11,Core,lysA,diaminopimelate decarboxylase,diaminopimelate decarboxylase activity|0008836||IEA,"GO:0009089,GO:0008836"
GCF_000597845.1|WP_020239330.1,11,Core,tus,DNA replication terminus site-binding protein,DNA binding|0003677||IEA,"GO:0006274,GO:0003677,GO:0005737"
GCF_000597845.1|WP_020239389.1,9,Accessory,ybdN,phosphoadenosine phosphosulfate reductase,,
GCF_000597845.1|WP_020239399.1,11,Core,lspA,signal peptidase II,aspartic-type endopeptidase activity|0004190||IEA,"GO:0006508,GO:0009306,GO:0004190,GO:0005886"
GCF_000597845.1|WP_020239431.1,11,Core,fruB,fused PTS fructose transporter subunit IIA/HPr protein,,
GCF_000597845.1|WP_020239433.1,11,Core,yeiL,transcriptional regulator YeiL,,
GCF_000597845.1|WP_020239441.1,11,Core,pepP,Xaa-Pro aminopeptidase,metalloaminopeptidase activity|0070006||IEA,GO:0070006
GCF_000597845.1|WP_020239476.1,11,Core,rcsC,two-component system sensor histidine kinase RcsC,"phosphorelay sensor kinase activity|0000155||IEA,ATP binding|0005524||IEA","GO:0000160,GO:0006355,GO:0018106,GO:0000155,GO:0005524,GO:0016020"
GCF_000597845.1|WP_020239587.1,11,Core,ygiD,4%2C5-DOPA dioxygenase extradiol,,
GCF_000597845.1|WP_020239599.1,11,Core,sutR,DNA-binding transcriptional regulator SutR,,
GCF_000597845.1|WP_020239618.1,11,Core,gadX,acid resistance transcriptional activator GadX,,
GCF_000597845.1|WP_020239631.1,11,Core,ispH,4-hydroxy-3-methylbut-2-enyl diphosphate reductase,"metal ion binding|0046872||IEA,4-hydroxy-3-methylbut-2-enyl diphosphate reductase activity|0051745||IEA","GO:0019288,GO:0050992,GO:0046872,GO:0051745"
GCF_000597845.1|WP_020239645.1,11,Core,rhaD,rhamnulose-1-phosphate aldolase,,
GCF_000597845.1|WP_020239725.1,11,Core,yohC,Yip1 family protein,small GTPase binding|0031267||IEA,"GO:0016192,GO:0031267"
GCF_000597845.1|WP_020239726.1,11,Core,pbpG,D-alanyl-D-alanine endopeptidase,serine-type D-Ala-D-Ala carboxypeptidase activity|0009002||IEA,"GO:0006508,GO:0009002"
GCF_000597845.1|WP_020239735.1,11,Core,cbl,HTH-type transcriptional regulator Cbl,DNA-binding transcription factor activity|0003700||IEA,"GO:0006355,GO:0003700"
GCF_000597845.1|WP_020239776.1,11,Core,cca,fused tRNA nucleotidyltransferase/2'%2C3'-cyclic phosphodiesterase/2' nucleotidase/phosphatase Cca,,
GCF_000597845.1|WP_020239792.1,11,Core,emrE,multidrug efflux SMR transporter EmrE,,
GCF_000597845.1|WP_020239891.1,11,Core,metL,bifunctional aspartate kinase/homoserine dehydrogenase II,,
GCF_000597845.1|WP_020239916.1,11,Core,yojI,microcin J25 efflux ABC transporter YojI,,
GCF_000597845.1|WP_021312714.1,1,Singleton,,PBSX family phage terminase large subunit,,
GCF_000597845.1|WP_021518661.1,1,Singleton,,NUDIX hydrolase,"hydrolase activity%2C acting on acid anhydrides|0016817||IEA,metal ion binding|0046872||IEA","GO:0009132,GO:0016817,GO:0046872"
GCF_000597845.1|WP_021518663.1,1,Singleton,,hypothetical protein,,
GCF_000597845.1|WP_021518664.1,1,Singleton,,hypothetical protein,,
GCF_000597845.1|WP_021518667.1,1,Singleton,,hypothetical protein,,
GCF_000597845.1|WP_021518669.1,1,Singleton,,hypothetical protein,,
GCF_000597845.1|WP_021536850.1,1,Singleton,,type I restriction endonuclease subunit R,"DNA binding|0003677||IEA,helicase activity|0004386||IEA,ATP binding|0005524||IEA,type I site-specific deoxyribonuclease activity|0009035||IEA,ATP hydrolysis activity|0016887||IEA","GO:0009307,GO:0003677,GO:0004386,GO:0005524,GO:0009035,GO:0016887"
GCF_000597845.1|WP_021536851.1,1,Singleton,,restriction endonuclease subunit S,DNA binding|0003677||IEA,"GO:0006304,GO:0003677"
GCF_000597845.1|WP_021570030.1,10,Accessory,ykgF,LutB/LldF family L-lactate oxidation iron-sulfur protein,iron-sulfur cluster binding|0051536||IEA,"GO:0006089,GO:0051536"
GCF_000597845.1|WP_021570087.1,10,Accessory,dgcM,diguanylate cyclase DgcM,,
GCF_000597845.1|WP_021570097.1,11,Core,pqqU,TonB-dependent receptor PqqU,,
GCF_000597845.1|WP_021570101.1,11,Core,nhoA,N-hydroxyarylamine O-acetyltransferase,acetyltransferase activity|0016407||IEA,GO:0016407
GCF_000597845.1|WP_021570128.1,9,Accessory,fliD,flagellar filament capping protein FliD,,"GO:0007155,GO:0009288,GO:0009421"
GCF_000597845.1|WP_021570180.1,8,Accessory,rhmD,L-rhamnonate dehydratase,L-rhamnonate dehydratase activity|0050032||IEA,GO:0050032
GCF_000597845.1|WP_021570231.1,11,Core,ygjK,alpha-glucosidase,alpha%2Calpha-trehalase activity|0004555||IEA,"GO:0005991,GO:0004555"
GCF_000597845.1|WP_021570277.1,11,Core,pflC,[formate-C-acetyltransferase]-activating enzyme,"oxidoreductase activity|0016491||IEA,iron-sulfur cluster binding|0051536||IEA","GO:0016491,GO:0051536"
GCF_000597845.1|WP_021570286.1,10,Accessory,dcuS,sensor histidine kinase,,
GCF_000597845.1|WP_021571900.1,1,Singleton,,glycosyltransferase family 4 protein,glycosyltransferase activity|0016757||IEA,"GO:0006486,GO:0016757"
GCF_000597845.1|WP_021571902.1,1,Singleton,,methyltransferase domain-containing protein,,
GCF_000597845.1|WP_021571903.1,11,Core,rfbK,O9 family phosphomannomutase RfbK,,
GCF_000597845.1|WP_021571916.1,1,Singleton,,capsule assembly Wzi family protein,,
GCF_000597845.1|WP_021578420.1,11,Core,zitB,CDF family zinc transporter ZitB,zinc ion transmembrane transporter activity|0005385||IEA,"GO:0006829,GO:0055085,GO:0005385,GO:0016020"
GCF_000597845.1|WP_024189843.1,11,Core,rsmF,16S rRNA (cytosine(1407)-C(5))-methyltransferase RsmF,"RNA binding|0003723||IEA,rRNA methyltransferase activity|0008649||IEA","GO:0001510,GO:0003723,GO:0008649"
GCF_000597845.1|WP_024192389.1,11,Core,bcsB,cellulose biosynthesis cyclic di-GMP-binding regulatory protein BcsB,,
GCF_000597845.1|WP_024194469.1,6,Accessory,,acetyltransferase,,
GCF_000597845.1|WP_024194587.1,11,Core,mfd,transcription-repair coupling factor,"nucleic acid binding|0003676||IEA,damaged DNA binding|0003684||IEA,ATP binding|0005524||IEA","GO:0006281,GO:0003676,GO:0003684,GO:0005524"
GCF_000597845.1|WP_024241202.1,8,Accessory,,alpha-2-macroglobulin family protein,endopeptidase inhibitor activity|0004866||IEA,"GO:0010951,GO:0004866"
GCF_000597845.1|WP_025269739.1,11,Core,roxA,[50S ribosomal protein L16]-arginine 3-hydroxylase,,
GCF_000597845.1|WP_025269742.1,11,Core,flgG,flagellar basal-body rod protein FlgG,,"GO:0071973,GO:0009426"
GCF_000597845.1|WP_025269744.1,11,Core,dinI,DNA damage-inducible protein I,,
GCF_000597845.1|WP_025269752.1,11,Core,cydC,heme ABC transporter ATP-binding protein/permease CydC,"ATP binding|0005524||IEA,ATPase-coupled transmembrane transporter activity|0042626||IEA,ABC-type transporter activity|0140359||IEA","GO:0045454,GO:0005524,GO:0042626,GO:0140359,GO:0016020"
GCF_000597845.1|WP_025269755.1,10,Accessory,fiu,catecholate siderophore receptor Fiu,siderophore uptake transmembrane transporter activity|0015344||IEA,"GO:0015891,GO:0015344"
GCF_000597845.1|WP_025269760.1,1,Singleton,,hypothetical protein,,
GCF_000597845.1|WP_025269761.1,1,Singleton,,ubiquitin-activating E1 FCCH domain-containing protein,,
GCF_000597845.1|WP_025269762.1,1,Singleton,,hypothetical protein,,
GCF_000597845.1|WP_025269763.1,1,Singleton,,hypothetical protein,,
GCF_000597845.1|WP_025269764.1,1,Singleton,,hypothetical protein,,
GCF_000597845.1|WP_025269765.1,1,Singleton,,hypothetical protein,,
GCF_000597845.1|WP_025269766.1,1,Singleton,,hypothetical protein,,
GCF_000597845.1|WP_025269767.1,1,Singleton,,hypothetical protein,,
GCF_000597845.1|WP_025269768.1,1,Singleton,,hypothetical protein,,
GCF_000597845.1|WP_025269769.1,1,Singleton,,hypothetical protein,,
GCF_000597845.1|WP_025269770.1,1,Singleton,,hypothetical protein,,
GCF_000597845.1|WP_025269771.1,1,Singleton,,hypothetical protein,,
GCF_000597845.1|WP_025269772.1,1,Singleton,,hypothetical protein,,
GCF_000597845.1|WP_025269776.1,2,Accessory,,phosphoadenosine phosphosulfate reductase family protein,catalytic activity|0003824||IEA,GO:0003824
GCF_000597845.1|WP_025269777.1,1,Singleton,,DnaB-like helicase C-terminal domain-containing protein,"DNA helicase activity|0003678||IEA,ATP binding|0005524||IEA","GO:0006260,GO:0003678,GO:0005524"
GCF_000597845.1|WP_025269778.1,1,Singleton,,hypothetical protein,,
GCF_000597845.1|WP_025269780.1,1,Singleton,,hypothetical protein,,
GCF_000597845.1|WP_025269781.1,1,Singleton,,Rad52/Rad22 family DNA repair protein,,
GCF_000597845.1|WP_025269782.1,2,Accessory,,3'-5' exonuclease,"nucleic acid binding|0003676||IEA,3'-5' exonuclease activity|0008408||IEA","GO:0003676,GO:0008408"
GCF_000597845.1|WP_025269783.1,1,Singleton,,phage anti-RecBCD protein,,
GCF_000597845.1|WP_025269784.1,1,Singleton,,hypothetical protein,,
GCF_000597845.1|WP_025269785.1,1,Singleton,,hypothetical protein,,
GCF_000597845.1|WP_025269786.1,1,Singleton,,hypothetical protein,,
GCF_000597845.1|WP_025269788.1,2,Accessory,,DUF4752 family protein,,
GCF_000597845.1|WP_025269793.1,11,Core,hscC,molecular chaperone HscC,,
GCF_000597845.1|WP_025269794.1,8,Accessory,djlB,J domain-containing protein,,
GCF_000597845.1|WP_025269801.1,11,Core,ylbE,DUF1116 domain-containing protein,,
GCF_000597845.1|WP_025269803.1,9,Accessory,mhpC,2-hydroxy-6-oxonona-2%2C4-dienedioate hydrolase,,
GCF_000597845.1|WP_025269808.1,5,Accessory,fdeC,inverse autotransporter adhesin FdeC,,
GCF_000597845.1|WP_025269809.1,1,Singleton,,hypothetical protein,,
GCF_000597845.1|WP_025269812.1,4,Accessory,,glycoside hydrolase family 24 protein,"lysozyme activity|0003796||IEA,hydrolase activity%2C hydrolyzing O-glycosyl compounds|0004553||IEA","GO:0005975,GO:0003796,GO:0004553"
GCF_000597845.1|WP_025269815.1,3,Accessory,ymfL,protein YmfL,,
GCF_000597845.1|WP_025269816.1,6,Accessory,yfdQ,YfdQ family protein,,
GCF_000597845.1|WP_025269825.1,11,Core,hrpB,ATP-dependent helicase HrpB,"helicase activity|0004386||IEA,ATP binding|0005524||IEA","GO:0004386,GO:0005524"
GCF_000597845.1|WP_025269839.1,1,Singleton,,hypothetical protein,,
GCF_000597845.1|WP_025269842.1,3,Accessory,,HsdR family type I site-specific deoxyribonuclease,,
GCF_000597845.1|WP_025269843.1,1,Singleton,,hypothetical protein,,
GCF_000597845.1|WP_025269844.1,6,Accessory,,IS30 family transposase,transposase activity|0004803||IEA,GO:0004803
GCF_000597845.1|WP_025269853.1,2,Accessory,,transglycosylase SLT domain-containing protein,,
GCF_000597845.1|WP_025269855.1,1,Singleton,,PAS domain-containing protein,protein binding|0005515||IEA,"GO:0007165,GO:0005515"
GCF_000597845.1|WP_025269856.1,2,Accessory,traA,type IV conjugative transfer system pilin TraA,,
GCF_000597845.1|WP_025269858.1,1,Singleton,traC,type IV secretion system protein TraC,,
GCF_000597845.1|WP_025269860.1,2,Accessory,traN,type-F conjugative transfer system mating-pair stabilization protein TraN,,
GCF_000597845.1|WP_025269861.1,1,Singleton,trbA,conjugal transfer protein TrbA,,
GCF_000597845.1|WP_025269862.1,2,Accessory,traG,conjugal transfer mating-pair stabilization protein TraG,,
GCF_000597845.1|WP_025269870.1,11,Core,ugpB,sn-glycerol-3-phosphate ABC transporter substrate-binding protein UgpB,,GO:0055085
GCF_000597845.1|WP_025269872.1,11,Core,yhhX,oxidoreductase,nucleotide binding|0000166||IEA,GO:0000166
GCF_000597845.1|WP_025269874.1,11,Core,rtcR,DNA-binding transcriptional regulator RtcR,,
GCF_000597845.1|WP_025269875.1,11,Core,rtcB,RNA-splicing ligase RtcB,,
GCF_000597845.1|WP_025269881.1,11,Core,yhdJ,adenine-specific DNA-methyltransferase,"DNA binding|0003677||IEA,N-methyltransferase activity|0008170||IEA","GO:0003677,GO:0008170"
GCF_000597845.1|WP_025269883.1,11,Core,tldD,metalloprotease TldD,metallopeptidase activity|0008237||IEA,"GO:0006508,GO:0008237"
GCF_000597845.1|WP_025269886.1,11,Core,truB,tRNA pseudouridine(55) synthase TruB,"RNA binding|0003723||IEA,pseudouridine synthase activity|0009982||IEA","GO:0001522,GO:0009451,GO:0003723,GO:0009982"
GCF_000597845.1|WP_025269890.1,11,Core,gss,bifunctional glutathionylspermidine amidase/synthase,,
GCF_000597845.1|WP_025269902.1,11,Core,ytfF,DMT family transporter,transmembrane transporter activity|0022857||IEA,"GO:0055085,GO:0022857,GO:0016020"
GCF_000597845.1|WP_025269903.1,7,Accessory,,3-ketoacyl-ACP reductase,oxidoreductase activity|0016491||IEA,GO:0016491
GCF_000597845.1|WP_025269906.1,11,Core,ampC,BlaEC family class C beta-lactamase,beta-lactamase activity|0008800||IEA,GO:0008800
GCF_000597845.1|WP_025269914.1,11,Core,frwC,PTS fructose transporter subunit EIIC,protein-N(PI)-phosphohistidine-sugar phosphotransferase activity|0008982||IEA,"GO:0009401,GO:0008982,GO:0016020"
GCF_000597845.1|WP_025269917.1,11,Core,yihM,sugar phosphate isomerase/epimerase family protein,"catalytic activity|0003824||IEA,isomerase activity|0016853||IEA","GO:0003824,GO:0016853"
GCF_000597845.1|WP_025269918.1,1,Singleton,,Wzz/FepE/Etk N-terminal domain-containing protein,,"GO:0009103,GO:0016020"
GCF_000597845.1|WP_025269924.1,11,Core,psuK,pseudouridine kinase,,
GCF_000597845.1|WP_025269925.1,11,Core,yeiR,zinc-binding GTPase YeiR,,
GCF_000597845.1|WP_025269926.1,11,Core,napF,ferredoxin-type protein NapF,4 iron%2C 4 sulfur cluster binding|0051539||IEA,GO:0051539
GCF_000597845.1|WP_025269927.1,9,Accessory,rcsD,phosphotransferase RcsD,histidine phosphotransfer kinase activity|0009927||IEA,"GO:0000160,GO:0009927,GO:0005886"
GCF_000597845.1|WP_025269932.1,11,Core,arnT,lipid IV(A) 4-amino-4-deoxy-L-arabinosyltransferase,"mannosyltransferase activity|0000030||IEA,pentosyltransferase activity|0016763||IEA","GO:0006493,GO:0000030,GO:0016763,GO:0016020"
GCF_000597845.1|WP_025269934.1,1,Singleton,,glycine-rich domain-containing protein,,
GCF_000597845.1|WP_025269936.1,1,Singleton,,hypothetical protein,,
GCF_000597845.1|WP_025269939.1,1,Singleton,,hypothetical protein,,
GCF_000597845.1|WP_025269941.1,2,Accessory,,baseplate J/gp47 family protein,,
GCF_000597845.1|WP_025269945.1,2,Accessory,,phage baseplate protein,,
GCF_000597845.1|WP_025269946.1,2,Accessory,,hypothetical protein,,
GCF_000597845.1|WP_025269947.1,2,Accessory,,DUF6889 family protein,,
GCF_000597845.1|WP_025269948.1,2,Accessory,,phage tail assembly chaperone,,GO:0098003
GCF_000597845.1|WP_025269952.1,1,Singleton,,hypothetical protein,,
GCF_000597845.1|WP_025269954.1,2,Accessory,,DUF2184 domain-containing protein,,
GCF_000597845.1|WP_025269955.1,2,Accessory,,structural cement protein Gp24,,
GCF_000597845.1|WP_025269956.1,2,Accessory,,DUF2213 domain-containing protein,,
GCF_000597845.1|WP_025269957.1,1,Singleton,,phage head morphogenesis protein,,
GCF_000597845.1|WP_025269958.1,2,Accessory,,DUF1073 domain-containing protein,,
GCF_000597845.1|WP_025269960.1,2,Accessory,,hypothetical protein,,
GCF_000597845.1|WP_025269962.1,1,Singleton,,antiterminator Q family protein,DNA binding|0003677||IEA,"GO:0060567,GO:0003677"
GCF_000597845.1|WP_025269963.1,1,Singleton,,recombination protein NinG,,
GCF_000597845.1|WP_025269964.1,1,Singleton,,hypothetical protein,,
GCF_000597845.1|WP_025269965.1,11,Core,,DNA polymerase III subunit theta,,
GCF_000597845.1|WP_025269966.1,1,Singleton,,hypothetical protein,,
GCF_000597845.1|WP_025269967.1,1,Singleton,,hypothetical protein,,
GCF_000597845.1|WP_025269972.1,2,Accessory,,ATP-binding protein,ATP binding|0005524||IEA,GO:0005524
GCF_000597845.1|WP_025269973.1,1,Singleton,,replication protein,,
GCF_000597845.1|WP_025269975.1,1,Singleton,,DUF6932 family protein,,
GCF_000597845.1|WP_025269976.1,1,Singleton,,hypothetical protein,,
GCF_000597845.1|WP_025269979.1,1,Singleton,bet,phage recombination protein Bet,,GO:0006310
GCF_000597845.1|WP_025269980.1,1,Singleton,,lambda exonuclease family protein,"exonuclease activity|0004527||IEA,metal ion binding|0046872||IEA","GO:0004527,GO:0046872"
GCF_000597845.1|WP_025269982.1,1,Singleton,,hypothetical protein,,
GCF_000597845.1|WP_025269984.1,7,Accessory,,TraR/DksA family transcriptional regulator,,
GCF_000597845.1|WP_025269985.1,11,Core,cysM,cysteine synthase B,cysteine synthase activity|0004124||IEA,"GO:0006535,GO:0004124"
GCF_000597845.1|WP_025269986.1,11,Core,pta,phosphate acetyltransferase,phosphate acetyltransferase activity|0008959||IEA,"GO:0006086,GO:0008959"
GCF_000597845.1|WP_025269998.1,1,Singleton,,DUF1367 family protein,,
GCF_000597845.1|WP_025270003.1,1,Singleton,,hypothetical protein,,
GCF_000597845.1|WP_025270004.1,1,Singleton,,hypothetical protein,,
GCF_000597845.1|WP_025270005.1,11,Core,yebT,lipid-binding membrane homeostasis protein YebT,,
GCF_000597845.1|WP_025270006.1,11,Core,rlmA,23S rRNA (guanine(745)-N(1))-methyltransferase,methyltransferase activity|0008168||IEA,GO:0008168
GCF_000597845.1|WP_025270009.1,1,Singleton,,J domain-containing protein,protein binding|0005515||IEA,"GO:0006457,GO:0005515"
GCF_000597845.1|WP_025270013.1,11,Core,add,adenosine deaminase,adenosine deaminase activity|0004000||IEA,"GO:0009168,GO:0004000"
GCF_000597845.1|WP_025270014.1,11,Core,malI,mal regulon transcriptional regulator MalI,,
GCF_000597845.1|WP_025270021.1,1,Singleton,,phage terminase large subunit family protein,ATP hydrolysis activity|0016887||IEA,GO:0016887
GCF_000597845.1|WP_025270024.1,11,Core,lsrB,autoinducer 2 ABC transporter substrate-binding protein LsrB,,
GCF_000597845.1|WP_025270033.1,11,Core,pdeR,cyclic di-GMP phosphodiesterase,,
GCF_000597845.1|WP_025270035.1,11,Core,dhaM,dihydroxyacetone kinase phosphoryl donor subunit DhaM,phosphoenolpyruvate-glycerone phosphotransferase activity|0047324||IEA,"GO:0009401,GO:0016310,GO:0019563,GO:0047324,GO:0016020"
GCF_000597845.1|WP_025270044.1,11,Core,yhjG,AsmA family protein,,
GCF_000597845.1|WP_025270045.1,11,Core,bcsC,cellulose synthase complex outer membrane protein BcsC,protein binding|0005515||IEA,"GO:0030244,GO:0005515,GO:0019867"
GCF_000597845.1|WP_025270047.1,11,Core,lyxK,L-xylulokinase,,
GCF_000597845.1|WP_025270048.1,1,Singleton,,polymorphic toxin type 34 domain-containing protein,,
GCF_000597845.1|WP_025270054.1,11,Core,tatB,Sec-independent protein translocase protein TatB,protein transmembrane transporter activity|0008320||IEA,"GO:0015628,GO:0008320,GO:0016020"
GCF_000597845.1|WP_025270056.1,11,Core,wzyE,ECA oligosaccharide polymerase,,"GO:0009246,GO:0016020"
GCF_000597845.1|WP_025270057.1,11,Core,rffT,TDP-N-acetylfucosamine:lipid II N-acetylfucosaminyltransferase,,
GCF_000597845.1|WP_025270058.1,11,Core,rfbA,glucose-1-phosphate thymidylyltransferase RfbA,glucose-1-phosphate thymidylyltransferase activity|0008879||IEA,"GO:0000271,GO:0019305,GO:0008879"
GCF_000597845.1|WP_025270059.1,11,Core,wecA,UDP-N-acetylglucosamine--undecaprenyl-phosphate N-acetylglucosaminephosphotransferase,"magnesium ion binding|0000287||IEA,phosphotransferase activity%2C for other substituted phosphate groups|0016780||IEA,manganese ion binding|0030145||IEA,UDP-N-acetylglucosamine-undecaprenyl-phosphate N-acetylglucosaminephosphotransferase activity|0036380||IEA","GO:0009103,GO:0009246,GO:0000287,GO:0016780,GO:0030145,GO:0036380,GO:0009276,GO:0016020"
GCF_000597845.1|WP_025297252.1,1,Singleton,,DUF551 domain-containing protein,,
GCF_000597845.1|WP_032082692.1,11,Core,,hypothetical protein,,
GCF_000597845.1|WP_032144412.1,11,Core,gltB,glutamate synthase large subunit,"catalytic activity|0003824||IEA,glutamate synthase activity|0015930||IEA,oxidoreductase activity|0016491||IEA","GO:0006537,GO:0008152,GO:0003824,GO:0015930,GO:0016491"
GCF_000597845.1|WP_038427594.1,6,Accessory,,excisionase,DNA binding|0003677||IEA,"GO:0006310,GO:0003677"
GCF_000597845.1|WP_038427684.1,1,Singleton,,hypothetical protein,,
GCF_000597845.1|WP_038427836.1,3,Accessory,,antirestriction Ral family protein,,
GCF_000597845.1|WP_038427965.1,11,Core,pmbA,metalloprotease PmbA,metallopeptidase activity|0008237||IEA,"GO:0006508,GO:0008237"
GCF_000597845.1|WP_042336691.1,1,Singleton,,hypothetical protein,,
GCF_000597845.1|WP_061583830.1,1,Singleton,,surface exclusion protein,,
GCF_000597845.1|WP_071524879.1,11,Core,ymcF,cold-shock protein,,
GCF_000597845.1|WP_071579736.1,3,Accessory,,hypothetical protein,,
GCF_000597845.1|WP_071586153.1,11,Core,nrfE,heme lyase CcmF/NrfE family subunit,,
GCF_000597845.1|WP_071593928.1,11,Core,ydcO,BenE family transporter YdcO,,
GCF_000597845.1|WP_071781657.1,1,Singleton,,hypothetical protein,,
GCF_000597845.1|WP_071826091.1,1,Singleton,,IS1 family transposase,,GO:0006313
GCF_000597845.1|WP_071826094.1,10,Accessory,clcB,voltage-gated ClC-type chloride channel ClcB,voltage-gated chloride channel activity|0005247||IEA,"GO:0006821,GO:0010447,GO:0005247,GO:0016020"
GCF_000597845.1|WP_072094247.1,11,Core,yobI,stress response small protein YobI,,
GCF_000597845.1|WP_072291925.1,11,Core,nnr,bifunctional ADP-dependent NAD(P)H-hydrate dehydratase/NAD(P)H-hydrate epimerase,ADP-dependent NAD(P)H-hydrate dehydratase activity|0052855||IEA,GO:0052855
GCF_000597845.1|WP_072291935.1,11,Core,yccS,YccS family putative transporter,,GO:0016020
GCF_000597845.1|WP_077251771.1,11,Core,yfjD,HlyC/CorC family transporter,,
GCF_000597845.1|WP_077698519.1,11,Core,yqeC,selenium cofactor biosynthesis protein YqeC,,
GCF_000597845.1|WP_085947771.1,9,Accessory,,IS3-like element IS3 family transposase,transposase activity|0004803||IEA,"GO:0006313,GO:0004803"
GCF_000597845.1|WP_088895425.1,6,Accessory,,IS3-like element IS2 family transposase,transposase activity|0004803||IEA,"GO:0006313,GO:0004803"
GCF_000597845.1|WP_094096600.1,7,Accessory,,IS1-like element IS1A family transposase,transposase activity|0004803||IEA,"GO:0006313,GO:0004803"
GCF_000597845.1|WP_100249771.1,4,Accessory,,type I toxin-antitoxin system Ibs family toxin,,
GCF_000597845.1|WP_100249772.1,11,Core,,type I toxin-antitoxin system Ibs family toxin,,
GCF_000597845.1|WP_120795372.1,11,Core,,protein YacM,,
GCF_000597845.1|WP_120795373.1,11,Core,yadW,small protein YadW,,
GCF_000597845.1|WP_120795379.1,11,Core,,protein YliM,,
GCF_000597845.1|WP_120795380.1,11,Core,,protein YmgK,,
GCF_000597845.1|WP_120795382.1,11,Core,,protein YmjE,,
GCF_000597845.1|WP_120795384.1,10,Accessory,ynfT,YnaM/YnfT family protein,,
GCF_000597845.1|WP_120795389.1,4,Accessory,,hypothetical protein,,
GCF_000597845.1|WP_120795390.1,11,Core,,protein YqfH,,
GCF_000597845.1|WP_120795392.1,11,Core,,protein YsdD,,
GCF_000597845.1|WP_120795393.1,11,Core,idlP,iraD leader peptide IdlP,,
GCF_000597845.1|WP_122056850.1,11,Core,,hypothetical protein,,
GCF_000597845.1|WP_122985823.1,11,Core,,hypothetical protein,,
GCF_000597845.1|WP_122998581.1,1,Singleton,lysC,Rz1-like lysis system protein LysC,,
GCF_000597845.1|WP_123059036.1,8,Accessory,,hypothetical protein,,
GCF_000597845.1|WP_140414703.1,1,Singleton,,hypothetical protein,,
GCF_000597845.1|WP_161953880.1,1,Singleton,,hypothetical protein,,
GCF_000597845.1|WP_164686900.1,1,Singleton,,hypothetical protein,,
GCF_000597845.1|WP_211180485.1,11,Core,yadX,protein YadX,,
GCF_000597845.1|WP_211180490.1,11,Core,ybiE,protein YbiE,,
GCF_000597845.1|WP_211180492.1,11,Core,ychE,protein YchT,,
GCF_000597845.1|WP_211180494.1,10,Accessory,ydaN,protein YnaN,,
GCF_000597845.1|WP_211180496.1,11,Core,mgtT,protein MgtT,,
GCF_000597845.1|WP_211180497.1,4,Accessory,ynfU,putative zinc-binding protein YnfU,,
GCF_000597845.1|WP_211180499.1,10,Accessory,yecV,protein YecV,,
GCF_000597845.1|WP_211180506.1,11,Core,yqgH,protein YqgH,,
GCF_000597845.1|WP_211180508.1,11,Core,yqiM,protein YqiM,,
GCF_000597845.1|WP_211180519.1,11,Core,ysdE,protein YsdE,,
GCF_000597845.1|WP_211180520.1,11,Core,ysgD,protein YsgD,,
GCF_000597845.1|WP_211180521.1,11,Core,ytgA,protein YtgA,,
GCF_000597845.1|WP_211180522.1,8,Accessory,ykiE,protein YkiE,,
GCF_000597845.1|WP_212591405.1,11,Core,yncP,hypothetical protein,,
GCF_000597845.1|WP_225104008.1,1,Singleton,,glycine-rich domain-containing protein,,
GCF_000597845.1|WP_225376421.1,1,Singleton,,type II toxin-antitoxin system ParD family antitoxin,,
GCF_000597845.1|WP_240806354.1,11,Core,,protein YnhH,,
GCF_000597845.1|WP_240811045.1,7,Accessory,,protein YpeD,,
GCF_000597845.1|WP_244437905.1,1,Singleton,,hypothetical protein,,
GCF_000597845.1|WP_244437906.1,1,Singleton,,hypothetical protein,,
GCF_000597845.1|WP_244437916.1,1,Singleton,,TolB family protein,protein binding|0005515||IEA,"GO:0005515,GO:0030288"
GCF_000597845.1|WP_259652481.1,1,Singleton,,hypothetical protein,,
GCF_000597845.1|WP_276323152.1,1,Singleton,,hypothetical protein,,
GCF_000597845.1|WP_306174120.1,11,Core,nlpD,murein hydrolase activator NlpD,,
GCF_000597845.1|WP_306293294.1,1,Singleton,,replication protein RepA,,
GCF_000597845.1|WP_306293295.1,1,Singleton,tap,RepA leader peptide Tap,,"GO:0006276,GO:0031556"
GCF_000599665.1|WP_000002800.1,1,Singleton,,hypothetical protein,,
GCF_000599665.1|WP_000003129.1,10,Accessory,,hypothetical protein,,
GCF_000599665.1|WP_000013749.1,11,Core,hglS,2-oxoadipate dioxygenase/decarboxylase HglS,dioxygenase activity|0051213||IEA,GO:0051213
GCF_000599665.1|WP_000015781.1,11,Core,yafV,2-oxoglutaramate amidase,,
GCF_000599665.1|WP_000016656.1,1,Singleton,,O-methyltransferase,,
GCF_000599665.1|WP_000020040.1,1,Singleton,hutX,heme utilization cystosolic carrier protein HutX,,
GCF_000599665.1|WP_000022311.1,1,Singleton,,AIPR family protein,,
GCF_000599665.1|WP_000024392.1,11,Core,grxC,glutaredoxin 3,,
GCF_000599665.1|WP_000024951.1,11,Core,ilvC,ketol-acid reductoisomerase,ketol-acid reductoisomerase activity|0004455||IEA,"GO:0009082,GO:0004455"
GCF_000599665.1|WP_000029466.1,11,Core,btuD,vitamin B12 ABC transporter ATP-binding protein BtuD,ATP binding|0005524||IEA,"GO:0015889,GO:0005524"
GCF_000599665.1|WP_000037390.1,4,Accessory,tssB,type VI secretion system contractile sheath small subunit,,GO:0033103
GCF_000599665.1|WP_000038432.1,10,Accessory,,fimbrial protein,,"GO:0007155,GO:0009289"
GCF_000599665.1|WP_000041756.1,1,Singleton,,hypothetical protein,,
GCF_000599665.1|WP_000042440.1,11,Core,yfcF,glutathione transferase,,GO:0006749
GCF_000599665.1|WP_000043458.1,11,Core,gndA,NADP-dependent phosphogluconate dehydrogenase,"phosphogluconate dehydrogenase (decarboxylating) activity|0004616||IEA,NADP binding|0050661||IEA","GO:0006098,GO:0004616,GO:0050661"
GCF_000599665.1|WP_000043606.1,10,Accessory,fcl,GDP-L-fucose synthase,"isomerase activity|0016853||IEA,GDP-L-fucose synthase activity|0050577||IEA","GO:0042351,GO:0016853,GO:0050577"
GCF_000599665.1|WP_000044711.1,10,Accessory,fimE,type 1 fimbria switch DNA invertase FimE,,
GCF_000599665.1|WP_000046786.1,11,Core,rlmD,23S rRNA (uracil(1939)-C(5))-methyltransferase RlmD,RNA methyltransferase activity|0008173||IEA,"GO:0006396,GO:0008173"
GCF_000599665.1|WP_000049367.1,11,Core,rimO,30S ribosomal protein S12 methylthiotransferase RimO,"S-methyltransferase activity|0008172||IEA,transferase activity|0016740||IEA,transferase activity%2C transferring sulphur-containing groups|0016782||IEA,4 iron%2C 4 sulfur cluster binding|0051539||IEA,S-adenosyl-L-methionine binding|1904047||IEA","GO:0018339,GO:0008172,GO:0016740,GO:0016782,GO:0051539,GO:1904047,GO:0005737"
GCF_000599665.1|WP_000051061.1,1,Singleton,,hypothetical protein,,
GCF_000599665.1|WP_000056488.1,11,Core,ycaQ,crosslink repair DNA glycosylase YcaQ,,
GCF_000599665.1|WP_000059872.1,1,Singleton,,adhesion domain-containing protein,,
GCF_000599665.1|WP_000061477.1,1,Singleton,,type I restriction endonuclease,"DNA binding|0003677||IEA,endonuclease activity|0004519||IEA","GO:0006304,GO:0003677,GO:0004519"
GCF_000599665.1|WP_000062967.1,10,Accessory,abgT,p-aminobenzoyl-glutamate transporter,,
GCF_000599665.1|WP_000063172.1,9,Accessory,cas2e,type I-E CRISPR-associated endoribonuclease Cas2e,RNA endonuclease activity|0004521||IEA,"GO:0043571,GO:0004521"
GCF_000599665.1|WP_000063250.1,6,Accessory,,major capsid protein,,
GCF_000599665.1|WP_000064873.1,2,Accessory,tnpA,IS200/IS605-like element ISEc46 family transposase,transposase activity|0004803||IEA,"GO:0006313,GO:0004803"
GCF_000599665.1|WP_000067534.1,1,Singleton,,site-specific integrase,DNA binding|0003677||IEA,"GO:0006310,GO:0015074,GO:0003677"
GCF_000599665.1|WP_000067950.1,8,Accessory,fliG,flagellar motor switch protein FliG,cytoskeletal motor activity|0003774||IEA,"GO:0006935,GO:0071973,GO:0003774,GO:0009288"
GCF_000599665.1|WP_000079604.1,6,Accessory,xisR,excisionase XisR,,
GCF_000599665.1|WP_000080093.1,11,Core,hisB,bifunctional histidinol-phosphatase/imidazoleglycerol-phosphate dehydratase HisB,"histidinol-phosphatase activity|0004401||IEA,imidazoleglycerol-phosphate dehydratase activity|0004424||IEA","GO:0000105,GO:0004401,GO:0004424"
GCF_000599665.1|WP_000084590.1,11,Core,yfeX,porphyrinogen peroxidase,,
GCF_000599665.1|WP_000088867.1,1,Singleton,vasI,type VI secretion system-associated protein VasI,,
GCF_000599665.1|WP_000089447.1,3,Accessory,,terminase small subunit,,GO:0051276
GCF_000599665.1|WP_000091466.1,11,Core,yheO,helix-turn-helix transcriptional regulator,"DNA binding|0003677||IEA,DNA-binding transcription factor activity|0003700||IEA,protein binding|0005515||IEA,transcription regulator activity|0140110||IEA","GO:0006355,GO:0007165,GO:0003677,GO:0003700,GO:0005515,GO:0140110"
GCF_000599665.1|WP_000096174.1,1,Singleton,,hypothetical protein,,
GCF_000599665.1|WP_000096478.1,11,Core,flgK,flagellar hook-associated protein FlgK,structural molecule activity|0005198||IEA,"GO:0044780,GO:0005198,GO:0009424"
GCF_000599665.1|WP_000100847.1,5,Accessory,bet,phage recombination protein Bet,,GO:0006310
GCF_000599665.1|WP_000103213.1,5,Accessory,,type VI secretion system tip protein VgrG,,"GO:0033103,GO:0033104"
GCF_000599665.1|WP_000103994.1,8,Accessory,rcsA,transcriptional regulator RcsA,DNA binding|0003677||IEA,"GO:0006355,GO:0003677"
GCF_000599665.1|WP_000104482.1,1,Singleton,,GlxA family transcriptional regulator,"DNA binding|0003677||IEA,DNA-binding transcription factor activity|0003700||IEA","GO:0006355,GO:0003677,GO:0003700"
GCF_000599665.1|WP_000107690.1,1,Singleton,,hypothetical protein,,
GCF_000599665.1|WP_000107816.1,10,Accessory,wcaD,colanic acid polymerase WcaD,,
GCF_000599665.1|WP_000111814.1,11,Core,fdrA,acyl-CoA synthetase FdrA,catalytic activity|0003824||IEA,GO:0003824
GCF_000599665.1|WP_000121429.1,11,Core,fadH,NADPH-dependent 2%2C4-dienoyl-CoA reductase,,
GCF_000599665.1|WP_000123123.1,1,Singleton,,phage holin family protein,,
GCF_000599665.1|WP_000124159.1,1,Singleton,,hypothetical protein,,
GCF_000599665.1|WP_000126788.1,3,Accessory,,hypothetical protein,,
GCF_000599665.1|WP_000128847.1,11,Core,yoaA,ATP-dependent DNA helicase,"nucleic acid binding|0003676||IEA,DNA binding|0003677||IEA,helicase activity|0004386||IEA,ATP binding|0005524||IEA","GO:0003676,GO:0003677,GO:0004386,GO:0005524"
GCF_000599665.1|WP_000132937.1,1,Singleton,,head processing protein,,
GCF_000599665.1|WP_000133106.1,8,Accessory,fliL,flagellar basal body-associated protein FliL,,"GO:0006935,GO:0071973,GO:0009425"
GCF_000599665.1|WP_000138556.1,1,Singleton,,ATP-binding protein,,
GCF_000599665.1|WP_000144678.1,3,Accessory,,phage tail terminator-like protein,,
GCF_000599665.1|WP_000144858.1,9,Accessory,cas1e,type I-E CRISPR-associated endonuclease Cas1e,"nucleic acid binding|0003676||IEA,DNA endonuclease activity|0004520||IEA,metal ion binding|0046872||IEA","GO:0043571,GO:0051607,GO:0003676,GO:0004520,GO:0046872"
GCF_000599665.1|WP_000147302.1,10,Accessory,cheW,chemotaxis protein CheW,,
GCF_000599665.1|WP_000147893.1,4,Accessory,,replication protein,,
GCF_000599665.1|WP_000148581.1,11,Core,pyrI,aspartate carbamoyltransferase regulatory subunit,,"GO:0006207,GO:0009347"
GCF_000599665.1|WP_000156573.1,11,Core,,AraC family transcriptional regulator,"DNA-binding transcription factor activity|0003700||IEA,sequence-specific DNA binding|0043565||IEA","GO:0006355,GO:0003700,GO:0043565"
GCF_000599665.1|WP_000168745.1,11,Core,yobA,CopC domain-containing protein YobA,copper ion binding|0005507||IEA,"GO:0006825,GO:0046688,GO:0005507"
GCF_000599665.1|WP_000170155.1,1,Singleton,,3-hydroxybenzoate 6-monooxygenase,FAD binding|0071949||IEA,GO:0071949
GCF_000599665.1|WP_000171616.1,11,Core,phnH,phosphonate C-P lyase system protein PhnH,,GO:0019634
GCF_000599665.1|WP_000176187.1,11,Core,gcvR,glycine cleavage system transcriptional repressor,,
GCF_000599665.1|WP_000182337.1,1,Singleton,,NADH-dependent flavin oxidoreductase,,
GCF_000599665.1|WP_000183060.1,11,Core,galF,UTP--glucose-1-phosphate uridylyltransferase GalF,,
GCF_000599665.1|WP_000183130.1,10,Accessory,wcaJ,undecaprenyl-phosphate glucose phosphotransferase,,
GCF_000599665.1|WP_000186631.1,11,Core,ybaK,Cys-tRNA(Pro)/Cys-tRNA(Cys) deacylase YbaK,aminoacyl-tRNA deacylase activity|0002161||IEA,GO:0002161
GCF_000599665.1|WP_000187358.1,8,Accessory,fliQ,flagellar biosynthesis protein FliQ,,"GO:0044780,GO:0016020"
GCF_000599665.1|WP_000188870.1,6,Accessory,,hypothetical protein,,
GCF_000599665.1|WP_000191372.1,11,Core,fabD,ACP S-malonyltransferase,[acyl-carrier-protein] S-malonyltransferase activity|0004314||IEA,"GO:0006633,GO:0004314"
GCF_000599665.1|WP_000191701.1,11,Core,rutR,HTH-type transcriptional regulator RutR,DNA binding|0003677||IEA,"GO:0045892,GO:0003677"
GCF_000599665.1|WP_000197506.1,1,Singleton,,Imm57 family immunity protein,,
GCF_000599665.1|WP_000198203.1,11,Core,yddG,aromatic amino acid efflux DMT transporter YddG,,
GCF_000599665.1|WP_000202113.1,1,Singleton,,TetR/AcrR family transcriptional regulator,"DNA binding|0003677||IEA,DNA-binding transcription factor activity|0003700||IEA","GO:0006355,GO:0003677,GO:0003700"
GCF_000599665.1|WP_000207556.1,10,Accessory,lafU,putative lateral flagellar export/assembly protein LafU,,
GCF_000599665.1|WP_000209797.1,1,Singleton,,carboxymuconolactone decarboxylase family protein,peroxiredoxin activity|0051920||IEA,GO:0051920
GCF_000599665.1|WP_000212025.1,1,Singleton,,hypothetical protein,,
GCF_000599665.1|WP_000213294.1,9,Accessory,fliI,flagellar protein export ATPase FliI,ATP hydrolysis activity|0016887||IEA,"GO:0044780,GO:0071973,GO:0016887"
GCF_000599665.1|WP_000217670.1,1,Singleton,,hypothetical protein,,
GCF_000599665.1|WP_000224043.1,1,Singleton,,hypothetical protein,,
GCF_000599665.1|WP_000224916.1,8,Accessory,ninE,NinE family protein,,
GCF_000599665.1|WP_000233576.1,3,Accessory,,phage encoded cell division inhibitor protein,,
GCF_000599665.1|WP_000234830.1,1,Singleton,,DUF3927 family protein,,
GCF_000599665.1|WP_000236740.1,1,Singleton,,GGDEF domain-containing protein,,
GCF_000599665.1|WP_000239189.1,11,Core,nlpE,envelope stress response activation lipoprotein NlpE,,
GCF_000599665.1|WP_000249366.1,11,Core,gspE,type II secretion system ATPase GspE,ATP binding|0005524||IEA,"GO:0015628,GO:0005524,GO:0015627"
GCF_000599665.1|WP_000250671.1,11,Core,ydhF,aldo/keto reductase,"oxidoreductase activity|0016491||IEA,NADP binding|0050661||IEA","GO:0016491,GO:0050661"
GCF_000599665.1|WP_000260286.1,1,Singleton,,hypothetical protein,,
GCF_000599665.1|WP_000270375.1,10,Accessory,yjbQ,secondary thiamine-phosphate synthase enzyme YjbQ,catalytic activity|0003824||IEA,"GO:0003824,GO:0005737"
GCF_000599665.1|WP_000274636.1,11,Core,yijO,AraC family transcriptional regulator,"DNA-binding transcription factor activity|0003700||IEA,sequence-specific DNA binding|0043565||IEA","GO:0006355,GO:0003700,GO:0043565"
GCF_000599665.1|WP_000301062.1,1,Singleton,,TOBE domain-containing protein,,GO:0015689
GCF_000599665.1|WP_000301065.1,1,Singleton,,hypothetical protein,,
GCF_000599665.1|WP_000336812.1,1,Singleton,,hypothetical protein,,
GCF_000599665.1|WP_000337066.1,11,Core,asnB,asparagine synthase B,asparagine synthase (glutamine-hydrolyzing) activity|0004066||IEA,"GO:0006529,GO:0004066"
GCF_000599665.1|WP_000338242.1,9,Accessory,espX5,T3SS effector pentapeptide repeat protein EspX5,,
GCF_000599665.1|WP_000355601.1,3,Accessory,,hypothetical protein,,
GCF_000599665.1|WP_000362388.1,11,Core,nfi,deoxyribonuclease V,endonuclease activity|0004519||IEA,"GO:0006281,GO:0004519"
GCF_000599665.1|WP_000365574.1,9,Accessory,yedJ,phosphohydrolase,,
GCF_000599665.1|WP_000365809.1,1,Singleton,,nucleotidyl transferase AbiEii/AbiGii toxin family protein,,
GCF_000599665.1|WP_000369322.1,1,Singleton,,pentapeptide repeat-containing protein,,
GCF_000599665.1|WP_000383469.1,11,Core,ydiB,quinate/shikimate dehydrogenase,,
GCF_000599665.1|WP_000394263.1,6,Accessory,yjiS,DUF1127 domain-containing protein,,
GCF_000599665.1|WP_000396050.1,11,Core,sfsA,DNA/RNA nuclease SfsA,DNA binding|0003677||IEA,GO:0003677
GCF_000599665.1|WP_000404121.1,1,Singleton,,hypothetical protein,,
GCF_000599665.1|WP_000406391.1,11,Core,nhaB,Na(+)/H(+) antiporter NhaB,sodium:proton antiporter activity|0015385||IEA,"GO:0006814,GO:0015385,GO:0016020"
GCF_000599665.1|WP_000417803.1,11,Core,ygeV,sigma-54 interaction domain-containing protein,"ATP binding|0005524||IEA,transcription factor binding|0008134||IEA","GO:0006355,GO:0005524,GO:0008134"
GCF_000599665.1|WP_000446007.1,11,Core,frvB,PTS fructose-like transporter subunit IIBC,,
GCF_000599665.1|WP_000451229.1,11,Core,aroE,shikimate dehydrogenase,shikimate 3-dehydrogenase (NADP+) activity|0004764||IEA,"GO:0019632,GO:0004764"
GCF_000599665.1|WP_000459294.1,2,Accessory,,hypothetical protein,,
GCF_000599665.1|WP_000460707.1,11,Core,yeaL,DUF441 domain-containing protein,,
GCF_000599665.1|WP_000473128.1,11,Core,pspE,thiosulfate sulfurtransferase PspE,,
GCF_000599665.1|WP_000474077.1,10,Accessory,rclB,reactive chlorine resistance periplasmic protein RclB,,
GCF_000599665.1|WP_000479193.1,6,Accessory,gpG,phage tail assembly chaperone G,,
GCF_000599665.1|WP_000484111.1,1,Singleton,,hypothetical protein,,
GCF_000599665.1|WP_000488407.1,5,Accessory,,DUF4222 domain-containing protein,,
GCF_000599665.1|WP_000494465.1,1,Singleton,,hypothetical protein,,
GCF_000599665.1|WP_000499746.1,1,Singleton,,type II toxin-antitoxin system HicB family antitoxin,,
GCF_000599665.1|WP_000502112.1,1,Singleton,tnpA,IS200/IS605 family transposase,transposase activity|0004803||IEA,GO:0004803
GCF_000599665.1|WP_000511502.1,1,Singleton,dsbI,protein-disulfide oxidoreductase DsbI,,
GCF_000599665.1|WP_000523980.1,1,Singleton,,hypothetical protein,,
GCF_000599665.1|WP_000524260.1,3,Accessory,,hypothetical protein,,
GCF_000599665.1|WP_000529285.1,11,Core,nagZ,beta-N-acetylhexosaminidase,hydrolase activity%2C hydrolyzing O-glycosyl compounds|0004553||IEA,"GO:0005975,GO:0004553"
GCF_000599665.1|WP_000535202.1,1,Singleton,,baseplate protein,,
GCF_000599665.1|WP_000535960.1,11,Core,yicL,carboxylate/amino acid/amine transporter,,GO:0016020
GCF_000599665.1|WP_000540946.1,11,Core,allE,(S)-ureidoglycine aminohydrolase,ureidoglycine aminohydrolase activity|0071522||IEA,"GO:0010136,GO:0071522"
GCF_000599665.1|WP_000542385.1,1,Singleton,,hypothetical protein,,
GCF_000599665.1|WP_000543916.1,6,Accessory,hpaR,homoprotocatechuate degradation operon regulator HpaR,"DNA binding|0003677||IEA,DNA-binding transcription factor activity|0003700||IEA","GO:0045892,GO:0003677,GO:0003700"
GCF_000599665.1|WP_000548273.1,1,Singleton,,hypothetical protein,,
GCF_000599665.1|WP_000550422.1,11,Core,citX,citrate lyase holo-[acyl-carrier protein] synthase,holo-citrate lyase synthase activity|0050519||IEA,"GO:0051191,GO:0050519"
GCF_000599665.1|WP_000551807.1,11,Core,ispG,flavodoxin-dependent (E)-4-hydroxy-3-methylbut-2-enyl-diphosphate synthase,4-hydroxy-3-methylbut-2-en-1-yl diphosphate synthase activity (ferredoxin)|0046429||IEA,"GO:0008152,GO:0046429"
GCF_000599665.1|WP_000554146.1,10,Accessory,ycgZ,regulatory protein YcgZ,,
GCF_000599665.1|WP_000560223.1,7,Accessory,kilR,killing protein KilR,,
GCF_000599665.1|WP_000566150.1,4,Accessory,,helix-turn-helix domain-containing protein,DNA binding|0003677||IEA,GO:0003677
GCF_000599665.1|WP_000576690.1,11,Core,gadE,acid resistance transcriptional activator GadE,,
GCF_000599665.1|WP_000576818.1,1,Singleton,modD,ModD protein,nicotinate-nucleotide diphosphorylase (carboxylating) activity|0004514||IEA,GO:0004514
GCF_000599665.1|WP_000580275.1,10,Accessory,atoE,TIGR00366 family protein,,
GCF_000599665.1|WP_000580417.1,11,Core,cpxA,envelope stress sensor histidine kinase CpxA,phosphorelay sensor kinase activity|0000155||IEA,"GO:0007165,GO:0000155"
GCF_000599665.1|WP_000580776.1,1,Singleton,,hypothetical protein,,
GCF_000599665.1|WP_000582429.1,11,Core,selB,selenocysteine-specific translation elongation factor,"RNA binding|0003723||IEA,translation elongation factor activity|0003746||IEA,GTPase activity|0003924||IEA,GTP binding|0005525||IEA","GO:0001514,GO:0003723,GO:0003746,GO:0003924,GO:0005525,GO:0005737"
GCF_000599665.1|WP_000587189.1,11,Core,,HlyD family secretion protein,transmembrane transporter activity|0022857||IEA,"GO:0055085,GO:0022857,GO:0016020"
GCF_000599665.1|WP_000587586.1,11,Core,ydhT,protein YdhT,,
GCF_000599665.1|WP_000589326.1,11,Core,flgI,flagellar basal body P-ring protein FlgI,,
GCF_000599665.1|WP_000594599.1,11,Core,lpxT,Kdo(2)-lipid A phosphotransferase,,
GCF_000599665.1|WP_000600725.1,11,Core,kefF,glutathione-regulated potassium-efflux system oxidoreductase KefF,,GO:0006813
GCF_000599665.1|WP_000611288.1,11,Core,dcuR,two-component system response regulator DcuR,DNA-binding transcription factor activity|0003700||IEA,"GO:0000160,GO:0003700"
GCF_000599665.1|WP_000611666.1,1,Singleton,,phage repressor protein C1,,
GCF_000599665.1|WP_000611932.1,8,Accessory,,hypothetical protein,,
GCF_000599665.1|WP_000613115.1,1,Singleton,,hypothetical protein,,
GCF_000599665.1|WP_000616241.1,9,Accessory,cynS,cyanase,cyanate hydratase activity|0008824||IEA,"GO:0009439,GO:0008824"
GCF_000599665.1|WP_000617470.1,11,Core,yiaC,N-acetyltransferase,N-acetyltransferase activity|0008080||IEA,GO:0008080
GCF_000599665.1|WP_000620503.1,11,Core,holA,DNA polymerase III subunit delta,"DNA binding|0003677||IEA,DNA-directed DNA polymerase activity|0003887||IEA","GO:0006260,GO:0003677,GO:0003887"
GCF_000599665.1|WP_000631274.1,11,Core,,pilus protein,,
GCF_000599665.1|WP_000633082.1,10,Accessory,rfaY,lipopolysaccharide core heptose(II) kinase RfaY,,
GCF_000599665.1|WP_000634214.1,3,Accessory,,hypothetical protein,,
GCF_000599665.1|WP_000636571.1,11,Core,ydfG,bifunctional NADP-dependent 3-hydroxy acid dehydrogenase/3-hydroxypropionate dehydrogenase YdfG,oxidoreductase activity|0016491||IEA,GO:0016491
GCF_000599665.1|WP_000638628.1,2,Accessory,,ogr/Delta-like zinc finger family protein,,
GCF_000599665.1|WP_000640161.1,4,Accessory,,DUF1133 family protein,,
GCF_000599665.1|WP_000646014.1,11,Core,tdh,L-threonine 3-dehydrogenase,L-threonine 3-dehydrogenase activity|0008743||IEA,"GO:0006567,GO:0008743"
GCF_000599665.1|WP_000650337.1,11,Core,clsB,cardiolipin synthase ClsB,cardiolipin synthase activity|0008808||IEA,"GO:0032049,GO:0008808"
GCF_000599665.1|WP_000654487.1,10,Accessory,wcaA,colanic acid biosynthesis glycosyltransferase WcaA,,
GCF_000599665.1|WP_000660217.1,1,Singleton,,MFS transporter,transmembrane transporter activity|0022857||IEA,"GO:0055085,GO:0022857"
GCF_000599665.1|WP_000660977.1,1,Singleton,,Dam family site-specific DNA-(adenine-N6)-methyltransferase,site-specific DNA-methyltransferase (adenine-specific) activity|0009007||IEA,"GO:0009307,GO:0009007"
GCF_000599665.1|WP_000678446.1,11,Core,recG,ATP-dependent DNA helicase RecG,"nucleic acid binding|0003676||IEA,DNA helicase activity|0003678||IEA,ATP binding|0005524||IEA","GO:0006281,GO:0006310,GO:0003676,GO:0003678,GO:0005524"
GCF_000599665.1|WP_000679814.1,11,Core,ypfH,esterase,hydrolase activity|0016787||IEA,GO:0016787
GCF_000599665.1|WP_000684845.1,1,Singleton,,hypothetical protein,,
GCF_000599665.1|WP_000691857.1,1,Singleton,,MBL fold metallo-hydrolase,"hydrolase activity|0016787||IEA,metal ion binding|0046872||IEA","GO:0016787,GO:0046872"
GCF_000599665.1|WP_000694679.1,1,Singleton,sctC,type III secretion system outer membrane ring subunit SctC,,GO:0009306
GCF_000599665.1|WP_000702901.1,11,Core,yicI,alpha-xylosidase,hydrolase activity%2C hydrolyzing O-glycosyl compounds|0004553||IEA,"GO:0005975,GO:0004553"
GCF_000599665.1|WP_000722571.1,11,Core,,PTS sugar transporter subunit IIB,protein-N(PI)-phosphohistidine-sugar phosphotransferase activity|0008982||IEA,"GO:0008643,GO:0009401,GO:0008982"
GCF_000599665.1|WP_000736024.1,11,Core,mutT,8-oxo-dGTP diphosphatase MutT,8-oxo-7%2C8-dihydroguanosine triphosphate pyrophosphatase activity|0008413||IEA,"GO:0006281,GO:0008413"
GCF_000599665.1|WP_000743193.1,11,Core,rsmD,16S rRNA (guanine(966)-N(2))-methyltransferase,"nucleic acid binding|0003676||IEA,methyltransferase activity|0008168||IEA","GO:0031167,GO:0003676,GO:0008168"
GCF_000599665.1|WP_000750418.1,11,Core,ompA,porin OmpA,,
GCF_000599665.1|WP_000759930.1,1,Singleton,,fimbrial protein,,"GO:0007155,GO:0009289"
GCF_000599665.1|WP_000769435.1,1,Singleton,,DUF4304 domain-containing protein,,
GCF_000599665.1|WP_000770042.1,3,Accessory,,DUF6651 domain-containing protein,,
GCF_000599665.1|WP_000772928.1,11,Core,,hypothetical protein,,
GCF_000599665.1|WP_000774178.1,11,Core,lsrF,3-hydroxy-5-phosphonooxypentane-2%2C4-dione thiolase,lyase activity|0016829||IEA,GO:0016829
GCF_000599665.1|WP_000781176.1,1,Singleton,maiA,maleylacetoacetate isomerase,maleylacetoacetate isomerase activity|0016034||IEA,"GO:0006559,GO:0006572,GO:0016034,GO:0005737"
GCF_000599665.1|WP_000783658.1,2,Accessory,,primase-helicase zinc-binding domain-containing protein,"DNA-directed RNA polymerase activity|0003899||IEA,helicase activity|0004386||IEA,zinc ion binding|0008270||IEA","GO:0003899,GO:0004386,GO:0008270"
GCF_000599665.1|WP_000784821.1,10,Accessory,ccp,cytochrome c peroxidase,,
GCF_000599665.1|WP_000785282.1,6,Accessory,,head-tail joining protein,,
GCF_000599665.1|WP_000785988.1,9,Accessory,vsr,VSPR family DNA mismatch endonuclease,,
GCF_000599665.1|WP_000787103.1,9,Accessory,caiT,L-carnitine/gamma-butyrobetaine antiporter,,
GCF_000599665.1|WP_000790504.1,9,Accessory,yedF,sulfurtransferase-like selenium metabolism protein YedF,,
GCF_000599665.1|WP_000795532.1,11,Core,ydiM,MFS transporter,transmembrane transporter activity|0022857||IEA,"GO:0055085,GO:0022857"
GCF_000599665.1|WP_000796455.1,11,Core,murD,UDP-N-acetylmuramoyl-L-alanine--D-glutamate ligase,"ATP binding|0005524||IEA,UDP-N-acetylmuramoylalanine-D-glutamate ligase activity|0008764||IEA","GO:0008360,GO:0009252,GO:0051301,GO:0005524,GO:0008764,GO:0005737"
GCF_000599665.1|WP_000804518.1,1,Singleton,,hypothetical protein,,
GCF_000599665.1|WP_000806411.1,11,Core,yijD,YijD family membrane protein,,
GCF_000599665.1|WP_000806622.1,1,Singleton,,SinI family autotransporter-associated protein,,
GCF_000599665.1|WP_000807584.1,8,Accessory,fliJ,flagellar export protein FliJ,cytoskeletal motor activity|0003774||IEA,"GO:0071973,GO:0003774,GO:0009288"
GCF_000599665.1|WP_000809263.1,11,Core,rsmI,16S rRNA (cytidine(1402)-2'-O)-methyltransferase,methyltransferase activity|0008168||IEA,GO:0008168
GCF_000599665.1|WP_000811566.1,11,Core,yjfN,DUF1471 family protease activator YjfN,,
GCF_000599665.1|WP_000813794.1,10,Accessory,hicA,type II toxin-antitoxin system mRNA interferase toxin HicA,,
GCF_000599665.1|WP_000823288.1,9,Accessory,gatB,PTS galactitol transporter subunit IIB,,
GCF_000599665.1|WP_000825994.1,11,Core,yhhA,DUF2756 family protein,,
GCF_000599665.1|WP_000828222.1,11,Core,zraP,zinc resistance sensor/chaperone ZraP,,
GCF_000599665.1|WP_000833473.1,1,Singleton,,type II toxin-antitoxin system HicA family toxin,mRNA binding|0003729||IEA,GO:0003729
GCF_000599665.1|WP_000833494.1,10,Accessory,,fimbrial-like adhesin,,
GCF_000599665.1|WP_000840931.1,1,Singleton,,hypothetical protein,,
GCF_000599665.1|WP_000844800.1,9,Accessory,yodD,peroxide/acid resistance protein YodD,,
GCF_000599665.1|WP_000844861.1,11,Core,priC,primosomal replication protein N'',,
GCF_000599665.1|WP_000847345.1,6,Accessory,,phage tail protein,,
GCF_000599665.1|WP_000848790.1,1,Singleton,,DUF1471 domain-containing protein,,
GCF_000599665.1|WP_000854453.1,11,Core,fruA,PTS fructose transporter subunit IIBC,"protein-N(PI)-phosphohistidine-sugar phosphotransferase activity|0008982||IEA,protein-N(PI)-phosphohistidine-fructose phosphotransferase system transporter activity|0022877||IEA","GO:0009401,GO:0008982,GO:0022877"
GCF_000599665.1|WP_000858557.1,11,Core,sorE,L-sorbose 1-phosphate reductase,,
GCF_000599665.1|WP_000860030.1,11,Core,,alpha/beta hydrolase,hydrolase activity|0016787||IEA,GO:0016787
GCF_000599665.1|WP_000860192.1,11,Core,aroD,type I 3-dehydroquinate dehydratase,3-dehydroquinate dehydratase activity|0003855||IEA,"GO:0009423,GO:0003855"
GCF_000599665.1|WP_000861664.1,1,Singleton,,hypothetical protein,,
GCF_000599665.1|WP_000861734.1,11,Core,tdcE,2-ketobutyrate formate-lyase/pyruvate formate-lyase,,
GCF_000599665.1|WP_000862683.1,10,Accessory,wcaL,colanic acid biosynthesis glycosyltransferase WcaL,glycosyltransferase activity|0016757||IEA,GO:0016757
GCF_000599665.1|WP_000874156.1,1,Singleton,,hypothetical protein,,
GCF_000599665.1|WP_000878883.1,11,Core,ydjI,ketose-bisphosphate aldolase,aldehyde-lyase activity|0016832||IEA,"GO:0005975,GO:0016832"
GCF_000599665.1|WP_000884635.1,11,Core,accC,acetyl-CoA carboxylase biotin carboxylase subunit,"biotin carboxylase activity|0004075||IEA,ligase activity|0016874||IEA","GO:0004075,GO:0016874,GO:0009317"
GCF_000599665.1|WP_000884972.1,11,Core,alkB,DNA oxidative demethylase AlkB,,
GCF_000599665.1|WP_000887629.1,11,Core,ahpF,alkyl hydroperoxide reductase subunit F,"alkyl hydroperoxide reductase activity|0008785||IEA,flavin adenine dinucleotide binding|0050660||IEA,NAD binding|0051287||IEA","GO:0000302,GO:0008785,GO:0050660,GO:0051287"
GCF_000599665.1|WP_000887652.1,1,Singleton,,phage holin family protein,,
GCF_000599665.1|WP_000888778.1,10,Accessory,ariR,biofilm/acid-resistance regulator AriR,,
GCF_000599665.1|WP_000896806.1,1,Singleton,,hypothetical protein,,
GCF_000599665.1|WP_000897378.1,11,Core,umuD,translesion error-prone DNA polymerase V autoproteolytic subunit,,
GCF_000599665.1|WP_000900641.1,1,Singleton,,tellurite resistance TerB family protein,,
GCF_000599665.1|WP_000904003.1,1,Singleton,,class I SAM-dependent methyltransferase,"methyltransferase activity|0008168||IEA,S-adenosyl-L-methionine binding|1904047||IEA","GO:0008168,GO:1904047"
GCF_000599665.1|WP_000905920.1,3,Accessory,,capsule polysaccharide export inner-membrane protein KpsE,,
GCF_000599665.1|WP_000907973.1,11,Core,sufD,Fe-S cluster assembly protein SufD,,GO:0016226
GCF_000599665.1|WP_000908084.1,3,Accessory,,hypothetical protein,,
GCF_000599665.1|WP_000918166.1,11,Core,mrcB,bifunctional glycosyl transferase/transpeptidase,"penicillin binding|0008658||IEA,peptidoglycan glycosyltransferase activity|0008955||IEA","GO:0009252,GO:0046677,GO:0008658,GO:0008955,GO:0009274"
GCF_000599665.1|WP_000918487.1,3,Accessory,,P22 phage major capsid protein family protein,,
GCF_000599665.1|WP_000943607.1,1,Singleton,,VRR-NUC domain-containing protein,,
GCF_000599665.1|WP_000949109.1,9,Accessory,yedP,mannosyl-3-phosphoglycerate phosphatase-related protein,mannosyl-3-phosphoglycerate phosphatase activity|0050531||IEA,"GO:0051479,GO:0050531"
GCF_000599665.1|WP_000949498.1,11,Core,ulaE,L-ribulose-5-phosphate 3-epimerase UlaE,,
GCF_000599665.1|WP_000964718.1,11,Core,yhhN,lysoplasmalogenase,,
GCF_000599665.1|WP_000973152.1,11,Core,cobU,bifunctional adenosylcobinamide kinase/adenosylcobinamide-phosphate guanylyltransferase,"nucleotide binding|0000166||IEA,adenosylcobinamide kinase activity|0043752||IEA","GO:0009236,GO:0000166,GO:0043752"
GCF_000599665.1|WP_000976472.1,11,Core,yebY,YebY family protein,,
GCF_000599665.1|WP_000983977.1,8,Accessory,fliR,flagellar biosynthetic protein FliR,,"GO:0006605,GO:0044780,GO:0016020"
GCF_000599665.1|WP_000994309.1,11,Core,ydhK,FUSC family protein,transmembrane transporter activity|0022857||IEA,"GO:0055085,GO:0022857,GO:0005886"
GCF_000599665.1|WP_000998300.1,10,Accessory,mhpE,4-hydroxy-2-oxovalerate aldolase,,
GCF_000599665.1|WP_001000377.1,11,Core,glpC,anaerobic glycerol-3-phosphate dehydrogenase subunit GlpC,"glycerol-3-phosphate dehydrogenase (quinone) activity|0004368||IEA,iron-sulfur cluster binding|0051536||IEA","GO:0006071,GO:0009061,GO:0004368,GO:0051536,GO:0009331,GO:0016020"
GCF_000599665.1|WP_001000710.1,1,Singleton,,hypothetical protein,,
GCF_000599665.1|WP_001001643.1,1,Singleton,,hypothetical protein,,
GCF_000599665.1|WP_001004422.1,1,Singleton,,RecT family recombinase,DNA binding|0003677||IEA,"GO:0006310,GO:0003677"
GCF_000599665.1|WP_001005162.1,1,Singleton,,hypothetical protein,,
GCF_000599665.1|WP_001005448.1,11,Core,apbC,iron-sulfur cluster carrier protein ApbC,"ATP binding|0005524||IEA,ATP hydrolysis activity|0016887||IEA,iron-sulfur cluster binding|0051536||IEA","GO:0016226,GO:0005524,GO:0016887,GO:0051536"
GCF_000599665.1|WP_001008234.1,8,Accessory,,tail fiber assembly protein,,GO:0098004
GCF_000599665.1|WP_001014327.1,2,Accessory,,HlyD family type I secretion periplasmic adaptor subunit,,"GO:0015031,GO:0030253,GO:0016020"
GCF_000599665.1|WP_001018496.1,11,Core,putP,sodium/proline symporter PutP,"proline:sodium symporter activity|0005298||IEA,sodium ion binding|0031402||IEA","GO:0006814,GO:0015824,GO:0055085,GO:0005298,GO:0031402,GO:0016020"
GCF_000599665.1|WP_001023641.1,5,Accessory,rfbD,dTDP-4-dehydrorhamnose reductase,,
GCF_000599665.1|WP_001024876.1,11,Core,ybjL,aspartate:alanine antiporter,monoatomic cation transmembrane transporter activity|0008324||IEA,"GO:0006813,GO:0008324"
GCF_000599665.1|WP_001029815.1,3,Accessory,,hypothetical protein,,
GCF_000599665.1|WP_001030484.1,4,Accessory,,type II toxin-antitoxin system HicB family antitoxin,,GO:0110001
GCF_000599665.1|WP_001031303.1,1,Singleton,,phage tail assembly protein,,GO:0098003
GCF_000599665.1|WP_001031530.1,11,Core,yciN,YciN family protein,,
GCF_000599665.1|WP_001036747.1,1,Singleton,,winged helix-turn-helix domain-containing protein,,
GCF_000599665.1|WP_001037394.1,11,Core,yjiN,DUF445 domain-containing protein,,
GCF_000599665.1|WP_001038643.1,1,Singleton,,hypothetical protein,,
GCF_000599665.1|WP_001042105.1,4,Accessory,,autoinducer 2 ABC transporter substrate-binding protein,,
GCF_000599665.1|WP_001043146.1,11,Core,cstA,pyruvate/proton symporter CstA,,GO:0009267
GCF_000599665.1|WP_001050672.1,11,Core,murJ,murein biosynthesis integral membrane protein MurJ,,"GO:0009252,GO:0034204"
GCF_000599665.1|WP_001052917.1,1,Singleton,,glycosyltransferase family 25 protein,,
GCF_000599665.1|WP_001054342.1,7,Accessory,ybcN,DNA base-flipping protein YbcN,,
GCF_000599665.1|WP_001056840.1,11,Core,ycgJ,YcgJ family protein,,
GCF_000599665.1|WP_001058802.1,10,Accessory,yqhD,alcohol dehydrogenase,"metal ion binding|0046872||IEA,butanol dehydrogenase (NAD+) activity|1990362||IEA","GO:0046872,GO:1990362"
GCF_000599665.1|WP_001077735.1,1,Singleton,,hypothetical protein,,
GCF_000599665.1|WP_001080149.1,1,Singleton,tssJ,type VI secretion system lipoprotein TssJ,,GO:0033103
GCF_000599665.1|WP_001081870.1,11,Core,hybA,hydrogenase 2 operon protein HybA,,
GCF_000599665.1|WP_001087296.1,11,Core,gspG,type II secretion system major pseudopilin GspG,,"GO:0015628,GO:0015627"
GCF_000599665.1|WP_001100703.1,1,Singleton,,DNA cytosine methyltransferase,"DNA binding|0003677||IEA,DNA (cytosine-5-)-methyltransferase activity|0003886||IEA,methyltransferase activity|0008168||IEA,S-adenosyl-L-methionine binding|1904047||IEA","GO:0006304,GO:0003677,GO:0003886,GO:0008168,GO:1904047"
GCF_000599665.1|WP_001103586.1,11,Core,hisH,imidazole glycerol phosphate synthase subunit HisH,imidazoleglycerol-phosphate synthase activity|0000107||IEA,"GO:0000105,GO:0000107"
GCF_000599665.1|WP_001105393.1,11,Core,sbmC,DNA gyrase inhibitor SbmC,,
GCF_000599665.1|WP_001113717.1,1,Singleton,tagH,type VI secretion system-associated FHA domain protein TagH,,GO:0033103
GCF_000599665.1|WP_001113742.1,4,Accessory,,RepB family plasmid replication initiator protein,,
GCF_000599665.1|WP_001116587.1,11,Core,thiK,thiamine kinase,thiamine kinase activity|0019165||IEA,"GO:0006772,GO:0016310,GO:0019165"
GCF_000599665.1|WP_001135310.1,11,Core,rrrD,lysozyme RrrD,,
GCF_000599665.1|WP_001138434.1,1,Singleton,,PLP-dependent aminotransferase family protein,pyridoxal phosphate binding|0030170||IEA,GO:0030170
GCF_000599665.1|WP_001139678.1,1,Singleton,,hypothetical protein,,
GCF_000599665.1|WP_001148908.1,11,Core,yhfA,OsmC family protein,,
GCF_000599665.1|WP_001154687.1,1,Singleton,,GIY-YIG nuclease family protein,nuclease activity|0004518||IEA,GO:0004518
GCF_000599665.1|WP_001160804.1,3,Accessory,,DcrB-related protein,,
GCF_000599665.1|WP_001163428.1,7,Accessory,torI,response regulator inhibitor TorI,,
GCF_000599665.1|WP_001165936.1,1,Singleton,,hypothetical protein,,
GCF_000599665.1|WP_001166760.1,11,Core,mzrA,EnvZ/OmpR regulon moderator MzrA,,
GCF_000599665.1|WP_001169151.1,10,Accessory,ydaF,YdaF family protein,,
GCF_000599665.1|WP_001172288.1,11,Core,,aldo/keto reductase,oxidoreductase activity|0016491||IEA,GO:0016491
GCF_000599665.1|WP_001174963.1,11,Core,mdtK,multidrug efflux MATE transporter MdtK,,
GCF_000599665.1|WP_001175589.1,4,Accessory,,ArsR/SmtB family transcription factor,"DNA binding|0003677||IEA,DNA-binding transcription factor activity|0003700||IEA","GO:0006355,GO:0003677,GO:0003700"
GCF_000599665.1|WP_001177864.1,1,Singleton,,hypothetical protein,,
GCF_000599665.1|WP_001182903.1,3,Accessory,,toxin YdaT domain-containing protein,,
GCF_000599665.1|WP_001183198.1,11,Core,yaaU,MFS transporter,transmembrane transporter activity|0022857||IEA,"GO:0055085,GO:0022857,GO:0016020"
GCF_000599665.1|WP_001183326.1,1,Singleton,,NACHT domain-containing protein,"ATP binding|0005524||IEA,ATP hydrolysis activity|0016887||IEA","GO:0005524,GO:0016887"
GCF_000599665.1|WP_001190712.1,2,Accessory,,type II toxin-antitoxin system Phd/YefM family antitoxin,,GO:0110001
GCF_000599665.1|WP_001195865.1,3,Accessory,,helix-turn-helix transcriptional regulator,"DNA binding|0003677||IEA,DNA-binding transcription factor activity|0003700||IEA","GO:0006355,GO:0003677,GO:0003700"
GCF_000599665.1|WP_001196460.1,11,Core,flgC,flagellar basal body rod protein FlgC,,"GO:0071973,GO:0030694"
GCF_000599665.1|WP_001198665.1,1,Singleton,,hypothetical protein,,
GCF_000599665.1|WP_001204037.1,3,Accessory,,hypothetical protein,,
GCF_000599665.1|WP_001204919.1,10,Accessory,bcsE,cellulose biosynthesis c-di-GMP-binding protein BcsE,cyclic-di-GMP binding|0035438||IEA,GO:0035438
GCF_000599665.1|WP_001208077.1,4,Accessory,,MarR family winged helix-turn-helix transcriptional regulator,DNA-binding transcription factor activity|0003700||IEA,"GO:0006355,GO:0003700"
GCF_000599665.1|WP_001209784.1,11,Core,nlpC,C40 family peptidase,"peptidase activity|0008233||IEA,cysteine-type peptidase activity|0008234||IEA,hydrolase activity|0016787||IEA","GO:0000270,GO:0006508,GO:0008233,GO:0008234,GO:0016787"
GCF_000599665.1|WP_001212222.1,9,Accessory,yedA,drug/metabolite exporter YedA,,GO:0016020
GCF_000599665.1|WP_001213584.1,11,Core,yigB,5-amino-6-(5-phospho-D-ribitylamino)uracil phosphatase YigB,,
GCF_000599665.1|WP_001240398.1,11,Core,mlrA,HTH-type transcriptional regulator MlrA,,
GCF_000599665.1|WP_001240537.1,1,Singleton,tssA,type VI secretion system protein TssA,,
GCF_000599665.1|WP_001241878.1,11,Core,cobC,adenosylcobalamin/alpha-ribazole phosphatase,alpha-ribazole phosphatase activity|0043755||IEA,"GO:0009236,GO:0043755"
GCF_000599665.1|WP_001255163.1,11,Core,amiD,N-acetylmuramoyl-L-alanine amidase AmiD,,
GCF_000599665.1|WP_001260323.1,11,Core,ispE,4-(cytidine 5'-diphospho)-2-C-methyl-D-erythritol kinase,4-(cytidine 5'-diphospho)-2-C-methyl-D-erythritol kinase activity|0050515||IEA,"GO:0016114,GO:0050515"
GCF_000599665.1|WP_001269673.1,11,Core,lptE,LPS assembly lipoprotein LptE,,"GO:0043165,GO:0019867"
GCF_000599665.1|WP_001270286.1,11,Core,hicB,type II toxin-antitoxin system antitoxin HicB,,
GCF_000599665.1|WP_001272309.1,11,Core,rsmC,16S rRNA (guanine(1207)-N(2))-methyltransferase RsmC,"nucleic acid binding|0003676||IEA,rRNA (guanine-N2-)-methyltransferase activity|0008990||IEA","GO:0006364,GO:0003676,GO:0008990"
GCF_000599665.1|WP_001274824.1,7,Accessory,,outer membrane protein OmpK,,GO:0009279
GCF_000599665.1|WP_001277954.1,1,Singleton,,DUF5405 family protein,,
GCF_000599665.1|WP_001281116.1,1,Singleton,,hypothetical protein,,
GCF_000599665.1|WP_001282098.1,8,Accessory,fliN,flagellar motor switch protein FliN,cytoskeletal motor activity|0003774||IEA,"GO:0001539,GO:0003774,GO:0009288,GO:0016020"
GCF_000599665.1|WP_001284719.1,1,Singleton,,EscU/YscU/HrcU family type III secretion system export apparatus switch protein,,
GCF_000599665.1|WP_001285362.1,2,Accessory,,AAA family ATPase,,
GCF_000599665.1|WP_001287361.1,1,Singleton,yldA,small membrane protein YldA,,
GCF_000599665.1|WP_001288134.1,11,Core,hycE,formate hydrogenlyase subunit HycE,,
GCF_000599665.1|WP_001288368.1,10,Accessory,yciZ,YciZ family protein,,
GCF_000599665.1|WP_001290321.1,11,Core,lysC,lysine-sensitive aspartokinase 3,aspartate kinase activity|0004072||IEA,"GO:0009089,GO:0004072"
GCF_000599665.1|WP_001295347.1,11,Core,mukE,chromosome partition protein MukE,,"GO:0007059,GO:0030261"
GCF_000599665.1|WP_001295585.1,11,Core,pspD,phage shock protein PspD,,
GCF_000599665.1|WP_001295641.1,8,Accessory,fliM,flagellar motor switch protein FliM,,"GO:0001539,GO:0009288"
GCF_000599665.1|WP_001296421.1,11,Core,,hypothetical protein,,
GCF_000599665.1|WP_001296581.1,11,Core,yieE,4'-phosphopantetheinyl transferase family protein,holo-[acyl-carrier-protein] synthase activity|0008897||IEA,GO:0008897
GCF_000599665.1|WP_001297116.1,11,Core,yciX,protein YciX,,
GCF_000599665.1|WP_001297374.1,10,Accessory,dinD,DNA damage-inducible protein D,,
GCF_000599665.1|WP_001297479.1,11,Core,hflD,high frequency lysogenization protein HflD,,
GCF_000599665.1|WP_001297704.1,8,Accessory,drpB,cell division protein DrpB,,GO:0051301
GCF_000599665.1|WP_001298095.1,11,Core,rimL,50S ribosomal protein L7/L12-serine acetyltransferase,,
GCF_000599665.1|WP_001299090.1,10,Accessory,,KPN_01571 family protein,,
GCF_000599665.1|WP_001299444.1,5,Accessory,ylcJ,protein YlcJ,,
GCF_000599665.1|WP_001299447.1,10,Accessory,intD,integrase,,
GCF_000599665.1|WP_001303586.1,7,Accessory,,hypothetical protein,,
GCF_000599665.1|WP_001305627.1,11,Core,yjiM,double-cubane-cluster-containing anaerobic reductase,,
GCF_000599665.1|WP_001305821.1,1,Singleton,,GhoT/OrtT family toxin,,
GCF_000599665.1|WP_001305965.1,3,Accessory,,polysaccharide biosynthesis/export family protein,polysaccharide transmembrane transporter activity|0015159||IEA,"GO:0015774,GO:0015159,GO:0016020"
GCF_000599665.1|WP_001305988.1,1,Singleton,,iron-siderophore ABC transporter substrate-binding protein,"ATP binding|0005524||IEA,ATPase-coupled transmembrane transporter activity|0042626||IEA,ABC-type transporter activity|0140359||IEA","GO:0015891,GO:0005524,GO:0042626,GO:0140359"
GCF_000599665.1|WP_001306384.1,1,Singleton,,helix-turn-helix domain-containing protein,DNA binding|0003677||IEA,GO:0003677
GCF_000599665.1|WP_001306737.1,8,Accessory,fliZ,flagella biosynthesis regulatory protein FliZ,,
GCF_000599665.1|WP_001307651.1,9,Accessory,ylcG,YlcG family protein,,
GCF_000599665.1|WP_001308680.1,11,Core,ydiL,YdiL family protein,,
GCF_000599665.1|WP_001309280.1,11,Core,,helix-turn-helix domain-containing protein,"DNA-binding transcription factor activity|0003700||IEA,sequence-specific DNA binding|0043565||IEA","GO:0006355,GO:0003700,GO:0043565"
GCF_000599665.1|WP_001309480.1,11,Core,hslJ,heat shock protein HslJ,,
GCF_000599665.1|WP_001309545.1,8,Accessory,ydjH,sugar kinase,carbohydrate kinase activity|0019200||IEA,"GO:0005975,GO:0019200,GO:0005829"
GCF_000599665.1|WP_001312049.1,1,Singleton,,hypothetical protein,,
GCF_000599665.1|WP_001312284.1,11,Core,,RNA-guided endonuclease InsQ/TnpB family protein,"DNA binding|0003677||IEA,endonuclease activity|0004519||IEA,metal ion binding|0046872||IEA","GO:0006310,GO:0032196,GO:0003677,GO:0004519,GO:0046872"
GCF_000599665.1|WP_001312793.1,7,Accessory,sieB,superinfection exclusion B family protein,,
GCF_000599665.1|WP_001314460.1,1,Singleton,,hypothetical protein,,
GCF_000599665.1|WP_001315049.1,11,Core,feoC,[Fe-S]-dependent transcriptional repressor FeoC,,
GCF_000599665.1|WP_001323172.1,10,Accessory,yeeO,toxic metabolite efflux MATE transporter YeeO,,
GCF_000599665.1|WP_001326317.1,1,Singleton,,hypothetical protein,,
GCF_000599665.1|WP_001326849.1,1,Singleton,,late promoter-activating protein,,
GCF_000599665.1|WP_001327900.1,11,Core,puuA,glutamate-putrescine ligase,,
GCF_000599665.1|WP_001328192.1,1,Singleton,shuT,heme ABC transporter substrate-binding protein ShuT,,
GCF_000599665.1|WP_001328199.1,11,Core,aqpZ,aquaporin Z,water channel activity|0015250||IEA,"GO:0006833,GO:0015250"
GCF_000599665.1|WP_001328910.1,11,Core,fau,5-formyltetrahydrofolate cyclo-ligase,,
GCF_000599665.1|WP_001338897.1,11,Core,ypjD,cytochrome C assembly family protein,,GO:0005886
GCF_000599665.1|WP_001339231.1,1,Singleton,,hypothetical protein,,
GCF_000599665.1|WP_001344816.1,7,Accessory,,hypothetical protein,,
GCF_000599665.1|WP_001349921.1,6,Accessory,,C40 family peptidase,"cysteine-type peptidase activity|0008234||IEA,metalloexopeptidase activity|0008235||IEA,zinc ion binding|0008270||IEA","GO:0006508,GO:0008234,GO:0008235,GO:0008270"
GCF_000599665.1|WP_001352098.1,7,Accessory,ydaE,YdaE family protein,,
GCF_000599665.1|WP_001354966.1,11,Core,gspS2,type II secretion system pilot lipoprotein GspS-beta,,
GCF_000599665.1|WP_001357268.1,11,Core,eutJ,ethanolamine utilization protein EutJ,protein binding|0005515||IEA,"GO:0051301,GO:0005515"
GCF_000599665.1|WP_001360974.1,6,Accessory,yghX,YghX family hydrolase,,
GCF_000599665.1|WP_001361632.1,1,Singleton,,hypothetical protein,,
GCF_000599665.1|WP_001364824.1,11,Core,pdeA,bifunctional diguanylate cyclase/phosphodiesterase,"GTP binding|0005525||IEA,metal ion binding|0046872||IEA,diguanylate cyclase activity|0052621||IEA,cyclic-guanylate-specific phosphodiesterase activity|0071111||IEA","GO:0007165,GO:0005525,GO:0046872,GO:0052621,GO:0071111"
GCF_000599665.1|WP_001365039.1,1,Singleton,,host cell division inhibitor Icd-like protein,,
GCF_000599665.1|WP_001370340.1,1,Singleton,,hypothetical protein,,
GCF_000599665.1|WP_001376736.1,10,Accessory,yahE,DUF2877 domain-containing protein,,
GCF_000599665.1|WP_001386991.1,11,Core,pheL,pheA operon leader peptide PheL,,GO:0031556
GCF_000599665.1|WP_001387312.1,1,Singleton,,type I restriction-modification system subunit M,"DNA binding|0003677||IEA,N-methyltransferase activity|0008170||IEA","GO:0003677,GO:0008170"
GCF_000599665.1|WP_001389735.1,1,Singleton,sinH,intimin-like inverse autotransporter SinH,,
GCF_000599665.1|WP_001396581.1,1,Singleton,,hypothetical protein,,
GCF_000599665.1|WP_001445370.1,1,Singleton,,hypothetical protein,,
GCF_000599665.1|WP_001445682.1,11,Core,phoA,alkaline phosphatase,phosphatase activity|0016791||IEA,GO:0016791
GCF_000599665.1|WP_001445779.1,11,Core,yhhY,N-acetyltransferase,N-acetyltransferase activity|0008080||IEA,GO:0008080
GCF_000599665.1|WP_001469293.1,10,Accessory,guaD,guanine deaminase,"zinc ion binding|0008270||IEA,guanine deaminase activity|0008892||IEA","GO:0006147,GO:0008270,GO:0008892"
GCF_000599665.1|WP_001470211.1,1,Singleton,,hypothetical protein,,
GCF_000599665.1|WP_001513324.1,1,Singleton,,hypothetical protein,,
GCF_000599665.1|WP_001513538.1,1,Singleton,,hypothetical protein,,
GCF_000599665.1|WP_001521690.1,1,Singleton,,hypothetical protein,,
GCF_000599665.1|WP_001521714.1,1,Singleton,,ShET2/EspL2 family type III secretion system effector toxin,,
GCF_000599665.1|WP_001521855.1,11,Core,,class I SAM-dependent methyltransferase,"methyltransferase activity|0008168||IEA,S-adenosyl-L-methionine binding|1904047||IEA","GO:0008168,GO:1904047"
GCF_000599665.1|WP_001521869.1,1,Singleton,,hypothetical protein,,
GCF_000599665.1|WP_001521910.1,1,Singleton,,RNA-directed DNA polymerase,,
GCF_000599665.1|WP_001522501.1,1,Singleton,,hypothetical protein,,
GCF_000599665.1|WP_001530548.1,11,Core,gatZ,tagatose-bisphosphate aldolase subunit GatZ,,
GCF_000599665.1|WP_001544317.1,3,Accessory,,hypothetical protein,,
GCF_000599665.1|WP_001550349.1,10,Accessory,yihS,sulfoquinovose isomerase,,
GCF_000599665.1|WP_001550361.1,11,Core,frvA,PTS fructose transporter subunit IIA,,
GCF_000599665.1|WP_001550661.1,1,Singleton,,type IV toxin-antitoxin system AbiEi family antitoxin domain-containing protein,,
GCF_000599665.1|WP_001550750.1,1,Singleton,,YadA family autotransporter adhesin,,
GCF_000599665.1|WP_001551043.1,5,Accessory,racR,DNA-binding transcriptional repressor RacR,DNA-binding transcription repressor activity|0001217||IEA,"GO:2000143,GO:0001217"
GCF_000599665.1|WP_001551044.1,5,Accessory,ydaS,toxin YdaS,,
GCF_000599665.1|WP_001551740.1,11,Core,yheT,hydrolase,hydrolase activity|0016787||IEA,GO:0016787
GCF_000599665.1|WP_001551801.1,11,Core,,hypothetical protein,,
GCF_000599665.1|WP_001558852.1,1,Singleton,glmS,methylaspartate mutase subunit S,methylaspartate mutase activity|0050097||IEA,GO:0050097
GCF_000599665.1|WP_001559743.1,1,Singleton,,hypothetical protein,,
GCF_000599665.1|WP_001577621.1,1,Singleton,dptF,DNA phosphorothioation-dependent restriction protein DptF,,GO:0009307
GCF_000599665.1|WP_001577623.1,1,Singleton,dptG,DNA phosphorothioation-dependent restriction protein DptG,,GO:0009307
GCF_000599665.1|WP_001577624.1,1,Singleton,dptH,DNA phosphorothioation-dependent restriction protein DptH,,GO:0009307
GCF_000599665.1|WP_001577625.1,1,Singleton,dndE,DNA sulfur modification protein DndE,,
GCF_000599665.1|WP_001577626.1,1,Singleton,dndD,DNA sulfur modification protein DndD,,
GCF_000599665.1|WP_001577627.1,1,Singleton,dndC,DNA phosphorothioation system sulfurtransferase DndC,,
GCF_000599665.1|WP_001577629.1,1,Singleton,zorA1,type I Zorya anti-phage system protein ZorA1,,
GCF_000599665.1|WP_001577630.1,1,Singleton,zorB1,type I Zorya anti-phage system protein ZorB1,,GO:0051607
GCF_000599665.1|WP_001577631.1,1,Singleton,zorC,type I Zorya anti-phage system protein ZorC,,GO:0051607
GCF_000599665.1|WP_001577632.1,1,Singleton,zorD,type I Zorya anti-phage system protein ZorD,,GO:0051607
GCF_000599665.1|WP_001577744.1,11,Core,tilS,tRNA lysidine(34) synthetase TilS,"nucleotide binding|0000166||IEA,ATP binding|0005524||IEA,ligase activity%2C forming carbon-nitrogen bonds|0016879||IEA","GO:0008033,GO:0000166,GO:0005524,GO:0016879"
GCF_000599665.1|WP_001578001.1,1,Singleton,glmL,methylaspartate mutase accessory protein GlmL,,
GCF_000599665.1|WP_001578196.1,11,Core,dhaR,dihydroxyacetone kinase operon transcriptional regulator DhaR,"ATP binding|0005524||IEA,transcription factor binding|0008134||IEA,sequence-specific DNA binding|0043565||IEA","GO:0006355,GO:0005524,GO:0008134,GO:0043565"
GCF_000599665.1|WP_001578325.1,11,Core,yddH,flavin reductase family protein,"FMN binding|0010181||IEA,oxidoreductase activity|0016491||IEA","GO:0010181,GO:0016491"
GCF_000599665.1|WP_001578542.1,1,Singleton,,helix-turn-helix domain-containing protein,,
GCF_000599665.1|WP_001578612.1,11,Core,yegU,ADP-ribosylglycohydrolase family protein,,
GCF_000599665.1|WP_001578613.1,11,Core,yegV,carbohydrate kinase family protein,kinase activity|0016301||IEA,"GO:0005975,GO:0016301"
GCF_000599665.1|WP_001586827.1,1,Singleton,,hypothetical protein,,
GCF_000599665.1|WP_001587301.1,6,Accessory,hyfD,hydrogenase 4 subunit HyfD,,
GCF_000599665.1|WP_001589605.1,1,Singleton,,restriction endonuclease subunit S,DNA binding|0003677||IEA,"GO:0006304,GO:0003677"
GCF_000599665.1|WP_001589606.1,1,Singleton,hsdR,EcoAI/FtnUII family type I restriction enzme subunit R,"DNA helicase activity|0003678||IEA,restriction endodeoxyribonuclease activity|0015666||IEA","GO:0009307,GO:0003678,GO:0015666"
GCF_000599665.1|WP_001589927.1,11,Core,bioA,adenosylmethionine--8-amino-7-oxononanoate transaminase,"adenosylmethionine-8-amino-7-oxononanoate transaminase activity|0004015||IEA,pyridoxal phosphate binding|0030170||IEA","GO:0009102,GO:0004015,GO:0030170"
GCF_000599665.1|WP_001590288.1,11,Core,hisC,histidinol-phosphate transaminase,histidinol-phosphate transaminase activity|0004400||IEA,"GO:0000105,GO:0004400"
GCF_000599665.1|WP_001590410.1,1,Singleton,,LysR family transcriptional regulator,"DNA binding|0003677||IEA,DNA-binding transcription factor activity|0003700||IEA","GO:0006355,GO:0003677,GO:0003700"
GCF_000599665.1|WP_001590638.1,11,Core,mocA,molybdenum cofactor cytidylyltransferase,cytidylyltransferase activity|0070567||IEA,"GO:0032324,GO:0070567"
GCF_000599665.1|WP_001592860.1,1,Singleton,chuY,anaerobilin reductase,,
GCF_000599665.1|WP_001599842.1,10,Accessory,rlhA,23S rRNA 5-hydroxycytidine C2501 synthase,,
GCF_000599665.1|WP_001599845.1,11,Core,ydcR,PLP-dependent aminotransferase family protein,pyridoxal phosphate binding|0030170||IEA,GO:0030170
GCF_000599665.1|WP_001600111.1,10,Accessory,gmd,GDP-mannose 4%2C6-dehydratase,GDP-mannose 4%2C6-dehydratase activity|0008446||IEA,"GO:0000271,GO:0019673,GO:0008446"
GCF_000599665.1|WP_001600636.1,11,Core,rbbA,ribosome-associated ATPase/putative transporter RbbA,,
GCF_000599665.1|WP_001600938.1,11,Core,yjiH,nucleoside recognition domain-containing protein,,
GCF_000599665.1|WP_001600939.1,11,Core,kptA,RNA 2'-phosphotransferase,,
GCF_000599665.1|WP_001605366.1,6,Accessory,,phage minor tail protein L,iron-sulfur cluster binding|0051536||IEA,"GO:0046718,GO:0051536,GO:0030430"
GCF_000599665.1|WP_001615627.1,1,Singleton,,hypothetical protein,,
GCF_000599665.1|WP_001672356.1,1,Singleton,,MBL fold metallo-hydrolase,"hydrolase activity|0016787||IEA,metal ion binding|0046872||IEA","GO:0016787,GO:0046872"
GCF_000599665.1|WP_012565075.1,6,Accessory,ydaY,protein YdaY,,
GCF_000599665.1|WP_012767741.1,3,Accessory,,type I toxin-antitoxin system Ibs family toxin,,
GCF_000599665.1|WP_015912547.1,11,Core,ascG,DNA-binding transcriptional regulator AscG,,
GCF_000599665.1|WP_015974270.1,1,Singleton,,hypothetical protein,,
GCF_000599665.1|WP_016236406.1,7,Accessory,,phage tail protein I,structural molecule activity|0005198||IEA,"GO:0016032,GO:0005198,GO:0044423"
GCF_000599665.1|WP_016246567.1,1,Singleton,,hypothetical protein,,
GCF_000599665.1|WP_021521050.1,1,Singleton,,hypothetical protein,,
GCF_000599665.1|WP_021537018.1,6,Accessory,ybcK,recombinase family protein,"DNA strand exchange activity|0000150||IEA,DNA binding|0003677||IEA","GO:0015074,GO:0000150,GO:0003677"
GCF_000599665.1|WP_021540634.1,3,Accessory,,DUF5405 family protein,,
GCF_000599665.1|WP_021547149.1,1,Singleton,,hypothetical protein,,
GCF_000599665.1|WP_021552210.1,1,Singleton,dndB,DNA sulfur modification protein DndB,,
GCF_000599665.1|WP_021561386.1,7,Accessory,gspH,type II secretion system minor pseudopilin GspH,,"GO:0015628,GO:0015627"
GCF_000599665.1|WP_021562286.1,10,Accessory,,GDP-mannose mannosyl hydrolase,,
GCF_000599665.1|WP_021564305.1,11,Core,,multidrug effflux MFS transporter,transmembrane transporter activity|0022857||IEA,"GO:0055085,GO:0022857"
GCF_000599665.1|WP_023062941.1,11,Core,hisIE,bifunctional phosphoribosyl-AMP cyclohydrolase/phosphoribosyl-ATP diphosphatase HisIE,"phosphoribosyl-AMP cyclohydrolase activity|0004635||IEA,phosphoribosyl-ATP diphosphatase activity|0004636||IEA","GO:0000105,GO:0004635,GO:0004636"
GCF_000599665.1|WP_023278421.1,1,Singleton,lysB,Rz-like lysis system protein LysB,,
GCF_000599665.1|WP_023351539.1,1,Singleton,,hypothetical protein,,
GCF_000599665.1|WP_024174129.1,1,Singleton,,hypothetical protein,,
GCF_000599665.1|WP_024187336.1,1,Singleton,,hypothetical protein,,
GCF_000599665.1|WP_024190024.1,11,Core,zraS,two-component system sensor histidine kinase ZraS,phosphorelay sensor kinase activity|0000155||IEA,"GO:0007165,GO:0016310,GO:0000155"
GCF_000599665.1|WP_024191231.1,3,Accessory,,phage tail protein,,
GCF_000599665.1|WP_024229285.1,1,Singleton,,SRPBCC family protein,,
GCF_000599665.1|WP_024230055.1,11,Core,preT,NAD-dependent dihydropyrimidine dehydrogenase subunit PreT,,
GCF_000599665.1|WP_024230068.1,1,Singleton,,hypothetical protein,,
GCF_000599665.1|WP_024230069.1,1,Singleton,,hypothetical protein,,
GCF_000599665.1|WP_025210084.1,1,Singleton,,hypothetical protein,,
GCF_000599665.1|WP_025210085.1,1,Singleton,,bifunctional metallophosphatase/5'-nucleotidase,"nucleotide binding|0000166||IEA,5'-nucleotidase activity|0008253||IEA,phosphoric ester hydrolase activity|0042578||IEA,metal ion binding|0046872||IEA","GO:0009166,GO:0000166,GO:0008253,GO:0042578,GO:0046872"
GCF_000599665.1|WP_025210098.1,1,Singleton,,mannose/fructose/sorbose PTS transporter subunit IIA,phosphotransferase activity%2C alcohol group as acceptor|0016773||IEA,"GO:0008643,GO:0016773,GO:0005737"
GCF_000599665.1|WP_025210099.1,1,Singleton,,sugar-binding transcriptional regulator,"DNA binding|0003677||IEA,carbohydrate binding|0030246||IEA","GO:0006355,GO:0003677,GO:0030246"
GCF_000599665.1|WP_025210115.1,9,Accessory,alsK,allose kinase,carbohydrate kinase activity|0019200||IEA,"GO:0019316,GO:0019200"
GCF_000599665.1|WP_025210130.1,11,Core,rnr,ribonuclease R,RNA nuclease activity|0004540||IEA,"GO:0016070,GO:0004540"
GCF_000599665.1|WP_025210143.1,11,Core,fimD,fimbrial usher FimD,,
GCF_000599665.1|WP_025210149.1,1,Singleton,,pentapeptide repeat-containing protein,,
GCF_000599665.1|WP_025210151.1,11,Core,mdtM,multidrug efflux MFS transporter MdtM,transmembrane transporter activity|0022857||IEA,"GO:0055085,GO:0022857,GO:0016020"
GCF_000599665.1|WP_025210152.1,1,Singleton,,hypothetical protein,,
GCF_000599665.1|WP_025210166.1,1,Singleton,,sulfite exporter TauE/SafE family protein,,GO:0016020
GCF_000599665.1|WP_025210167.1,1,Singleton,,oxidoreductase,,
GCF_000599665.1|WP_025210168.1,1,Singleton,,aldo/keto reductase,oxidoreductase activity|0016491||IEA,GO:0016491
GCF_000599665.1|WP_025210171.1,1,Singleton,,sulfatase family protein,"sulfuric ester hydrolase activity|0008484||IEA,metal ion binding|0046872||IEA","GO:0008484,GO:0046872"
GCF_000599665.1|WP_025210172.1,1,Singleton,,IS1/IS1595 family N-terminal zinc-binding domain-containing protein,"DNA binding|0003677||IEA,transposase activity|0004803||IEA","GO:0006310,GO:0015074,GO:0032196,GO:0003677,GO:0004803"
GCF_000599665.1|WP_025210195.1,10,Accessory,,fimbrial protein,,"GO:0007155,GO:0009289"
GCF_000599665.1|WP_025210203.1,11,Core,lpxB,lipid-A-disaccharide synthase,lipid-A-disaccharide synthase activity|0008915||IEA,"GO:0009245,GO:0008915"
GCF_000599665.1|WP_025210208.1,3,Accessory,tssK,type VI secretion system baseplate subunit TssK,,GO:0033103
GCF_000599665.1|WP_025210209.1,1,Singleton,tssG,type VI secretion system baseplate subunit TssG,,GO:0033103
GCF_000599665.1|WP_025210210.1,1,Singleton,tssF,type VI secretion system baseplate subunit TssF,,GO:0033103
GCF_000599665.1|WP_025210211.1,1,Singleton,tssE,type VI secretion system baseplate subunit TssE,,GO:0033103
GCF_000599665.1|WP_025210216.1,1,Singleton,prfH,peptide chain release factor H,translation release factor activity|0003747||IEA,"GO:0006415,GO:0003747"
GCF_000599665.1|WP_025210218.1,11,Core,,MFS transporter,transmembrane transporter activity|0022857||IEA,"GO:0055085,GO:0022857"
GCF_000599665.1|WP_025210234.1,11,Core,lacZ,beta-galactosidase,,
GCF_000599665.1|WP_025210237.1,11,Core,mhpT,3-(3-hydroxy-phenyl)propionate transporter MhpT,transmembrane transporter activity|0022857||IEA,"GO:0055085,GO:0022857,GO:0016020"
GCF_000599665.1|WP_025210244.1,1,Singleton,,hypothetical protein,,
GCF_000599665.1|WP_025210250.1,1,Singleton,,pentapeptide repeat-containing protein,,
GCF_000599665.1|WP_025210259.1,1,Singleton,,TolC family outer membrane protein,,
GCF_000599665.1|WP_025210260.1,1,Singleton,,type I secretion system permease/ATPase,"ATP binding|0005524||IEA,ATP hydrolysis activity|0016887||IEA,ATPase-coupled lipid transmembrane transporter activity|0034040||IEA,ABC-type transporter activity|0140359||IEA","GO:0030253,GO:0005524,GO:0016887,GO:0034040,GO:0140359,GO:0030256"
GCF_000599665.1|WP_025210261.1,1,Singleton,,hypothetical protein,,
GCF_000599665.1|WP_025210262.1,11,Core,ybbP,putative ABC transporter permease subunit YbbP,,
GCF_000599665.1|WP_025210263.1,11,Core,allW,allantoin transporter,transmembrane transporter activity|0022857||IEA,"GO:0055085,GO:0022857"
GCF_000599665.1|WP_025210269.1,4,Accessory,,hypothetical protein,,
GCF_000599665.1|WP_025210279.1,7,Accessory,nrfB,cyclic di-3'%2C5'-guanylate-activated glycosyltransferase NrfB,,
GCF_000599665.1|WP_025210280.1,1,Singleton,,RHS repeat-associated core domain-containing protein,,
GCF_000599665.1|WP_025210300.1,11,Core,kdpD,two-component system sensor histidine kinase KdpD,phosphorelay sensor kinase activity|0000155||IEA,"GO:0000160,GO:0000155"
GCF_000599665.1|WP_025210311.1,11,Core,,dicarboxylate/amino acid:cation symporter,"symporter activity|0015293||IEA,transmembrane transporter activity|0022857||IEA","GO:0015293,GO:0022857,GO:0016020"
GCF_000599665.1|WP_025210312.1,11,Core,tolA,cell envelope integrity protein TolA,toxin transmembrane transporter activity|0019534||IEA,"GO:0043213,GO:0019534,GO:0016020"
GCF_000599665.1|WP_025210321.1,1,Singleton,,hypothetical protein,,
GCF_000599665.1|WP_025210322.1,1,Singleton,espX2,type III secretion system effector EspX2,,
GCF_000599665.1|WP_025210330.1,11,Core,moeA,molybdopterin molybdotransferase MoeA,,"GO:0006777,GO:0032324"
GCF_000599665.1|WP_025210337.1,10,Accessory,yliI,aldose sugar dehydrogenase YliI,,
GCF_000599665.1|WP_025210366.1,11,Core,yccM,4Fe-4S binding protein,4 iron%2C 4 sulfur cluster binding|0051539||IEA,GO:0051539
GCF_000599665.1|WP_025210372.1,11,Core,agp,bifunctional glucose-1-phosphatase/inositol phosphatase,,
GCF_000599665.1|WP_025210377.1,10,Accessory,ymdA,hypothetical protein,,
GCF_000599665.1|WP_025210401.1,1,Singleton,,hypothetical protein,,
GCF_000599665.1|WP_025210402.1,1,Singleton,,TonB-dependent receptor plug domain-containing protein,channel activity|0015267||IEA,"GO:0015891,GO:0055085,GO:0015267,GO:0009279,GO:0016020"
GCF_000599665.1|WP_025210414.1,1,Singleton,,hypothetical protein,,
GCF_000599665.1|WP_025210416.1,11,Core,acnA,aconitate hydratase AcnA,aconitate hydratase activity|0003994||IEA,"GO:0006099,GO:0003994"
GCF_000599665.1|WP_025210419.1,11,Core,,efflux transporter outer membrane subunit,porin activity|0015288||IEA,"GO:0006810,GO:0015288,GO:0009279"
GCF_000599665.1|WP_025210431.1,1,Singleton,,lytic transglycosylase domain-containing protein,,
GCF_000599665.1|WP_025210432.1,1,Singleton,,bleomycin hydrolase,,
GCF_000599665.1|WP_025210433.1,1,Singleton,,hypothetical protein,,
GCF_000599665.1|WP_025210434.1,1,Singleton,,hypothetical protein,,
GCF_000599665.1|WP_025210438.1,1,Singleton,,hypothetical protein,,
GCF_000599665.1|WP_025210439.1,1,Singleton,,phage protein DarA,,
GCF_000599665.1|WP_025210440.1,1,Singleton,,hypothetical protein,,
GCF_000599665.1|WP_025210441.1,1,Singleton,,hypothetical protein,,
GCF_000599665.1|WP_025210442.1,1,Singleton,,DUF2829 domain-containing protein,,
GCF_000599665.1|WP_025210446.1,1,Singleton,,hypothetical protein,,
GCF_000599665.1|WP_025210448.1,1,Singleton,,EAL domain-containing protein,,
GCF_000599665.1|WP_025210451.1,1,Singleton,,hypothetical protein,,
GCF_000599665.1|WP_025210452.1,1,Singleton,,DUF968 domain-containing protein,,
GCF_000599665.1|WP_025210453.1,2,Accessory,,hypothetical protein,,
GCF_000599665.1|WP_025210454.1,2,Accessory,,type II toxin-antitoxin system death-on-curing family toxin,,
GCF_000599665.1|WP_025210458.1,1,Singleton,,hypothetical protein,,
GCF_000599665.1|WP_025210462.1,1,Singleton,,hypothetical protein,,
GCF_000599665.1|WP_025210464.1,11,Core,rdgC,recombination-associated protein RdgC,,GO:0006310
GCF_000599665.1|WP_025210465.1,1,Singleton,,hypothetical protein,,
GCF_000599665.1|WP_025210466.1,1,Singleton,,hypothetical protein,,
GCF_000599665.1|WP_025210467.1,1,Singleton,,hypothetical protein,,
GCF_000599665.1|WP_025210468.1,1,Singleton,,hypothetical protein,,
GCF_000599665.1|WP_025210470.1,1,Singleton,,hypothetical protein,,
GCF_000599665.1|WP_025210472.1,11,Core,,Ail/Lom family outer membrane beta-barrel protein,,GO:0044384
GCF_000599665.1|WP_025210473.1,1,Singleton,,MarR family transcriptional regulator,"DNA binding|0003677||IEA,DNA-binding transcription factor activity|0003700||IEA","GO:0006355,GO:0003677,GO:0003700"
GCF_000599665.1|WP_025210474.1,1,Singleton,,phage antirepressor KilAC domain-containing protein,DNA binding|0003677||IEA,GO:0003677
GCF_000599665.1|WP_025210476.1,1,Singleton,,phage antirepressor KilAC domain-containing protein,DNA binding|0003677||IEA,GO:0003677
GCF_000599665.1|WP_025210478.1,1,Singleton,,tail fiber domain-containing protein,,"GO:0019062,GO:0046718,GO:0098024"
GCF_000599665.1|WP_025210480.1,11,Core,nifJ,pyruvate:ferredoxin (flavodoxin) oxidoreductase,"iron ion binding|0005506||IEA,oxidoreductase activity%2C acting on the aldehyde or oxo group of donors|0016903||IEA,thiamine pyrophosphate binding|0030976||IEA","GO:0022900,GO:0005506,GO:0016903,GO:0030976"
GCF_000599665.1|WP_025210488.1,3,Accessory,,autotransporter domain-containing protein,,
GCF_000599665.1|WP_025210492.1,11,Core,trg,methyl-accepting chemotaxis protein Trg,,
GCF_000599665.1|WP_025210496.1,1,Singleton,,hypothetical protein,,
GCF_000599665.1|WP_025210497.1,10,Accessory,,alkyl/aryl-sulfatase,"sulfuric ester hydrolase activity|0008484||IEA,metal ion binding|0046872||IEA,protein dimerization activity|0046983||IEA","GO:0008484,GO:0046872,GO:0046983"
GCF_000599665.1|WP_025210504.1,1,Singleton,,carboxymuconolactone decarboxylase family protein,peroxiredoxin activity|0051920||IEA,GO:0051920
GCF_000599665.1|WP_025210505.1,1,Singleton,,putative quinol monooxygenase,"monooxygenase activity|0004497||IEA,oxidoreductase activity|0016491||IEA","GO:0017000,GO:0004497,GO:0016491"
GCF_000599665.1|WP_025210526.1,11,Core,fumC,class II fumarate hydratase,fumarate hydratase activity|0004333||IEA,"GO:0006106,GO:0004333,GO:0045239"
GCF_000599665.1|WP_025210542.1,11,Core,ydiR,electron transfer flavoprotein subunit alpha,,
GCF_000599665.1|WP_025210555.1,11,Core,ynjF,CDP-alcohol phosphatidyltransferase family protein,"magnesium ion binding|0000287||IEA,phosphotransferase activity%2C for other substituted phosphate groups|0016780||IEA","GO:0008654,GO:0000287,GO:0016780,GO:0016020"
GCF_000599665.1|WP_025210557.1,11,Core,topB,DNA topoisomerase III,,
GCF_000599665.1|WP_025210567.1,11,Core,pphA,protein-serine/threonine phosphatase,hydrolase activity|0016787||IEA,GO:0016787
GCF_000599665.1|WP_025210569.1,11,Core,ptrB,oligopeptidase B,,
GCF_000599665.1|WP_025210586.1,8,Accessory,fliF,flagellar basal-body MS-ring/collar protein FliF,structural molecule activity|0005198||IEA,"GO:0001539,GO:0005198,GO:0009431"
GCF_000599665.1|WP_025210595.1,1,Singleton,,tetratricopeptide repeat protein,protein binding|0005515||IEA,GO:0005515
GCF_000599665.1|WP_025210597.1,1,Singleton,,hypothetical protein,,
GCF_000599665.1|WP_025210600.1,11,Core,cobT,nicotinate-nucleotide--dimethylbenzimidazole phosphoribosyltransferase,nicotinate-nucleotide-dimethylbenzimidazole phosphoribosyltransferase activity|0008939||IEA,"GO:0009236,GO:0008939"
GCF_000599665.1|WP_025210605.1,11,Core,hisD,histidinol dehydrogenase,"histidinol dehydrogenase activity|0004399||IEA,metal ion binding|0046872||IEA,NAD binding|0051287||IEA","GO:0000105,GO:0004399,GO:0046872,GO:0051287"
GCF_000599665.1|WP_025210607.1,10,Accessory,ugd,UDP-glucose 6-dehydrogenase,UDP-glucose 6-dehydrogenase activity|0003979||IEA,"GO:0000271,GO:0003979"
GCF_000599665.1|WP_025210608.1,1,Singleton,,phosphomannomutase,,
GCF_000599665.1|WP_025210609.1,1,Singleton,,glycosyltransferase family 2 protein,glycosyltransferase activity|0016757||IEA,"GO:0006486,GO:0016757"
GCF_000599665.1|WP_025210615.1,1,Singleton,,hypothetical protein,,
GCF_000599665.1|WP_025210616.1,4,Accessory,,flippase,flippase activity|0140327||IEA,"GO:0140327,GO:0016020"
GCF_000599665.1|WP_025210622.1,10,Accessory,wzxC,colanic acid undecaprenyl disphosphate flippase WzxC,,
GCF_000599665.1|WP_025210627.1,10,Accessory,wcaC,colanic acid biosynthesis glycosyltransferase WcaC,glycosyltransferase activity|0016757||IEA,GO:0016757
GCF_000599665.1|WP_025210629.1,11,Core,wzc,tyrosine-protein kinase Wzc,,"GO:0009103,GO:0016020"
GCF_000599665.1|WP_025210630.1,11,Core,asmA,outer membrane assembly protein AsmA,,
GCF_000599665.1|WP_025210632.1,11,Core,alkA,DNA-3-methyladenine glycosylase 2,catalytic activity|0003824||IEA,"GO:0006281,GO:0003824"
GCF_000599665.1|WP_025210637.1,11,Core,mdtB,multidrug efflux RND transporter permease subunit MdtB,,
GCF_000599665.1|WP_025210640.1,2,Accessory,,phage tail protein,,
GCF_000599665.1|WP_025210641.1,1,Singleton,,phage tail tape measure protein,structural molecule activity|0005198||IEA,"GO:0016032,GO:0005198"
GCF_000599665.1|WP_025210643.1,1,Singleton,,hypothetical protein,,
GCF_000599665.1|WP_025210646.1,7,Accessory,,baseplate assembly protein,,
GCF_000599665.1|WP_025210649.1,1,Singleton,,adenylate/guanylate cyclase domain-containing protein,"nucleotide binding|0000166||IEA,cyclase activity|0009975||IEA,nucleotidyltransferase activity|0016779||IEA,lyase activity|0016829||IEA,metal ion binding|0046872||IEA","GO:0007165,GO:0009190,GO:0035556,GO:0000166,GO:0009975,GO:0016779,GO:0016829,GO:0046872"
GCF_000599665.1|WP_025210650.1,1,Singleton,,Pycsar system effector family protein,,
GCF_000599665.1|WP_025210653.1,1,Singleton,,DNZ54_00345 family protein,,
GCF_000599665.1|WP_025210657.1,1,Singleton,,replication endonuclease,endonuclease activity|0004519||IEA,"GO:0006260,GO:0004519"
GCF_000599665.1|WP_025210663.1,10,Accessory,yehI,DUF4132 domain-containing protein YehI,,
GCF_000599665.1|WP_025210671.1,1,Singleton,gtdA,gentisate 1%2C2-dioxygenase,gentisate 1%2C2-dioxygenase activity|0047922||IEA,GO:0047922
GCF_000599665.1|WP_025210672.1,1,Singleton,,LysR substrate-binding domain-containing protein,,
GCF_000599665.1|WP_025210674.1,11,Core,preA,NAD-dependent dihydropyrimidine dehydrogenase subunit PreA,dihydropyrimidine dehydrogenase (NADP+) activity|0017113||IEA,"GO:0006210,GO:0006212,GO:0017113"
GCF_000599665.1|WP_025210685.1,11,Core,pdeN,cyclic di-GMP phosphodiesterase,,
GCF_000599665.1|WP_025210697.1,11,Core,yfaQ,YfaQ family protein,,
GCF_000599665.1|WP_025210716.1,11,Core,mnmC,bifunctional tRNA (5-methylaminomethyl-2-thiouridine)(34)-methyltransferase MnmD/FAD-dependent 5-carboxymethylaminomethyl-2-thiouridine(34) oxidoreductase MnmC,"tRNA (5-methylaminomethyl-2-thiouridylate)(34)-methyltransferase activity|0004808||IEA,oxidoreductase activity|0016491||IEA","GO:0008033,GO:0004808,GO:0016491"
GCF_000599665.1|WP_025210724.1,1,Singleton,,phage head-binding domain-containing protein,,
GCF_000599665.1|WP_025210731.1,11,Core,ptsP,phosphoenolpyruvate--protein phosphotransferase,phosphoenolpyruvate-protein phosphotransferase activity|0008965||IEA,"GO:0009401,GO:0008965"
GCF_000599665.1|WP_025210742.1,8,Accessory,hyfF,hydrogenase 4 subunit F,,
GCF_000599665.1|WP_025210747.1,11,Core,yfhM,alpha2-macroglobulin,,
GCF_000599665.1|WP_025210791.1,1,Singleton,,hypothetical protein,,
GCF_000599665.1|WP_025210797.1,4,Accessory,cas6e,type I-E CRISPR-associated protein Cas6/Cse3/CasE,,GO:0043571
GCF_000599665.1|WP_025210812.1,11,Core,csdA,cysteine desulfurase CsdA,"pyridoxal phosphate binding|0030170||IEA,cysteine desulfurase activity|0031071||IEA","GO:0006534,GO:0016226,GO:0030170,GO:0031071"
GCF_000599665.1|WP_025210816.1,11,Core,ygdB,DUF2509 family protein,,
GCF_000599665.1|WP_025210827.1,11,Core,,EscV/YscV/HrcV family type III secretion system export apparatus protein,,
GCF_000599665.1|WP_025210828.1,1,Singleton,,YopN/LcrE/InvE/MxiC type III secretion system gatekeeper,,
GCF_000599665.1|WP_025210830.1,1,Singleton,,helix-turn-helix domain-containing protein,"DNA-binding transcription factor activity|0003700||IEA,sequence-specific DNA binding|0043565||IEA","GO:0006355,GO:0003700,GO:0043565"
GCF_000599665.1|WP_025210847.1,1,Singleton,,prohibitin family protein,,"GO:0005743,GO:0016020,GO:0035632"
GCF_000599665.1|WP_025210877.1,1,Singleton,,MurR/RpiR family transcriptional regulator,"DNA binding|0003677||IEA,DNA-binding transcription factor activity|0003700||IEA","GO:0006355,GO:0003677,GO:0003700"
GCF_000599665.1|WP_025210878.1,1,Singleton,,TonB-dependent siderophore receptor,"channel activity|0015267||IEA,metal ion binding|0046872||IEA","GO:0015891,GO:0055085,GO:0015267,GO:0046872,GO:0009279,GO:0016020"
GCF_000599665.1|WP_025210879.1,1,Singleton,,aryl-sulfate sulfotransferase,,
GCF_000599665.1|WP_025210892.1,11,Core,nagA,N-acetylglucosamine-6-phosphate deacetylase,N-acetylglucosamine-6-phosphate deacetylase activity|0008448||IEA,"GO:0006044,GO:0008448"
GCF_000599665.1|WP_025210900.1,11,Core,zapE,cell division protein ZapE,"ATP binding|0005524||IEA,ATP hydrolysis activity|0016887||IEA","GO:0051301,GO:0005524,GO:0016887"
GCF_000599665.1|WP_025210903.1,11,Core,yhdN,DUF1992 domain-containing protein,,
GCF_000599665.1|WP_025210910.1,9,Accessory,yhfS,aminotransferase class I/II-fold pyridoxal phosphate-dependent enzyme,pyridoxal phosphate binding|0030170||IEA,"GO:0009058,GO:0030170"
GCF_000599665.1|WP_025210912.1,11,Core,php,phosphotriesterase-related protein,,
GCF_000599665.1|WP_025210923.1,11,Core,malP,maltodextrin phosphorylase,"glycogen phosphorylase activity|0008184||IEA,pyridoxal phosphate binding|0030170||IEA","GO:0005975,GO:0008184,GO:0030170"
GCF_000599665.1|WP_025210925.1,1,Singleton,,fimbrial protein,,"GO:0007155,GO:0009289"
GCF_000599665.1|WP_025210929.1,1,Singleton,,fimbrial protein,,"GO:0007155,GO:0009289"
GCF_000599665.1|WP_025210940.1,11,Core,ftsY,signal recognition particle-docking protein FtsY,"GTPase activity|0003924||IEA,signal recognition particle binding|0005047||IEA","GO:0006614,GO:0009306,GO:0003924,GO:0005047"
GCF_000599665.1|WP_025210952.1,1,Singleton,chuS,hematinate-forming heme oxygenase ChuS,,
GCF_000599665.1|WP_025210953.1,1,Singleton,hutW,heme anaerobic degradation radical SAM methyltransferase ChuW/HutW,"catalytic activity|0003824||IEA,iron-sulfur cluster binding|0051536||IEA","GO:0003824,GO:0051536"
GCF_000599665.1|WP_025210981.1,1,Singleton,,Fic family protein,"magnesium ion binding|0000287||IEA,ATP binding|0005524||IEA,protein homodimerization activity|0042803||IEA","GO:0000287,GO:0005524,GO:0042803"
GCF_000599665.1|WP_025210990.1,10,Accessory,,glycosyltransferase family 8 protein,glycosyltransferase activity|0016757||IEA,"GO:0006486,GO:0016757"
GCF_000599665.1|WP_025210992.1,11,Core,mutM,bifunctional DNA-formamidopyrimidine glycosylase/DNA-(apurinic or apyrimidinic site) lyase,"nucleic acid binding|0003676||IEA,damaged DNA binding|0003684||IEA,DNA-(apurinic or apyrimidinic site) endonuclease activity|0003906||IEA,zinc ion binding|0008270||IEA,oxidized purine nucleobase lesion DNA N-glycosylase activity|0008534||IEA,hydrolase activity%2C hydrolyzing N-glycosyl compounds|0016799||IEA,DNA N-glycosylase activity|0019104||IEA","GO:0006281,GO:0006284,GO:0003676,GO:0003684,GO:0003906,GO:0008270,GO:0008534,GO:0016799,GO:0019104"
GCF_000599665.1|WP_025210998.1,9,Accessory,yidL,helix-turn-helix transcriptional regulator,"DNA-binding transcription factor activity|0003700||IEA,sequence-specific DNA binding|0043565||IEA","GO:0006355,GO:0003700,GO:0043565"
GCF_000599665.1|WP_025211001.1,11,Core,dgoK,2-dehydro-3-deoxygalactonokinase,,
GCF_000599665.1|WP_025211018.1,6,Accessory,aslA,arylsulfatase AslA,,
GCF_000599665.1|WP_025211020.1,11,Core,yigE,phosphodiester glycosidase family protein,hydrolase activity%2C hydrolyzing O-glycosyl compounds|0004553||IEA,"GO:0005975,GO:0004553"
GCF_000599665.1|WP_025211025.1,1,Singleton,tssD,type VI secretion system tube protein TssD,,
GCF_000599665.1|WP_025211033.1,1,Singleton,,type 4 pilus major pilin,,
GCF_000599665.1|WP_025211034.1,1,Singleton,,prepilin peptidase,aspartic-type endopeptidase activity|0004190||IEA,"GO:0004190,GO:0016020"
GCF_000599665.1|WP_025211037.1,1,Singleton,,tyrosine-type recombinase/integrase,DNA binding|0003677||IEA,"GO:0006310,GO:0015074,GO:0003677"
GCF_000599665.1|WP_025234902.1,1,Singleton,,hypothetical protein,,
GCF_000599665.1|WP_025234903.1,1,Singleton,,hypothetical protein,,
GCF_000599665.1|WP_025234904.1,1,Singleton,,hypothetical protein,,
GCF_000599665.1|WP_025234907.1,1,Singleton,,N-6 DNA methylase,"DNA binding|0003677||IEA,N-methyltransferase activity|0008170||IEA","GO:0003677,GO:0008170"
GCF_000599665.1|WP_025234908.1,1,Singleton,,hypothetical protein,,
GCF_000599665.1|WP_025234909.1,1,Singleton,,hypothetical protein,,
GCF_000599665.1|WP_025234917.1,1,Singleton,,glycosyltransferase,,
GCF_000599665.1|WP_025234918.1,1,Singleton,,hypothetical protein,,
GCF_000599665.1|WP_025234919.1,1,Singleton,,glycosyltransferase,,
GCF_000599665.1|WP_025234920.1,1,Singleton,,hypothetical protein,,
GCF_000599665.1|WP_025234922.1,1,Singleton,,phage tail protein,,
GCF_000599665.1|WP_025234929.1,1,Singleton,,hypothetical protein,,
GCF_000599665.1|WP_025234931.1,1,Singleton,,type II secretion system F family protein,,
GCF_000599665.1|WP_025234933.1,1,Singleton,,hypothetical protein,,
GCF_000599665.1|WP_025234936.1,1,Singleton,,ATPase%2C T2SS/T4P/T4SS family,,
GCF_000599665.1|WP_025234941.1,1,Singleton,,hypothetical protein,,
GCF_000599665.1|WP_025234945.1,1,Singleton,pilV,shufflon system plasmid conjugative transfer pilus tip adhesin PilV,,
GCF_000599665.1|WP_025234949.1,1,Singleton,pilM,type IV pilus biogenesis protein PilM,,
GCF_000599665.1|WP_025234950.1,3,Accessory,,PilN family type IVB pilus formation outer membrane protein,,"GO:0009297,GO:0009306,GO:0019867"
GCF_000599665.1|WP_025234951.1,1,Singleton,pilO2,type 4b pilus protein PilO2,,
GCF_000599665.1|WP_032157445.1,1,Singleton,,hypothetical protein,,
GCF_000599665.1|WP_032158978.1,1,Singleton,,hypothetical protein,,
GCF_000599665.1|WP_038428171.1,1,Singleton,iatD,inverse autotransporter IatD,,
GCF_000599665.1|WP_038428175.1,11,Core,malZ,maltodextrin glucosidase,alpha-1%2C4-glucosidase activity|0004558||IEA,"GO:0005975,GO:0004558"
GCF_000599665.1|WP_038428298.1,10,Accessory,pphC,protein-serine/threonine phosphatase PphC,,
GCF_000599665.1|WP_038428309.1,2,Accessory,,regulatory phage cox family protein,,
GCF_000599665.1|WP_038428487.1,1,Singleton,,transglycosylase SLT domain-containing protein,,
GCF_000599665.1|WP_038428612.1,1,Singleton,,hypothetical protein,,
GCF_000599665.1|WP_038430334.1,1,Singleton,traF,conjugal transfer protein TraF,,
GCF_000599665.1|WP_051529561.1,1,Singleton,pilP,type IV pilus biogenesis protein PilP,,GO:0009297
GCF_000599665.1|WP_064734313.1,1,Singleton,,hypothetical protein,,
GCF_000599665.1|WP_071527722.1,1,Singleton,,ash family protein,,
GCF_000599665.1|WP_071847127.1,11,Core,yggR,PilT/PilU family type 4a pilus ATPase,ATP binding|0005524||IEA,"GO:0043107,GO:0005524"
GCF_000599665.1|WP_071847130.1,1,Singleton,yidD,membrane protein insertion efficiency factor YidD,,
GCF_000599665.1|WP_071849748.1,1,Singleton,,host cell division inhibitor Icd-like protein,,
GCF_000599665.1|WP_072132081.1,9,Accessory,,hypothetical protein,,
GCF_000599665.1|WP_074397957.1,11,Core,yghS,dTMP kinase,"dTMP kinase activity|0004798||IEA,ATP binding|0005524||IEA","GO:0006233,GO:0006235,GO:0016310,GO:0004798,GO:0005524"
GCF_000599665.1|WP_077768583.1,1,Singleton,,DUF4387 family protein,,
GCF_000599665.1|WP_077768612.1,8,Accessory,dgcQ,cellulose biosynthesis regulator diguanylate cyclase DgcQ,,
GCF_000599665.1|WP_077768616.1,11,Core,ccmA,cytochrome c biogenesis heme-transporting ATPase CcmA,"ATP binding|0005524||IEA,transmembrane transporter activity|0022857||IEA","GO:0017004,GO:0005524,GO:0022857"
GCF_000599665.1|WP_089642612.1,1,Singleton,,IS3 family transposase,transposase activity|0004803||IEA,GO:0004803
GCF_000599665.1|WP_106359433.1,1,Singleton,,GmrSD restriction endonuclease domain-containing protein,,
GCF_000599665.1|WP_120795376.1,10,Accessory,,protein YkiD,,
GCF_000599665.1|WP_122987222.1,1,Singleton,,type III secretion system needle length determinant%2C SpaN/EivJ family,,
GCF_000599665.1|WP_128971871.1,1,Singleton,,TcpQ domain-containing protein,,
GCF_000599665.1|WP_144318948.1,1,Singleton,,hypothetical protein,,
GCF_000599665.1|WP_144318950.1,8,Accessory,,Ig-like domain-containing protein,,
GCF_000599665.1|WP_144318951.1,1,Singleton,,acyltransferase family protein,acyltransferase activity%2C transferring groups other than amino-acyl groups|0016747||IEA,GO:0016747
GCF_000599665.1|WP_144318952.1,1,Singleton,,response regulator,,GO:0000160
GCF_000599665.1|WP_144318953.1,1,Singleton,,hypothetical protein,,
GCF_000599665.1|WP_158413074.1,11,Core,,lipopolysaccharide core heptose(II)-phosphate phosphatase,,
GCF_000599665.1|WP_158413075.1,1,Singleton,,hypothetical protein,,
GCF_000599665.1|WP_162149578.1,1,Singleton,,hypothetical protein,,
GCF_000599665.1|WP_162829205.1,3,Accessory,,hypothetical protein,,
GCF_000599665.1|WP_170998677.1,1,Singleton,,hypothetical protein,,
GCF_000599665.1|WP_198290423.1,1,Singleton,,ester cyclase,,GO:0030638
GCF_000599665.1|WP_200869267.1,1,Singleton,,hypothetical protein,,
GCF_000599665.1|WP_205412756.1,1,Singleton,,ash family protein,,
GCF_000599665.1|WP_223362157.1,1,Singleton,,DUF4942 domain-containing protein,,
GCF_000599665.1|WP_227534285.1,1,Singleton,,CatB-related O-acetyltransferase,acyltransferase activity|0016746||IEA,"GO:0046677,GO:0016746"
GCF_000599665.1|WP_228336805.1,1,Singleton,lysC,Rz1-like lysis system protein LysC,,
GCF_000599665.1|WP_244440552.1,1,Singleton,,prepilin peptidase,aspartic-type endopeptidase activity|0004190||IEA,"GO:0004190,GO:0016020"
GCF_000599665.1|WP_244440553.1,1,Singleton,,adenylate/guanylate cyclase domain-containing protein,"nucleotide binding|0000166||IEA,cyclase activity|0009975||IEA,nucleotidyltransferase activity|0016779||IEA,lyase activity|0016829||IEA,metal ion binding|0046872||IEA","GO:0007165,GO:0009190,GO:0035556,GO:0000166,GO:0009975,GO:0016779,GO:0016829,GO:0046872"
GCF_000599665.1|WP_244440555.1,1,Singleton,,type 4 pilus major pilin,,
GCF_000599665.1|WP_244440556.1,1,Singleton,,hypothetical protein,,
GCF_000599665.1|WP_244440558.1,1,Singleton,,hypothetical protein,,
GCF_000599665.1|WP_244440559.1,1,Singleton,,hypothetical protein,,
GCF_000599665.1|WP_244440560.1,1,Singleton,,type 4 pilus major pilin,,
GCF_000599665.1|WP_244440561.1,1,Singleton,,hypothetical protein,,
GCF_000599665.1|WP_244440562.1,1,Singleton,,hypothetical protein,,
GCF_000599665.1|WP_244440563.1,1,Singleton,,laccase domain-containing protein,,
GCF_000599665.1|WP_244440564.1,1,Singleton,,laccase domain-containing protein,,
GCF_000599665.1|WP_244440565.1,1,Singleton,,hypothetical protein,,
GCF_000599665.1|WP_244440568.1,1,Singleton,,phage tail protein,,
GCF_000599665.1|WP_244440575.1,1,Singleton,,transposase,,
GCF_000599665.1|WP_263855729.1,1,Singleton,,hypothetical protein,,
GCF_000599665.1|WP_280113839.1,1,Singleton,,hypothetical protein,,
GCF_000599665.1|WP_280113840.1,1,Singleton,,winged helix-turn-helix domain-containing protein,DNA binding|0003677||IEA,"GO:0000160,GO:0006355,GO:0003677"
GCF_000599665.1|WP_280113841.1,1,Singleton,,hypothetical protein,,
GCF_000599665.1|WP_280113842.1,1,Singleton,traF,conjugal transfer protein TraF,,
GCF_000599665.1|WP_348270232.1,1,Singleton,,hypothetical protein,,
GCF_000599665.1|WP_348270360.1,1,Singleton,,hypothetical protein,,
GCF_000599665.1|WP_416259109.1,1,Singleton,,phage head spike fiber domain-containing protein,,
GCF_000599665.1|WP_418134935.1,4,Accessory,,hypothetical protein,,
GCF_000599665.1|WP_419471448.1,10,Accessory,,hypothetical protein,,
GCF_000599665.1|WP_432263849.1,1,Singleton,,hypothetical protein,,
GCF_000599665.1|WP_432263850.1,1,Singleton,,hypothetical protein,,
GCF_000599665.1|WP_432263851.1,1,Singleton,,fimbrial protein,,"GO:0007155,GO:0009289"
GCF_000801165.1|WP_000003178.1,11,Core,yegL,vWA domain-containing protein,,
GCF_000801165.1|WP_000004565.1,1,Singleton,,TnsA endonuclease N-terminal domain-containing protein,,
GCF_000801165.1|WP_000006334.1,2,Accessory,,DcrB-related protein,,
GCF_000801165.1|WP_000035654.1,11,Core,polB,DNA polymerase II,"DNA binding|0003677||IEA,DNA-directed DNA polymerase activity|0003887||IEA","GO:0003677,GO:0003887"
GCF_000801165.1|WP_000043694.1,11,Core,dgcE,diguanylate cyclase,protein binding|0005515||IEA,GO:0005515
GCF_000801165.1|WP_000047091.1,11,Core,mtgA,monofunctional biosynthetic peptidoglycan transglycosylase,pentosyltransferase activity|0016763||IEA,"GO:0009252,GO:0016763,GO:0009274,GO:0016020"
GCF_000801165.1|WP_000047424.1,11,Core,ydcS,putative ABC transporter substrate-binding protein YdcS,,
GCF_000801165.1|WP_000054239.1,11,Core,nanE,N-acetylmannosamine-6-phosphate 2-epimerase,N-acylglucosamine-6-phosphate 2-epimerase activity|0047465||IEA,"GO:0005975,GO:0006051,GO:0019262,GO:0047465"
GCF_000801165.1|WP_000060558.1,5,Accessory,,invasion protein,,
GCF_000801165.1|WP_000069229.1,11,Core,puuE,4-aminobutyrate transaminase,,GO:0009448
GCF_000801165.1|WP_000076670.1,1,Singleton,,hypothetical protein,,
GCF_000801165.1|WP_000077018.1,11,Core,ftsK,DNA translocase FtsK,"DNA binding|0003677||IEA,ATP binding|0005524||IEA","GO:0003677,GO:0005524"
GCF_000801165.1|WP_000079722.1,9,Accessory,,FliC/FljB family flagellin,,
GCF_000801165.1|WP_000079941.1,1,Singleton,yacA,type II toxin-antitoxin system antitoxin YacA,,
GCF_000801165.1|WP_000085068.1,4,Accessory,cas5e,type I-E CRISPR-associated protein Cas5/CasD,RNA binding|0003723||IEA,"GO:0043571,GO:0051607,GO:0003723"
GCF_000801165.1|WP_000092782.1,10,Accessory,,DUF1482 family protein,,
GCF_000801165.1|WP_000097480.1,3,Accessory,pduB,propanediol utilization microcompartment protein PduB,structural molecule activity|0005198||IEA,"GO:0005198,GO:0031469"
GCF_000801165.1|WP_000100276.1,4,Accessory,,permease,,GO:0005886
GCF_000801165.1|WP_000102794.1,8,Accessory,ygeG,tetratricopeptide repeat protein,,
GCF_000801165.1|WP_000117616.1,1,Singleton,,antirestriction protein ArdA,,
GCF_000801165.1|WP_000121319.1,10,Accessory,paoD,molybdenum cofactor insertion chaperone PaoD,,
GCF_000801165.1|WP_000122462.1,11,Core,ymgI,protein YmgI,,
GCF_000801165.1|WP_000123273.1,6,Accessory,,S49 family peptidase,"peptidase activity|0008233||IEA,serine-type peptidase activity|0008236||IEA","GO:0006508,GO:0008233,GO:0008236"
GCF_000801165.1|WP_000124306.1,3,Accessory,,ECF transporter S component,transmembrane transporter activity|0022857||IEA,GO:0022857
GCF_000801165.1|WP_000125990.1,2,Accessory,,head-tail connector protein,,GO:0016032
GCF_000801165.1|WP_000131874.1,1,Singleton,,TIGR02594 family protein,,
GCF_000801165.1|WP_000139447.1,1,Singleton,,replication protein P,,GO:0006270
GCF_000801165.1|WP_000142780.1,3,Accessory,,DUF1378 family protein,,
GCF_000801165.1|WP_000145212.1,1,Singleton,,hypothetical protein,,
GCF_000801165.1|WP_000148286.1,1,Singleton,,helix-turn-helix transcriptional regulator,,
GCF_000801165.1|WP_000149544.1,5,Accessory,,DUF1317 domain-containing protein,,
GCF_000801165.1|WP_000173474.1,11,Core,purT,formate-dependent phosphoribosylglycinamide formyltransferase,"magnesium ion binding|0000287||IEA,phosphoribosylglycinamide formyltransferase activity|0004644||IEA,ATP binding|0005524||IEA","GO:0009152,GO:0000287,GO:0004644,GO:0005524"
GCF_000801165.1|WP_000184091.1,8,Accessory,ygeI,protein YgeI,,
GCF_000801165.1|WP_000192614.1,1,Singleton,,hypothetical protein,,
GCF_000801165.1|WP_000193070.1,9,Accessory,cbrC,PF03691 family colicin E2 tolerance protein CbrC,,GO:0030153
GCF_000801165.1|WP_000193113.1,3,Accessory,dgaE,D-glucosaminate-6-phosphate ammonia lyase,lyase activity|0016829||IEA,GO:0016829
GCF_000801165.1|WP_000194574.1,2,Accessory,,hypothetical protein,,
GCF_000801165.1|WP_000206440.1,9,Accessory,cas7e,type I-E CRISPR-associated protein Cas7/Cse4/CasC,,GO:0043571
GCF_000801165.1|WP_000209866.1,11,Core,torD,molecular chaperone TorD,,GO:0051259
GCF_000801165.1|WP_000211758.1,11,Core,gudX,enolase C-terminal domain-like protein,,
GCF_000801165.1|WP_000212693.1,3,Accessory,,zeta toxin family protein,"ATP binding|0005524||IEA,kinase activity|0016301||IEA","GO:0005524,GO:0016301"
GCF_000801165.1|WP_000214203.1,3,Accessory,,PTS sugar transporter subunit IIA,,"GO:0008643,GO:0009401,GO:0016310,GO:1902495"
GCF_000801165.1|WP_000218849.1,1,Singleton,,hypothetical protein,,
GCF_000801165.1|WP_000224749.1,1,Singleton,,ImmA/IrrE family metallo-endopeptidase,,
GCF_000801165.1|WP_000225866.1,4,Accessory,,fimbria/pilus periplasmic chaperone,,"GO:0071555,GO:0030288"
GCF_000801165.1|WP_000239874.1,4,Accessory,,class I SAM-dependent methyltransferase,"methyltransferase activity|0008168||IEA,S-adenosylmethionine-dependent methyltransferase activity|0008757||IEA,S-adenosyl-L-methionine binding|1904047||IEA","GO:0032259,GO:0008168,GO:0008757,GO:1904047"
GCF_000801165.1|WP_000264909.1,2,Accessory,,hypothetical protein,,
GCF_000801165.1|WP_000273163.1,1,Singleton,,DUF4224 domain-containing protein,,
GCF_000801165.1|WP_000279528.1,10,Accessory,bcsQ,cellulose biosynthesis protein BcsQ,,
GCF_000801165.1|WP_000334099.1,11,Core,glmS,glutamine--fructose-6-phosphate transaminase (isomerizing),glutamine-fructose-6-phosphate transaminase (isomerizing) activity|0004360||IEA,"GO:1901137,GO:0004360"
GCF_000801165.1|WP_000339065.1,10,Accessory,atoA,acetate CoA-transferase subunit beta,,
GCF_000801165.1|WP_000339945.1,11,Core,rpnC,recombination-promoting nuclease RpnC,,
GCF_000801165.1|WP_000340167.1,4,Accessory,,prepilin peptidase,aspartic-type endopeptidase activity|0004190||IEA,"GO:0004190,GO:0016020"
GCF_000801165.1|WP_000356397.1,3,Accessory,nadS,NadS family protein,,
GCF_000801165.1|WP_000359463.1,11,Core,pepT,peptidase T,"zinc ion binding|0008270||IEA,tripeptide aminopeptidase activity|0045148||IEA","GO:0006508,GO:0008270,GO:0045148"
GCF_000801165.1|WP_000362702.1,7,Accessory,ygeH,HilA family transcriptional regulator YgeH,,
GCF_000801165.1|WP_000370823.1,11,Core,yhgE,DUF4153 domain-containing protein,,
GCF_000801165.1|WP_000380263.1,3,Accessory,,PTS mannose/fructose/sorbose/N-acetylgalactosamine transporter subunit IIC,,
GCF_000801165.1|WP_000380839.1,7,Accessory,yihQ,sulfoquinovosidase,,
GCF_000801165.1|WP_000382183.1,11,Core,,MFS transporter,transmembrane transporter activity|0022857||IEA,"GO:0055085,GO:0022857"
GCF_000801165.1|WP_000384411.1,11,Core,hscB,co-chaperone HscB,protein-folding chaperone binding|0051087||IEA,"GO:0051604,GO:0051087"
GCF_000801165.1|WP_000387403.1,1,Singleton,,helix-turn-helix transcriptional regulator,"DNA binding|0003677||IEA,DNA-binding transcription factor activity|0003700||IEA","GO:0006355,GO:0003677,GO:0003700"
GCF_000801165.1|WP_000399122.1,11,Core,kefB,glutathione-regulated potassium-efflux system protein KefB,glutathione-regulated potassium exporter activity|0015503||IEA,"GO:0006813,GO:0015503"
GCF_000801165.1|WP_000405039.1,3,Accessory,,propanediol/glycerol family dehydratase medium subunit,,
GCF_000801165.1|WP_000421260.1,1,Singleton,,type II toxin-antitoxin system RelE/ParE family toxin,toxin activity|0090729||IEA,"GO:0090729,GO:0110001"
GCF_000801165.1|WP_000422045.1,11,Core,sohB,protease SohB,peptidase activity|0008233||IEA,"GO:0006508,GO:0008233"
GCF_000801165.1|WP_000431860.1,9,Accessory,ynbC,bifunctional alpha/beta hydrolase/class I SAM-dependent methyltransferase,"methyltransferase activity|0008168||IEA,hydrolase activity|0016787||IEA,S-adenosyl-L-methionine binding|1904047||IEA","GO:0008168,GO:0016787,GO:1904047"
GCF_000801165.1|WP_000440466.1,11,Core,chbG,chitin disaccharide deacetylase,hydrolase activity%2C acting on carbon-nitrogen (but not peptide) bonds%2C in linear amides|0016811||IEA,"GO:0000272,GO:0016811"
GCF_000801165.1|WP_000444000.1,3,Accessory,,glycerol dehydratase reactivase beta/small subunit family protein,,
GCF_000801165.1|WP_000444666.1,1,Singleton,,phage tail assembly protein,,GO:0098003
GCF_000801165.1|WP_000446151.1,2,Accessory,,phage polarity suppression protein,,
GCF_000801165.1|WP_000447335.1,11,Core,,sugar ABC transporter ATP-binding protein,"ATP binding|0005524||IEA,ATP hydrolysis activity|0016887||IEA,ATPase-coupled transmembrane transporter activity|0042626||IEA,ABC-type transporter activity|0140359||IEA","GO:0005524,GO:0016887,GO:0042626,GO:0140359"
GCF_000801165.1|WP_000450524.1,3,Accessory,vapB,toxin-antitoxin system antitoxin VapB,,
GCF_000801165.1|WP_000476143.1,9,Accessory,ydbD,DUF2773 domain-containing bactofilin,,
GCF_000801165.1|WP_000482663.1,11,Core,,flotillin family protein,,"GO:0016020,GO:0016600"
GCF_000801165.1|WP_000511287.1,8,Accessory,yidI,protein YidI,,
GCF_000801165.1|WP_000513743.1,11,Core,,DUF1869 domain-containing protein,,
GCF_000801165.1|WP_000528869.1,3,Accessory,,RNA ligase RtcB family protein,RNA ligase activity|0008452||IEA,"GO:0006396,GO:0008452"
GCF_000801165.1|WP_000543899.1,11,Core,yafL,C40 family peptidase,"peptidase activity|0008233||IEA,cysteine-type peptidase activity|0008234||IEA,hydrolase activity|0016787||IEA","GO:0000270,GO:0006508,GO:0008233,GO:0008234,GO:0016787"
GCF_000801165.1|WP_000545042.1,11,Core,nuoE,NADH-quinone oxidoreductase subunit NuoE,oxidoreductase activity|0016491||IEA,GO:0016491
GCF_000801165.1|WP_000548537.1,5,Accessory,,DUF1382 family protein,,
GCF_000801165.1|WP_000549822.1,11,Core,,EutN/CcmL family microcompartment protein,,
GCF_000801165.1|WP_000553217.1,3,Accessory,,energy-coupling factor transporter transmembrane component T,,GO:0055085
GCF_000801165.1|WP_000556444.1,7,Accessory,,autotransporter outer membrane beta-barrel domain-containing protein,,
GCF_000801165.1|WP_000558030.1,6,Accessory,,sensor domain-containing diguanylate cyclase,"GTP binding|0005525||IEA,metal ion binding|0046872||IEA,diguanylate cyclase activity|0052621||IEA","GO:0007165,GO:0005525,GO:0046872,GO:0052621"
GCF_000801165.1|WP_000562984.1,4,Accessory,,non-oxidative hydroxyarylic acid decarboxylases subunit D,,
GCF_000801165.1|WP_000573391.1,2,Accessory,,HK97-gp10 family putative phage morphogenesis protein,,
GCF_000801165.1|WP_000577184.1,11,Core,,GntR family transcriptional regulator,"DNA binding|0003677||IEA,DNA-binding transcription factor activity|0003700||IEA","GO:0003677,GO:0003700"
GCF_000801165.1|WP_000587689.1,4,Accessory,,ParA family plasmid-partitioning AAA ATPase,,
GCF_000801165.1|WP_000597458.1,10,Accessory,ycjN,ABC transporter substrate-binding protein,"ATPase-coupled transmembrane transporter activity|0042626||IEA,ABC-type transporter activity|0140359||IEA","GO:0042626,GO:0140359,GO:0055052"
GCF_000801165.1|WP_000598292.1,9,Accessory,ynfA,YnfA family protein,,GO:0016020
GCF_000801165.1|WP_000602112.1,3,Accessory,prfH,peptide chain release factor H,translation release factor activity|0003747||IEA,"GO:0006415,GO:0003747"
GCF_000801165.1|WP_000620097.1,8,Accessory,fliK,flagellar hook-length control protein FliK,,
GCF_000801165.1|WP_000622048.1,3,Accessory,pocR,transcriptional regulator PocR,"DNA-binding transcription factor activity|0003700||IEA,sequence-specific DNA binding|0043565||IEA","GO:0009236,GO:0051144,GO:0003700,GO:0043565"
GCF_000801165.1|WP_000627367.1,10,Accessory,ynbD,phosphatase PAP2/dual specificity phosphatase family protein,,
GCF_000801165.1|WP_000633220.1,11,Core,gspK,type II secretion system minor pseudopilin GspK,,"GO:0009306,GO:0016020"
GCF_000801165.1|WP_000636926.1,10,Accessory,yehK,protein YehK,,
GCF_000801165.1|WP_000639271.1,11,Core,yecE,DUF72 domain-containing protein,,
GCF_000801165.1|WP_000642925.1,1,Singleton,,hypothetical protein,,
GCF_000801165.1|WP_000647882.1,10,Accessory,yijF,DUF1287 domain-containing protein,,
GCF_000801165.1|WP_000651125.1,1,Singleton,,hypothetical protein,,
GCF_000801165.1|WP_000691056.1,11,Core,fimH,type 1 fimbria D-mannose specific adhesin FimH,,GO:0007155
GCF_000801165.1|WP_000694926.1,3,Accessory,lpfD,long polar fimbrial protein LpfD,,
GCF_000801165.1|WP_000699701.1,10,Accessory,wcaI,colanic acid biosynthesis fucosyltransferase WcaI,,
GCF_000801165.1|WP_000705001.1,11,Core,dgoD,galactonate dehydratase,galactonate dehydratase activity|0008869||IEA,"GO:0009063,GO:0008869"
GCF_000801165.1|WP_000705131.1,4,Accessory,,toxin YdaT family protein,,
GCF_000801165.1|WP_000712252.1,11,Core,eco,serine protease inhibitor ecotin,serine-type endopeptidase inhibitor activity|0004867||IEA,GO:0004867
GCF_000801165.1|WP_000717009.1,11,Core,yfaZ,YfaZ family outer membrane protein,,
GCF_000801165.1|WP_000723472.1,9,Accessory,ompL,porin OmpL,,
GCF_000801165.1|WP_000723506.1,7,Accessory,yfbL,M28 family metallopeptidase,,
GCF_000801165.1|WP_000729704.1,9,Accessory,dinJ,type II toxin-antitoxin system antitoxin DinJ,,
GCF_000801165.1|WP_000733707.1,11,Core,dhaK,dihydroxyacetone kinase subunit DhaK,glycerone kinase activity|0004371||IEA,"GO:0006071,GO:0004371"
GCF_000801165.1|WP_000742348.1,11,Core,gfcD,YjbH domain-containing protein,,
GCF_000801165.1|WP_000747328.1,5,Accessory,,hypothetical protein,,
GCF_000801165.1|WP_000750284.1,10,Accessory,,fimbrial protein,,"GO:0007155,GO:0009289"
GCF_000801165.1|WP_000756356.1,11,Core,,long polar fimbria major subunit LpfA,,
GCF_000801165.1|WP_000756914.1,9,Accessory,ynjI,DUF1266 domain-containing protein,,
GCF_000801165.1|WP_000766900.1,10,Accessory,yieK,glucosamine-6-phosphate deaminase,glucosamine-6-phosphate deaminase activity|0004342||IEA,"GO:0006044,GO:0004342"
GCF_000801165.1|WP_000785707.1,1,Singleton,,hypothetical protein,,
GCF_000801165.1|WP_000788786.1,5,Accessory,,replication protein P,,GO:0006270
GCF_000801165.1|WP_000810250.1,11,Core,ycfT,acyltransferase family protein,,
GCF_000801165.1|WP_000826768.1,11,Core,hprS,two-component system sensor histidine kinase HprS,,
GCF_000801165.1|WP_000828483.1,9,Accessory,yidJ,sulfatase-like hydrolase/transferase,sulfuric ester hydrolase activity|0008484||IEA,GO:0008484
GCF_000801165.1|WP_000829192.1,2,Accessory,,HNH endonuclease,"nucleic acid binding|0003676||IEA,endonuclease activity|0004519||IEA,zinc ion binding|0008270||IEA","GO:0003676,GO:0004519,GO:0008270"
GCF_000801165.1|WP_000849054.1,3,Accessory,,hypothetical protein,,
GCF_000801165.1|WP_000850413.1,4,Accessory,traT,conjugal transfer complement resistance protein TraT,,
GCF_000801165.1|WP_000850544.1,10,Accessory,atoD,acetate CoA-transferase subunit alpha,,
GCF_000801165.1|WP_000853106.1,1,Singleton,,helix-turn-helix domain-containing protein,,
GCF_000801165.1|WP_000856729.1,2,Accessory,,DUF5375 domain-containing protein,,
GCF_000801165.1|WP_000857995.1,10,Accessory,ymgA,two-component-system connector protein YmgA,,
GCF_000801165.1|WP_000860259.1,11,Core,arnA,bifunctional UDP-4-amino-4-deoxy-L-arabinose formyltransferase/UDP-glucuronic acid oxidase ArnA,hydroxymethyl-%2C formyl- and related transferase activity|0016742||IEA,"GO:0009058,GO:0016742"
GCF_000801165.1|WP_000860398.1,1,Singleton,,ClpP-like prohead protease/major capsid protein fusion protein,serine-type endopeptidase activity|0004252||IEA,"GO:0019082,GO:0004252"
GCF_000801165.1|WP_000863205.1,4,Accessory,,non-oxidative hydroxyarylic acid decarboxylases subunit C,carboxy-lyase activity|0016831||IEA,GO:0016831
GCF_000801165.1|WP_000867146.1,11,Core,pstS,phosphate ABC transporter substrate-binding protein PstS,phosphate ion binding|0042301||IEA,"GO:0035435,GO:0042301,GO:0043190"
GCF_000801165.1|WP_000867637.1,11,Core,ypdI,colanic acid biosynthesis lipoprotein YpdI,,
GCF_000801165.1|WP_000888740.1,10,Accessory,wcaB,colanic acid biosynthesis acetyltransferase WcaB,,
GCF_000801165.1|WP_000891841.1,6,Accessory,,AraC family transcriptional regulator,"DNA-binding transcription factor activity|0003700||IEA,sequence-specific DNA binding|0043565||IEA","GO:0006355,GO:0003700,GO:0043565"
GCF_000801165.1|WP_000897305.1,3,Accessory,,hypothetical protein,,
GCF_000801165.1|WP_000904136.1,9,Accessory,,RusA family crossover junction endodeoxyribonuclease,,
GCF_000801165.1|WP_000911331.1,4,Accessory,vapC,type II toxin-antitoxin system tRNA(fMet)-specific endonuclease VapC,"magnesium ion binding|0000287||IEA,RNA nuclease activity|0004540||IEA","GO:0000287,GO:0004540"
GCF_000801165.1|WP_000916333.1,1,Singleton,,hypothetical protein,,
GCF_000801165.1|WP_000917733.1,5,Accessory,,hypothetical protein,,
GCF_000801165.1|WP_000927066.1,10,Accessory,wcaE,colanic acid biosynthesis glycosyltransferase WcaE,,
GCF_000801165.1|WP_000940106.1,11,Core,yjaG,YjaG family protein,,
GCF_000801165.1|WP_000942525.1,1,Singleton,,DNA cytosine methyltransferase,"DNA binding|0003677||IEA,DNA (cytosine-5-)-methyltransferase activity|0003886||IEA,methyltransferase activity|0008168||IEA,S-adenosyl-L-methionine binding|1904047||IEA","GO:0006304,GO:0003677,GO:0003886,GO:0008168,GO:1904047"
GCF_000801165.1|WP_000942786.1,10,Accessory,yghD,GspM family type II secretion system protein YghD,,
GCF_000801165.1|WP_000943913.1,1,Singleton,,hypothetical protein,,
GCF_000801165.1|WP_000956868.1,3,Accessory,,ABC transporter ATP-binding protein,"ATP binding|0005524||IEA,ATP hydrolysis activity|0016887||IEA,ATPase-coupled transmembrane transporter activity|0042626||IEA,ABC-type transporter activity|0140359||IEA","GO:0005524,GO:0016887,GO:0042626,GO:0140359"
GCF_000801165.1|WP_000968850.1,9,Accessory,ycjD,DUF559 domain-containing protein,,
GCF_000801165.1|WP_000973379.1,9,Accessory,paaH,3-hydroxyacyl-CoA dehydrogenase PaaH,3-hydroxybutyryl-CoA dehydrogenase activity|0008691||IEA,"GO:0010124,GO:0008691"
GCF_000801165.1|WP_000974855.1,1,Singleton,,prophage tail fiber N-terminal domain-containing protein,,
GCF_000801165.1|WP_000980151.1,3,Accessory,,conjugal transfer protein TraF,,
GCF_000801165.1|WP_000988693.1,3,Accessory,,PPC domain-containing DNA-binding protein,,
GCF_000801165.1|WP_000991478.1,1,Singleton,,hypothetical protein,,
GCF_000801165.1|WP_000995453.1,5,Accessory,,host-nuclease inhibitor Gam family protein,deoxyribonuclease inhibitor activity|0060703||IEA,GO:0060703
GCF_000801165.1|WP_001020381.1,10,Accessory,yqeB,selenium-dependent molybdenum cofactor biosynthesis protein YqeB,,
GCF_000801165.1|WP_001025459.1,1,Singleton,,hypothetical protein,,
GCF_000801165.1|WP_001027503.1,4,Accessory,,hypothetical protein,,
GCF_000801165.1|WP_001028905.1,10,Accessory,yhiM,DUF2776 domain-containing protein,,
GCF_000801165.1|WP_001033225.1,7,Accessory,ehaG,trimeric autotransporter adhesin EhaG,,
GCF_000801165.1|WP_001057752.1,11,Core,pduJ,propanediol utilization microcompartment protein PduJ,,
GCF_000801165.1|WP_001061903.1,3,Accessory,pduM,microcompartment protein PduM,,
GCF_000801165.1|WP_001065752.1,9,Accessory,ymgC,protein YmgC,,
GCF_000801165.1|WP_001079074.1,11,Core,yodB,cytochrome b,"electron transfer activity|0009055||IEA,heme binding|0020037||IEA,metal ion binding|0046872||IEA","GO:0022904,GO:0009055,GO:0020037,GO:0046872,GO:0016020"
GCF_000801165.1|WP_001084075.1,4,Accessory,casA,type I-E CRISPR-associated protein Cse1/CasA,,GO:0043571
GCF_000801165.1|WP_001087147.1,9,Accessory,yidK,solute:sodium symporter family transporter,transmembrane transporter activity|0022857||IEA,"GO:0055085,GO:0022857,GO:0016020"
GCF_000801165.1|WP_001090583.1,3,Accessory,pduE,propanediol dehydratase small subunit PduE,,
GCF_000801165.1|WP_001090850.1,11,Core,rodZ,cytoskeleton protein RodZ,DNA binding|0003677||IEA,"GO:0008360,GO:0003677,GO:0016020"
GCF_000801165.1|WP_001116116.1,10,Accessory,wcaM,colanic acid biosynthesis protein WcaM,,
GCF_000801165.1|WP_001130307.1,11,Core,osmF,glycine betaine ABC transporter substrate-binding protein OsmF,transmembrane transporter activity|0022857||IEA,"GO:0031460,GO:0022857"
GCF_000801165.1|WP_001142000.1,1,Singleton,,YlcI/YnfO family protein,,
GCF_000801165.1|WP_001151139.1,6,Accessory,,DUF977 family protein,,
GCF_000801165.1|WP_001153547.1,10,Accessory,wcaF,colanic acid biosynthesis acetyltransferase WcaF,,
GCF_000801165.1|WP_001157239.1,9,Accessory,dcm,DNA-cytosine methyltransferase,,
GCF_000801165.1|WP_001159105.1,10,Accessory,betA,choline dehydrogenase,choline dehydrogenase activity|0008812||IEA,"GO:0019285,GO:0008812"
GCF_000801165.1|WP_001162704.1,11,Core,,alpha/beta hydrolase,hydrolase activity|0016787||IEA,GO:0016787
GCF_000801165.1|WP_001169551.1,3,Accessory,dagF,2-dehydro-3-deoxy-phosphogluconate aldolase,2-dehydro-3-deoxy-phosphogluconate aldolase activity|0008675||IEA,GO:0008675
GCF_000801165.1|WP_001174481.1,11,Core,yceD,23S rRNA accumulation protein YceD,,
GCF_000801165.1|WP_001178089.1,1,Singleton,,CopG family ribbon-helix-helix protein,,
GCF_000801165.1|WP_001183149.1,4,Accessory,,hypothetical protein,,
GCF_000801165.1|WP_001189436.1,3,Accessory,,EutP/PduV family microcompartment system protein,,
GCF_000801165.1|WP_001191027.1,11,Core,yneG,DUF4186 domain-containing protein,,
GCF_000801165.1|WP_001195605.1,11,Core,thiM,hydroxyethylthiazole kinase,hydroxyethylthiazole kinase activity|0004417||IEA,"GO:0009228,GO:0004417"
GCF_000801165.1|WP_001198952.1,4,Accessory,,antirestriction protein,,
GCF_000801165.1|WP_001200891.1,10,Accessory,yeeA,FUSC family protein,transmembrane transporter activity|0022857||IEA,"GO:0055085,GO:0022857,GO:0005886"
GCF_000801165.1|WP_001201825.1,7,Accessory,ompT,omptin family outer membrane protease OmpT,,
GCF_000801165.1|WP_001204071.1,2,Accessory,,hypothetical protein,,
GCF_000801165.1|WP_001205226.1,7,Accessory,,sugar phosphate isomerase/epimerase family protein,"catalytic activity|0003824||IEA,isomerase activity|0016853||IEA","GO:0003824,GO:0016853"
GCF_000801165.1|WP_001220181.1,3,Accessory,,type II toxin-antitoxin system RelE/ParE family toxin,toxin activity|0090729||IEA,"GO:0090729,GO:0110001"
GCF_000801165.1|WP_001226378.1,3,Accessory,,alpha/beta hydrolase,hydrolase activity|0016787||IEA,GO:0016787
GCF_000801165.1|WP_001227023.1,9,Accessory,uidC,glucuronide uptake porin UidC,,
GCF_000801165.1|WP_001233938.1,4,Accessory,,CRISPR-associated helicase/endonuclease Cas3,,
GCF_000801165.1|WP_001242675.1,11,Core,ycaN,LysR family transcriptional regulator,"DNA binding|0003677||IEA,DNA-binding transcription factor activity|0003700||IEA","GO:0006355,GO:0003677,GO:0003700"
GCF_000801165.1|WP_001244670.1,2,Accessory,,hypothetical protein,,
GCF_000801165.1|WP_001245884.1,3,Accessory,,hypothetical protein,,
GCF_000801165.1|WP_001245988.1,4,Accessory,,CfaE/CblD family pilus tip adhesin,,
GCF_000801165.1|WP_001247860.1,1,Singleton,,hypothetical protein,,
GCF_000801165.1|WP_001256917.1,3,Accessory,pduC,propanediol dehydratase large subunit PduC,,
GCF_000801165.1|WP_001259583.1,11,Core,flhE,flagellar protein FlhE,,GO:0044781
GCF_000801165.1|WP_001278179.1,1,Singleton,,phage tail protein,,
GCF_000801165.1|WP_001278994.1,11,Core,ygbL,aldolase,,
GCF_000801165.1|WP_001282706.1,8,Accessory,fliH,flagellar assembly protein FliH,cytoskeletal motor activity|0003774||IEA,"GO:0071973,GO:0003774,GO:0009288"
GCF_000801165.1|WP_001283490.1,11,Core,oxc,oxalyl-CoA decarboxylase,"magnesium ion binding|0000287||IEA,oxalyl-CoA decarboxylase activity|0008949||IEA,thiamine pyrophosphate binding|0030976||IEA","GO:0033611,GO:0000287,GO:0008949,GO:0030976"
GCF_000801165.1|WP_001287093.1,1,Singleton,,phage late control protein,,
GCF_000801165.1|WP_001287916.1,3,Accessory,,DUF6630 family protein,,
GCF_000801165.1|WP_001290230.1,2,Accessory,,DUF826 domain-containing protein,,
GCF_000801165.1|WP_001294589.1,1,Singleton,,putative holin,,
GCF_000801165.1|WP_001295554.1,11,Core,pnp,polyribonucleotide nucleotidyltransferase,"RNA binding|0003723||IEA,polyribonucleotide nucleotidyltransferase activity|0004654||IEA","GO:0006402,GO:0003723,GO:0004654"
GCF_000801165.1|WP_001295836.1,11,Core,tesA,multifunctional acyl-CoA thioesterase I/protease I/lysophospholipase L1,lipase activity|0016298||IEA,"GO:0006629,GO:0016298"
GCF_000801165.1|WP_001296721.1,11,Core,,PTS lactose/cellobiose transporter subunit IIA,,
GCF_000801165.1|WP_001297332.1,11,Core,yfgJ,zinc ribbon domain-containing protein,,
GCF_000801165.1|WP_001297677.1,3,Accessory,,hypothetical protein,,
GCF_000801165.1|WP_001297680.1,4,Accessory,,autotransporter outer membrane beta-barrel domain-containing protein,,GO:0019867
GCF_000801165.1|WP_001297764.1,11,Core,glcC,transcriptional regulator GlcC,DNA-binding transcription factor activity|0003700||IEA,"GO:0006355,GO:0003700"
GCF_000801165.1|WP_001299172.1,4,Accessory,,hypothetical protein,,
GCF_000801165.1|WP_001299269.1,10,Accessory,bluF,blue light-responsive regulator BluF,,
GCF_000801165.1|WP_001299290.1,8,Accessory,fliO,flagellar biosynthetic protein FliO,,"GO:0044781,GO:0016020"
GCF_000801165.1|WP_001300896.1,10,Accessory,ymiA,YmiA family putative membrane protein,,
GCF_000801165.1|WP_001301130.1,1,Singleton,yldA,small membrane protein YldA,,
GCF_000801165.1|WP_001307279.1,3,Accessory,,type II toxin-antitoxin system ParD family antitoxin,,GO:0051983
GCF_000801165.1|WP_001307500.1,9,Accessory,yjaZ,heat-shock protein C,,
GCF_000801165.1|WP_001308457.1,1,Singleton,dinQ,damage-inducible type I toxin DinQ,,
GCF_000801165.1|WP_001315775.1,9,Accessory,pbp4b,penicillin binding protein PBP4B,,
GCF_000801165.1|WP_001315905.1,9,Accessory,,O-antigen ligase family protein,"O-antigen ligase activity|0008754||IEA,O antigen polymerase activity|0008755||IEA","GO:0009103,GO:0008754,GO:0008755,GO:0005886"
GCF_000801165.1|WP_001325798.1,11,Core,ydbL,YdbL family protein,,
GCF_000801165.1|WP_001331203.1,10,Accessory,pppA,prepilin peptidase PppA,,
GCF_000801165.1|WP_001342418.1,4,Accessory,,PrgH/EprH family type III secretion apparatus protein,,"GO:0030254,GO:0030257"
GCF_000801165.1|WP_001345607.1,11,Core,ycgV,autotransporter outer membrane beta-barrel domain-containing protein,,GO:0019867
GCF_000801165.1|WP_001347941.1,11,Core,,PTS sugar transporter subunit IIC,phosphotransferase activity%2C alcohol group as acceptor|0016773||IEA,"GO:0009401,GO:0016773,GO:0005886,GO:0016020"
GCF_000801165.1|WP_001349908.1,3,Accessory,,hypothetical protein,,
GCF_000801165.1|WP_001351355.1,11,Core,ynjE,thiosulfate sulfurtransferase YnjE,,
GCF_000801165.1|WP_001351532.1,10,Accessory,rtcA,RNA 3'-terminal phosphate cyclase,RNA-3'-phosphate cyclase activity|0003963||IEA,"GO:0006396,GO:0003963"
GCF_000801165.1|WP_001367167.1,1,Singleton,,tyrosine-type recombinase/integrase,DNA binding|0003677||IEA,"GO:0006310,GO:0015074,GO:0003677"
GCF_000801165.1|WP_001373171.1,1,Singleton,,hypothetical protein,,
GCF_000801165.1|WP_001379157.1,3,Accessory,,ABC transporter ATP-binding protein,"ATP binding|0005524||IEA,ATP hydrolysis activity|0016887||IEA,ATPase-coupled transmembrane transporter activity|0042626||IEA,ABC-type transporter activity|0140359||IEA","GO:0005524,GO:0016887,GO:0042626,GO:0140359"
GCF_000801165.1|WP_001384452.1,1,Singleton,yacB,type II toxin-antitoxin system toxin YacB,,
GCF_000801165.1|WP_001402361.1,10,Accessory,atoS,two-component system sensor histidine kinase AtoS,,
GCF_000801165.1|WP_001444700.1,1,Singleton,,HNH endonuclease,"nucleic acid binding|0003676||IEA,endonuclease activity|0004519||IEA,zinc ion binding|0008270||IEA","GO:0003676,GO:0004519,GO:0008270"
GCF_000801165.1|WP_001457151.1,1,Singleton,,hypothetical protein,,
GCF_000801165.1|WP_001458941.1,1,Singleton,,hypothetical protein,,
GCF_000801165.1|WP_001542684.1,4,Accessory,,ASCH domain-containing protein,,
GCF_000801165.1|WP_001542941.1,5,Accessory,,glycosyltransferase family 9 protein,glycosyltransferase activity|0016757||IEA,GO:0016757
GCF_000801165.1|WP_001542943.1,3,Accessory,,diol dehydratase reactivase subunit alpha,,
GCF_000801165.1|WP_001542944.1,3,Accessory,,phosphate propanoyltransferase,,
GCF_000801165.1|WP_001542946.1,11,Core,pduP,CoA-acylating propionaldehyde dehydrogenase PduP,,
GCF_000801165.1|WP_001542948.1,11,Core,,1-propanol dehydrogenase PduQ,"alcohol dehydrogenase (NAD+) activity|0004022||IEA,iron ion binding|0005506||IEA,adenyl nucleotide binding|0030554||IEA","GO:0051144,GO:0004022,GO:0005506,GO:0030554"
GCF_000801165.1|WP_001542949.1,3,Accessory,,4Fe-4S dicluster domain-containing protein,,
GCF_000801165.1|WP_001543099.1,2,Accessory,,YpjCB family protein,,
GCF_000801165.1|WP_001543139.1,4,Accessory,,type III secretion apparatus protein OrgA/MxiK,,"GO:0030254,GO:0030257"
GCF_000801165.1|WP_001543175.1,8,Accessory,yhaC,YhaC family protein,,
GCF_000801165.1|WP_001559300.1,1,Singleton,,hypothetical protein,,
GCF_000801165.1|WP_001559319.1,1,Singleton,,hypothetical protein,,
GCF_000801165.1|WP_001559328.1,1,Singleton,,hypothetical protein,,
GCF_000801165.1|WP_001567061.1,1,Singleton,,P22AR C-terminal domain-containing protein,,
GCF_000801165.1|WP_009008364.1,3,Accessory,,hypothetical protein,,
GCF_000801165.1|WP_012138675.1,1,Singleton,,hypothetical protein,,
GCF_000801165.1|WP_012565126.1,1,Singleton,gpW,gpW family head-tail joining protein,,GO:0019058
GCF_000801165.1|WP_012578894.1,11,Core,hokD,type I toxin-antitoxin system toxin HokD,,
GCF_000801165.1|WP_012605149.1,1,Singleton,,hypothetical protein,,
GCF_000801165.1|WP_012817901.1,1,Singleton,,hypothetical protein,,
GCF_000801165.1|WP_015953137.1,11,Core,torS,TMAO reductase system sensor histidine kinase/response regulator TorS,,
GCF_000801165.1|WP_021560858.1,1,Singleton,,hypothetical protein,,
GCF_000801165.1|WP_023155453.1,1,Singleton,,hypothetical protein,,
GCF_000801165.1|WP_023155796.1,1,Singleton,,Wadjet anti-phage system protein JetD domain-containing protein,,
GCF_000801165.1|WP_024166640.1,1,Singleton,,phosphorothioated DNA-binding restriction endonuclease,restriction endodeoxyribonuclease activity|0015666||IEA,"GO:0009307,GO:0015666"
GCF_000801165.1|WP_024177483.1,4,Accessory,,hypothetical protein,,
GCF_000801165.1|WP_024188723.1,11,Core,,fimbria/pilus outer membrane usher protein,fimbrial usher porin activity|0015473||IEA,"GO:0009297,GO:0015473,GO:0016020"
GCF_000801165.1|WP_024192804.1,1,Singleton,,HlyD family secretion protein,,
GCF_000801165.1|WP_028985345.1,1,Singleton,,hypothetical protein,,
GCF_000801165.1|WP_028985346.1,1,Singleton,,hypothetical protein,,
GCF_000801165.1|WP_028985347.1,2,Accessory,,transcriptional regulator,,
GCF_000801165.1|WP_032141712.1,1,Singleton,,RHS repeat-associated core domain-containing protein,,
GCF_000801165.1|WP_032141714.1,1,Singleton,,hypothetical protein,,
GCF_000801165.1|WP_032141822.1,2,Accessory,,RHS repeat-associated core domain-containing protein,,
GCF_000801165.1|WP_032144652.1,1,Singleton,,colicin V family bacteriocin,,
GCF_000801165.1|WP_032145180.1,1,Singleton,,hypothetical protein,,
GCF_000801165.1|WP_032178642.1,9,Accessory,yfdF,protein YfdF,,
GCF_000801165.1|WP_032178690.1,7,Accessory,gspL,type II secretion system protein GspL,,"GO:0015628,GO:0009276,GO:0015627"
GCF_000801165.1|WP_032186128.1,1,Singleton,,hypothetical protein,,
GCF_000801165.1|WP_032186130.1,1,Singleton,,transposase,,
GCF_000801165.1|WP_032186132.1,6,Accessory,,GTPase family protein,"GTPase activity|0003924||IEA,GTP binding|0005525||IEA","GO:0003924,GO:0005525"
GCF_000801165.1|WP_032186133.1,1,Singleton,,TrlF family AAA-like ATPase,,
GCF_000801165.1|WP_032214561.1,1,Singleton,,hypothetical protein,,
GCF_000801165.1|WP_032259808.1,3,Accessory,pduO,two-domain cob(I)yrinic acid a%2Cc-diamide adenosyltransferase PduO,,
GCF_000801165.1|WP_032259825.1,3,Accessory,pduT,propanediol utilization microcompartment protein PduT,,
GCF_000801165.1|WP_032285070.1,2,Accessory,,hypothetical protein,,
GCF_000801165.1|WP_032291790.1,1,Singleton,,hypothetical protein,,
GCF_000801165.1|WP_032308170.1,5,Accessory,,DNA-methyltransferase,,
GCF_000801165.1|WP_033806466.1,1,Singleton,pilO2,type 4b pilus protein PilO2,,
GCF_000801165.1|WP_033812026.1,1,Singleton,,hypothetical protein,,
GCF_000801165.1|WP_039264321.1,9,Accessory,yihR,aldose-1-epimerase,,
GCF_000801165.1|WP_039264336.1,2,Accessory,,hypothetical protein,,
GCF_000801165.1|WP_039264337.1,2,Accessory,,host cell division inhibitor Icd-like protein,,
GCF_000801165.1|WP_039264342.1,1,Singleton,,hypothetical protein,,
GCF_000801165.1|WP_039264343.1,1,Singleton,,hypothetical protein,,
GCF_000801165.1|WP_039264344.1,1,Singleton,,membrane protein,,
GCF_000801165.1|WP_039264354.1,2,Accessory,espX1,type III secretion system effector EspX1,,
GCF_000801165.1|WP_039264365.1,6,Accessory,,DUF987 domain-containing protein,,
GCF_000801165.1|WP_039264392.1,2,Accessory,,exonuclease,,
GCF_000801165.1|WP_039264394.1,1,Singleton,,DnaT-like ssDNA-binding domain-containing protein,,
GCF_000801165.1|WP_039264405.1,2,Accessory,,phage tail tape measure protein,structural molecule activity|0005198||IEA,"GO:0016032,GO:0005198,GO:0044423"
GCF_000801165.1|WP_039264407.1,6,Accessory,gpJ,phage attachment tail tip protein J,,
GCF_000801165.1|WP_039264426.1,1,Singleton,,phage portal protein,structural molecule activity|0005198||IEA,"GO:0019068,GO:0005198,GO:0044423"
GCF_000801165.1|WP_039264433.1,9,Accessory,ycjM,glucosylglycerate phosphorylase,,
GCF_000801165.1|WP_039264464.1,1,Singleton,,phage major tail tube protein,,
GCF_000801165.1|WP_039264465.1,1,Singleton,,phage tail sheath C-terminal domain-containing protein,,
GCF_000801165.1|WP_039264468.1,7,Accessory,,GPW/gp25 family protein,,
GCF_000801165.1|WP_039264470.1,1,Singleton,,hypothetical protein,,
GCF_000801165.1|WP_039264472.1,1,Singleton,,hypothetical protein,,
GCF_000801165.1|WP_039264473.1,1,Singleton,,head-tail joining protein,,GO:0019068
GCF_000801165.1|WP_039264474.1,1,Singleton,gpFI,DNA-packaging protein FI,,
GCF_000801165.1|WP_039264476.1,1,Singleton,,hypothetical protein,,
GCF_000801165.1|WP_039264479.1,3,Accessory,,DUF1367 family protein,,
GCF_000801165.1|WP_039264480.1,1,Singleton,,hypothetical protein,,
GCF_000801165.1|WP_039264481.1,1,Singleton,,GIY-YIG nuclease family protein,nuclease activity|0004518||IEA,GO:0004518
GCF_000801165.1|WP_039264482.1,1,Singleton,,lysozyme inhibitor LprI family protein,,
GCF_000801165.1|WP_039264483.1,1,Singleton,,ORF6N domain-containing protein,,
GCF_000801165.1|WP_039264484.1,1,Singleton,,hypothetical protein,,
GCF_000801165.1|WP_039264486.1,1,Singleton,,hypothetical protein,,
GCF_000801165.1|WP_039264487.1,1,Singleton,,hypothetical protein,,
GCF_000801165.1|WP_039264488.1,1,Singleton,,toxin YdaT family protein,,
GCF_000801165.1|WP_039264489.1,1,Singleton,,DUF4224 domain-containing protein,,
GCF_000801165.1|WP_039264493.1,10,Accessory,wcaK,colanic acid biosynthesis pyruvyl transferase WcaK,,
GCF_000801165.1|WP_039264499.1,11,Core,,tail fiber assembly protein,,GO:0098004
GCF_000801165.1|WP_039264503.1,11,Core,,lysis protein,,
GCF_000801165.1|WP_039264504.1,3,Accessory,,DUF2737 family protein,,
GCF_000801165.1|WP_039264507.1,6,Accessory,,tyrosine-type recombinase/integrase,DNA binding|0003677||IEA,"GO:0006310,GO:0015074,GO:0003677"
GCF_000801165.1|WP_039264521.1,6,Accessory,yfbK,vWA domain-containing protein,,
GCF_000801165.1|WP_039264527.1,11,Core,,sensor domain-containing diguanylate cyclase,"GTP binding|0005525||IEA,metal ion binding|0046872||IEA,diguanylate cyclase activity|0052621||IEA","GO:0007165,GO:0005525,GO:0046872,GO:0052621"
GCF_000801165.1|WP_039264586.1,1,Singleton,,hypothetical protein,,
GCF_000801165.1|WP_039264593.1,11,Core,yfaL,AIDA-I family autotransporter adhesin YfaL/EhaC,,GO:0019867
GCF_000801165.1|WP_040116939.1,2,Accessory,,PapB/FocB family fimbrial expression transcriptional regulator,,GO:0006355
GCF_000801165.1|WP_040116943.1,10,Accessory,,LutC/YkgG family protein,,GO:0006089
GCF_000801165.1|WP_040116956.1,1,Singleton,cvi,colicin V immunity protein,,
GCF_000801165.1|WP_040116960.1,1,Singleton,repA,plasmid replication initiator RepA,,GO:0006276
GCF_000801165.1|WP_040116972.1,2,Accessory,,LPD7 domain-containing protein,,
GCF_000801165.1|WP_040116980.1,3,Accessory,,hypothetical protein,,
GCF_000801165.1|WP_040116981.1,2,Accessory,,thermonuclease family protein,,
GCF_000801165.1|WP_040116983.1,2,Accessory,,hypothetical protein,,
GCF_000801165.1|WP_040116984.1,2,Accessory,trbA,IncI1-type conjugal transfer protein TrbA,,
GCF_000801165.1|WP_040116986.1,2,Accessory,trbC,F-type conjugative transfer protein TrbC,,
GCF_000801165.1|WP_040116989.1,1,Singleton,,hypothetical protein,,
GCF_000801165.1|WP_040116992.1,11,Core,,single-stranded DNA-binding protein,,
GCF_000801165.1|WP_042014162.1,4,Accessory,,type II toxin-antitoxin system HicA family toxin,mRNA binding|0003729||IEA,GO:0003729
GCF_000801165.1|WP_052214776.1,2,Accessory,,helix-turn-helix transcriptional regulator,"DNA binding|0003677||IEA,DNA-binding transcription factor activity|0003700||IEA","GO:0006355,GO:0003677,GO:0003700"
GCF_000801165.1|WP_052214783.1,11,Core,,replicative DNA helicase,"DNA helicase activity|0003678||IEA,ATP binding|0005524||IEA","GO:0006260,GO:0003678,GO:0005524"
GCF_000801165.1|WP_052214792.1,1,Singleton,,ISAs1 family transposase,transposase activity|0004803||IEA,GO:0004803
GCF_000801165.1|WP_071791986.1,1,Singleton,,hypothetical protein,,
GCF_000801165.1|WP_071885013.1,1,Singleton,,hypothetical protein,,
GCF_000801165.1|WP_087614013.1,1,Singleton,,hypothetical protein,,
GCF_000801165.1|WP_106425492.1,1,Singleton,,hypothetical protein,,
GCF_000801165.1|WP_122654176.1,8,Accessory,,hypothetical protein,,
GCF_000801165.1|WP_122996077.1,1,Singleton,,hypothetical protein,,
GCF_000801165.1|WP_140398125.1,1,Singleton,,hypothetical protein,,
GCF_000801165.1|WP_146274757.1,3,Accessory,,hypothetical protein,,
GCF_000801165.1|WP_159454915.1,2,Accessory,,YadA-like family protein,,
GCF_000801165.1|WP_169124752.1,1,Singleton,,hypothetical protein,,
GCF_000801165.1|WP_179206415.1,1,Singleton,,hypothetical protein,,
GCF_000801165.1|WP_187292991.1,1,Singleton,gpJ,TipJ family phage tail tip protein,,
GCF_000801165.1|WP_187292994.1,1,Singleton,,phage tail tip protein J-related protein,,
GCF_000801165.1|WP_206780339.1,8,Accessory,,fatty acyl-AMP ligase,,
GCF_000801165.1|WP_211180493.1,11,Core,ymiD,protein YmiD,,
GCF_000801165.1|WP_212591402.1,8,Accessory,,hypothetical protein,,
GCF_000801165.1|WP_223718779.1,1,Singleton,,terminase small subunit,,
GCF_000801165.1|WP_224695425.1,1,Singleton,,phage tail protein,,GO:0098024
GCF_000801165.1|WP_224695433.1,1,Singleton,,superinfection immunity protein,,
GCF_000801165.1|WP_225088808.1,6,Accessory,,phage terminase large subunit family protein,"endonuclease activity|0004519||IEA,ATP binding|0005524||IEA,ATP hydrolysis activity|0016887||IEA","GO:0004519,GO:0005524,GO:0016887"
GCF_000801165.1|WP_244462510.1,1,Singleton,,phage tail tip protein J-related protein,,
GCF_000801165.1|WP_244462511.1,1,Singleton,,phage tail protein,,
GCF_000801165.1|WP_244462513.1,1,Singleton,,DUF1380 family protein,,
GCF_000801165.1|WP_244462514.1,1,Singleton,,DUF1380 family protein,,
GCF_000801165.1|WP_306459307.1,1,Singleton,,phage baseplate assembly protein V,metal ion binding|0046872||IEA,"GO:0098003,GO:0046872,GO:0098025"
GCF_000801165.1|WP_369761030.1,3,Accessory,,BMC domain-containing protein,,GO:0031469
GCF_000801165.1|WP_430515483.1,1,Singleton,gpJ,TipJ family phage tail tip protein,,
GCF_000801165.1|WP_430515484.1,1,Singleton,,phage tail tip protein,,
GCF_000801185.2|WP_000005468.1,1,Singleton,,hypothetical protein,,
GCF_000801185.2|WP_000006271.1,1,Singleton,dbpB,DGQHR domain-containing protein DpdB,,
GCF_000801185.2|WP_000008165.1,6,Accessory,yfdR,5'-deoxynucleotidase,,
GCF_000801185.2|WP_000013440.1,2,Accessory,,hypothetical protein,,
GCF_000801185.2|WP_000029342.1,4,Accessory,casB,type I-E CRISPR-associated protein Cse2/CasB,,GO:0043571
GCF_000801185.2|WP_000030199.1,2,Accessory,,hypothetical protein,,
GCF_000801185.2|WP_000038919.1,1,Singleton,,hypothetical protein,,
GCF_000801185.2|WP_000040320.1,1,Singleton,dpdA,tRNA-guanine transglycosylase DpdA,glycosyltransferase activity|0016757||IEA,"GO:0006400,GO:0016757"
GCF_000801185.2|WP_000042395.1,2,Accessory,,helix-turn-helix domain-containing protein,DNA binding|0003677||IEA,GO:0003677
GCF_000801185.2|WP_000061147.1,1,Singleton,,hypothetical protein,,
GCF_000801185.2|WP_000064387.1,2,Accessory,,hypothetical protein,,
GCF_000801185.2|WP_000078438.1,1,Singleton,,MFS transporter,transmembrane transporter activity|0022857||IEA,"GO:0055085,GO:0022857"
GCF_000801185.2|WP_000086114.1,2,Accessory,,DNA methylase,,
GCF_000801185.2|WP_000103621.1,1,Singleton,,hypothetical protein,,
GCF_000801185.2|WP_000113186.1,4,Accessory,,excisionase,DNA binding|0003677||IEA,"GO:0006310,GO:0003677"
GCF_000801185.2|WP_000113645.1,1,Singleton,,phage terminase small subunit P27 family,,
GCF_000801185.2|WP_000126663.1,1,Singleton,,single-stranded DNA-binding protein,single-stranded DNA binding|0003697||IEA,"GO:0006260,GO:0003697"
GCF_000801185.2|WP_000133383.1,2,Accessory,gp17,tail completion protein gp17,,
GCF_000801185.2|WP_000134113.1,1,Singleton,,head-tail connector protein,,GO:0016032
GCF_000801185.2|WP_000147364.1,1,Singleton,,hypothetical protein,,
GCF_000801185.2|WP_000157095.1,2,Accessory,,molybdopterin-guanine dinucleotide biosynthesis protein MobC,,
GCF_000801185.2|WP_000172990.1,2,Accessory,,phage major capsid protein,structural molecule activity|0005198||IEA,"GO:0019068,GO:0005198,GO:0044423"
GCF_000801185.2|WP_000174068.1,1,Singleton,,hypothetical protein,,
GCF_000801185.2|WP_000182306.1,2,Accessory,,hypothetical protein,,
GCF_000801185.2|WP_000182904.1,9,Accessory,gatA,PTS galactitol transporter subunit IIA,,
GCF_000801185.2|WP_000184775.1,2,Accessory,,cytidylyltransferase domain-containing protein,,
GCF_000801185.2|WP_000189120.1,11,Core,nfsA,nitroreductase NfsA,,
GCF_000801185.2|WP_000194515.1,2,Accessory,cscA,sucrose-6-phosphate hydrolase,,
GCF_000801185.2|WP_000200503.1,1,Singleton,,hypothetical protein,,
GCF_000801185.2|WP_000202167.1,1,Singleton,,DUF4123 domain-containing protein,,
GCF_000801185.2|WP_000204742.1,1,Singleton,rfaL,O-antigen ligase RfaL,,
GCF_000801185.2|WP_000205117.1,2,Accessory,wzy,O104 family O-antigen polymerase,,
GCF_000801185.2|WP_000206811.1,6,Accessory,yfdT,protein YfdT,,
GCF_000801185.2|WP_000209422.1,1,Singleton,dpdI,protein DpdI,,
GCF_000801185.2|WP_000211993.1,2,Accessory,,ORF6N domain-containing protein,,
GCF_000801185.2|WP_000214990.1,1,Singleton,,response regulator receiver domain,,
GCF_000801185.2|WP_000216448.1,2,Accessory,,prophage tail fiber N-terminal domain-containing protein,,
GCF_000801185.2|WP_000220092.1,1,Singleton,,hypothetical protein,,
GCF_000801185.2|WP_000227812.1,1,Singleton,,lipopolysaccharide N-acetylglucosaminyltransferase,,
GCF_000801185.2|WP_000235126.1,6,Accessory,,phage tail protein,,
GCF_000801185.2|WP_000236763.1,1,Singleton,,hypothetical protein,,
GCF_000801185.2|WP_000242979.1,2,Accessory,,hypothetical protein,,
GCF_000801185.2|WP_000256226.1,1,Singleton,,AAA domain-containing protein,helicase activity|0004386||IEA,GO:0004386
GCF_000801185.2|WP_000264514.1,1,Singleton,,phospholipase effector Tle1 domain-containing protein,,
GCF_000801185.2|WP_000267604.1,1,Singleton,,phage portal protein,structural molecule activity|0005198||IEA,"GO:0019068,GO:0005198,GO:0044423"
GCF_000801185.2|WP_000271631.1,3,Accessory,tolA,cell envelope integrity protein TolA,transporter activity|0005215||IEA,"GO:0006810,GO:0005215,GO:0098567"
GCF_000801185.2|WP_000274460.1,2,Accessory,,DUF1380 family protein,,
GCF_000801185.2|WP_000276887.1,1,Singleton,,MucR family transcriptional regulator,"DNA binding|0003677||IEA,zinc ion binding|0008270||IEA","GO:0006355,GO:0003677,GO:0008270"
GCF_000801185.2|WP_000286857.1,2,Accessory,,hypothetical protein,,
GCF_000801185.2|WP_000287458.1,7,Accessory,pgaA,poly-beta-1%2C6 N-acetyl-D-glucosamine export porin PgaA,poly-beta-1%2C6-N-acetyl-D-glucosamine transmembrane transporter activity|1901515||IEA,GO:1901515
GCF_000801185.2|WP_000287892.1,1,Singleton,,YagK/YfjJ domain-containing protein,,
GCF_000801185.2|WP_000323309.1,1,Singleton,,hypothetical protein,,
GCF_000801185.2|WP_000332368.1,1,Singleton,dpdD,protein DpdD,,
GCF_000801185.2|WP_000334995.1,1,Singleton,,hypothetical protein,,
GCF_000801185.2|WP_000342737.1,2,Accessory,,hypothetical protein,,
GCF_000801185.2|WP_000343102.1,2,Accessory,,hypothetical protein,,
GCF_000801185.2|WP_000357163.1,2,Accessory,,sugar ABC transporter permease,"ATPase-coupled transmembrane transporter activity|0042626||IEA,ABC-type transporter activity|0140359||IEA","GO:0008643,GO:0042626,GO:0140359,GO:0016020,GO:0043190"
GCF_000801185.2|WP_000380400.1,2,Accessory,,hypothetical protein,,
GCF_000801185.2|WP_000399648.1,1,Singleton,,IS110-like element IS621 family transposase,transposase activity|0004803||IEA,"GO:0006313,GO:0004803"
GCF_000801185.2|WP_000410810.1,1,Singleton,,RecQ family ATP-dependent DNA helicase,"DNA binding|0003677||IEA,ATP binding|0005524||IEA,ATP hydrolysis activity|0016887||IEA,3'-5' DNA helicase activity|0043138||IEA","GO:0006281,GO:0003677,GO:0005524,GO:0016887,GO:0043138"
GCF_000801185.2|WP_000431483.1,1,Singleton,dpdF,protein DpdF,nucleic acid binding|0003676||IEA,GO:0003676
GCF_000801185.2|WP_000438829.1,3,Accessory,,hypothetical protein,,
GCF_000801185.2|WP_000448925.1,1,Singleton,,hypothetical protein,,
GCF_000801185.2|WP_000450222.1,10,Accessory,dicB,cell division inhibition protein DicB,,
GCF_000801185.2|WP_000500956.1,1,Singleton,,hypothetical protein,,
GCF_000801185.2|WP_000504057.1,2,Accessory,,HK97 family phage prohead protease,"structural molecule activity|0005198||IEA,peptidase activity|0008233||IEA","GO:0019068,GO:0019082,GO:0005198,GO:0008233"
GCF_000801185.2|WP_000520190.1,7,Accessory,,DUF1187 family protein,,
GCF_000801185.2|WP_000522561.1,1,Singleton,,DUF3304 domain-containing protein,,
GCF_000801185.2|WP_000526430.1,1,Singleton,,hypothetical protein,,
GCF_000801185.2|WP_000539306.1,1,Singleton,,hypothetical protein,,
GCF_000801185.2|WP_000539684.1,2,Accessory,pilM,type IV pilus biogenesis protein PilM,,
GCF_000801185.2|WP_000543626.1,1,Singleton,,hypothetical protein,,
GCF_000801185.2|WP_000553979.1,1,Singleton,,hypothetical protein,,
GCF_000801185.2|WP_000559922.1,1,Singleton,,hypothetical protein,,
GCF_000801185.2|WP_000575285.1,1,Singleton,dpdH,protein DpdH,,
GCF_000801185.2|WP_000577254.1,1,Singleton,,ATP-binding protein,,
GCF_000801185.2|WP_000581020.1,4,Accessory,,PerC family transcriptional regulator,,
GCF_000801185.2|WP_000581608.1,2,Accessory,,TrmB family transcriptional regulator,"DNA binding|0003677||IEA,DNA-binding transcription factor activity|0003700||IEA,transcription regulator activity|0140110||IEA","GO:0006355,GO:0003677,GO:0003700,GO:0140110"
GCF_000801185.2|WP_000582552.1,2,Accessory,,amidohydrolase family protein,"hydrolase activity|0016787||IEA,metal ion binding|0046872||IEA","GO:0016787,GO:0046872"
GCF_000801185.2|WP_000598869.1,8,Accessory,yncG,glutathione S-transferase family protein,protein binding|0005515||IEA,"GO:0006749,GO:0005515"
GCF_000801185.2|WP_000609151.1,2,Accessory,dqlB,DinQ-like type I toxin DqlB,,
GCF_000801185.2|WP_000615976.1,8,Accessory,yafQ,type II toxin-antitoxin system mRNA interferase toxin YafQ,,
GCF_000801185.2|WP_000618002.1,2,Accessory,,hypothetical protein,,
GCF_000801185.2|WP_000632888.1,2,Accessory,,ShET2/EspL2 family type III secretion system effector toxin,,
GCF_000801185.2|WP_000649041.1,1,Singleton,,hypothetical protein,,
GCF_000801185.2|WP_000675892.1,1,Singleton,dpdJ,protein DpdJ,nucleic acid binding|0003676||IEA,GO:0003676
GCF_000801185.2|WP_000676929.1,3,Accessory,,glycoside hydrolase family 15 protein,,
GCF_000801185.2|WP_000683075.1,6,Accessory,,phage minor tail U family protein,,
GCF_000801185.2|WP_000690238.1,9,Accessory,ycjR,sugar phosphate isomerase/epimerase family protein,"catalytic activity|0003824||IEA,isomerase activity|0016853||IEA","GO:0003824,GO:0016853"
GCF_000801185.2|WP_000690895.1,1,Singleton,tssK,type VI secretion system baseplate subunit TssK,,GO:0033103
GCF_000801185.2|WP_000701093.1,2,Accessory,,hypothetical protein,,
GCF_000801185.2|WP_000710934.1,2,Accessory,,phage tail assembly chaperone,,
GCF_000801185.2|WP_000712314.1,1,Singleton,tssL,type VI secretion system protein TssL%2C short form,,
GCF_000801185.2|WP_000723247.1,2,Accessory,neuC,UDP-N-acetylglucosamine 2-epimerase,UDP-N-acetylglucosamine 2-epimerase activity|0008761||IEA,"GO:0006047,GO:0008761"
GCF_000801185.2|WP_000727834.1,2,Accessory,,acetyltransferase,,
GCF_000801185.2|WP_000735655.1,2,Accessory,,hypothetical protein,,
GCF_000801185.2|WP_000737404.1,1,Singleton,,hypothetical protein,,
GCF_000801185.2|WP_000738072.1,2,Accessory,,Shiga toxin Stx2a subunit B,,
GCF_000801185.2|WP_000759875.1,2,Accessory,,RHS element protein dsORF-e4,,
GCF_000801185.2|WP_000762580.1,2,Accessory,,colicin E1 family microcin immunity protein,toxic substance binding|0015643||IEA,"GO:0030153,GO:0015643"
GCF_000801185.2|WP_000764083.1,1,Singleton,,transglycosylase SLT domain-containing protein,,
GCF_000801185.2|WP_000774037.1,2,Accessory,,hypothetical protein,,
GCF_000801185.2|WP_000777726.1,2,Accessory,,maltose ABC transporter substrate-binding protein,,
GCF_000801185.2|WP_000783992.1,2,Accessory,,glycosyltransferase family 52,,
GCF_000801185.2|WP_000788411.1,2,Accessory,,hypothetical protein,,
GCF_000801185.2|WP_000789404.1,1,Singleton,,type VI secretion system-associated protein TagO,,
GCF_000801185.2|WP_000789769.1,2,Accessory,,glycosyltransferase,glycosyltransferase activity|0016757||IEA,"GO:0006486,GO:0016757"
GCF_000801185.2|WP_000794367.1,1,Singleton,,BRO-N domain-containing protein,DNA binding|0003677||IEA,GO:0003677
GCF_000801185.2|WP_000796959.1,1,Singleton,,hypothetical protein,,
GCF_000801185.2|WP_000798060.1,1,Singleton,hyxB,outer membrane autotransporter HyxB,,
GCF_000801185.2|WP_000798115.1,8,Accessory,ydjJ,NAD(P)-dependent alcohol dehydrogenase,,
GCF_000801185.2|WP_000800142.1,5,Accessory,,XRE family transcriptional regulator,DNA binding|0003677||IEA,GO:0003677
GCF_000801185.2|WP_000813360.1,2,Accessory,,DUF4761 family protein,,
GCF_000801185.2|WP_000813639.1,2,Accessory,ccdA,type II toxin-antitoxin system antitoxin CcdA,,
GCF_000801185.2|WP_000817799.1,2,Accessory,,hypothetical protein,,
GCF_000801185.2|WP_000820104.1,7,Accessory,gspI,type II secretion system minor pseudopilin GspI,,"GO:0015628,GO:0015627"
GCF_000801185.2|WP_000822649.1,10,Accessory,,fimbrial protein,,"GO:0007155,GO:0009289"
GCF_000801185.2|WP_000833612.1,2,Accessory,,helicase RepA family protein,,
GCF_000801185.2|WP_000836746.1,1,Singleton,,glycoside hydrolase family 108 protein,hydrolase activity%2C hydrolyzing O-glycosyl compounds|0004553||IEA,GO:0004553
GCF_000801185.2|WP_000839249.1,4,Accessory,,DUF957 domain-containing protein,,
GCF_000801185.2|WP_000842823.1,5,Accessory,yibB,protein YibB,,
GCF_000801185.2|WP_000846261.1,1,Singleton,,aldose 1-epimerase,,
GCF_000801185.2|WP_000848138.1,2,Accessory,,type IV secretory system conjugative DNA transfer family protein,,
GCF_000801185.2|WP_000859017.1,1,Singleton,,HTH domain-containing protein,,
GCF_000801185.2|WP_000867987.1,1,Singleton,,CatB-related O-acetyltransferase,acyltransferase activity|0016746||IEA,"GO:0046677,GO:0016746"
GCF_000801185.2|WP_000870986.1,3,Accessory,,lytic transglycosylase domain-containing protein,,
GCF_000801185.2|WP_000873944.1,7,Accessory,ybfB,protein YbfB,,
GCF_000801185.2|WP_000878014.1,1,Singleton,,IS110 family transposase,transposase activity|0004803||IEA,GO:0004803
GCF_000801185.2|WP_000912970.1,2,Accessory,subA,subtilase AB5 cytotoxin subunit A,,
GCF_000801185.2|WP_000920337.1,10,Accessory,creD,cell envelope integrity protein CreD,,
GCF_000801185.2|WP_000946266.1,2,Accessory,traX,conjugal transfer protein TraX,,
GCF_000801185.2|WP_000953271.1,1,Singleton,,helix-turn-helix transcriptional regulator,"DNA binding|0003677||IEA,DNA-binding transcription factor activity|0003700||IEA","GO:0006355,GO:0003677,GO:0003700"
GCF_000801185.2|WP_000958387.1,2,Accessory,,terminase small subunit,,
GCF_000801185.2|WP_000960006.1,1,Singleton,,hypothetical protein,,
GCF_000801185.2|WP_000974993.1,6,Accessory,,phage tail protein,,
GCF_000801185.2|WP_000977390.1,1,Singleton,,DUF4198 domain-containing protein,,
GCF_000801185.2|WP_000987022.1,2,Accessory,traQ,conjugal transfer protein TraQ,,
GCF_000801185.2|WP_000990552.1,1,Singleton,,DUF3969 family protein,,
GCF_000801185.2|WP_000996700.1,5,Accessory,,type II toxin-antitoxin system PemK/MazF family toxin,DNA binding|0003677||IEA,GO:0003677
GCF_000801185.2|WP_000997067.1,1,Singleton,,Hcp family type VI secretion system effector,,GO:0033103
GCF_000801185.2|WP_000997724.1,2,Accessory,,hypothetical protein,,
GCF_000801185.2|WP_000999466.1,9,Accessory,,N-acetyl-alpha-D-glucosaminyl-diphospho-ditrans%2Coctacis-undecaprenol 4-epimerase,,
GCF_000801185.2|WP_001018786.1,1,Singleton,dpdG,protein DpdG,,
GCF_000801185.2|WP_001020660.1,2,Accessory,,phage head closure protein,structural molecule activity|0005198||IEA,"GO:0019068,GO:0005198,GO:0044423"
GCF_000801185.2|WP_001024758.1,2,Accessory,,conjugal transfer protein,,
GCF_000801185.2|WP_001031427.1,6,Accessory,ybcW,protein YbcW,,
GCF_000801185.2|WP_001032733.1,1,Singleton,,hypothetical protein,,
GCF_000801185.2|WP_001034031.1,2,Accessory,neuB,N-acetylneuraminate synthase,catalytic activity|0003824||IEA,"GO:0016051,GO:0003824"
GCF_000801185.2|WP_001046032.1,3,Accessory,lpfD-O113,long polar fimbrial minor subunit LpfD-O113,,
GCF_000801185.2|WP_001056369.1,2,Accessory,,hypothetical protein,,
GCF_000801185.2|WP_001056745.1,2,Accessory,wzx,O104 family O-antigen flippase,,
GCF_000801185.2|WP_001056888.1,1,Singleton,,phage antirepressor N-terminal domain-containing protein,,
GCF_000801185.2|WP_001063099.1,2,Accessory,,hypothetical protein,,
GCF_000801185.2|WP_001065352.1,1,Singleton,,hypothetical protein,,
GCF_000801185.2|WP_001081199.1,2,Accessory,,DotD/TraH family lipoprotein,,
GCF_000801185.2|WP_001096087.1,2,Accessory,,carbohydrate ABC transporter permease,"ATPase-coupled transmembrane transporter activity|0042626||IEA,ABC-type transporter activity|0140359||IEA","GO:0008643,GO:0055085,GO:0042626,GO:0140359"
GCF_000801185.2|WP_001100987.1,1,Singleton,,glycosyltransferase family 9 protein,glycosyltransferase activity|0016757||IEA,GO:0016757
GCF_000801185.2|WP_001142405.1,1,Singleton,,hypothetical protein,,
GCF_000801185.2|WP_001144036.1,2,Accessory,,ParA family protein,"ATP binding|0005524||IEA,ATP hydrolysis activity|0016887||IEA","GO:0005524,GO:0016887"
GCF_000801185.2|WP_001145249.1,1,Singleton,,hypothetical protein,,
GCF_000801185.2|WP_001145905.1,1,Singleton,,HNH endonuclease signature motif containing protein,"nucleic acid binding|0003676||IEA,endonuclease activity|0004519||IEA,zinc ion binding|0008270||IEA","GO:0003676,GO:0004519,GO:0008270"
GCF_000801185.2|WP_001165564.1,2,Accessory,,DotH/IcmK family type IV secretion protein,,
GCF_000801185.2|WP_001173927.1,1,Singleton,,zinc ribbon domain-containing protein,zinc ion binding|0008270||IEA,GO:0008270
GCF_000801185.2|WP_001189111.1,1,Singleton,ltrA,group II intron reverse transcriptase/maturase,RNA-directed DNA polymerase activity|0003964||IEA,"GO:0000373,GO:0003964"
GCF_000801185.2|WP_001197016.1,9,Accessory,,oligosaccharide MFS transporter,carbohydrate:proton symporter activity|0005351||IEA,"GO:0008643,GO:0005351,GO:0016020"
GCF_000801185.2|WP_001200462.1,1,Singleton,,AAA family ATPase,"ATP binding|0005524||IEA,ATP hydrolysis activity|0016887||IEA","GO:0005524,GO:0016887"
GCF_000801185.2|WP_001228923.1,11,Core,,porin,porin activity|0015288||IEA,"GO:0015288,GO:0016020"
GCF_000801185.2|WP_001234254.1,2,Accessory,,phage tail assembly protein T,,
GCF_000801185.2|WP_001246539.1,1,Singleton,,OmpA family protein,"porin activity|0015288||IEA,peptidoglycan binding|0042834||IEA","GO:0015288,GO:0042834,GO:0009279"
GCF_000801185.2|WP_001275432.1,2,Accessory,,major tail subunit,,
GCF_000801185.2|WP_001276717.1,6,Accessory,,rhomboid family intramembrane serine protease,serine-type endopeptidase activity|0004252||IEA,"GO:0004252,GO:0016020"
GCF_000801185.2|WP_001278818.1,2,Accessory,,plasmid partitioning/stability family protein,,
GCF_000801185.2|WP_001280927.1,2,Accessory,,hypothetical protein,,
GCF_000801185.2|WP_001280952.1,5,Accessory,,type IV toxin-antitoxin system YeeU family antitoxin,,
GCF_000801185.2|WP_001283354.1,2,Accessory,,colicin Ia central receptor-binding domain-containing protein,,"GO:0019835,GO:0031640,GO:0050829,GO:0016020"
GCF_000801185.2|WP_001287263.1,2,Accessory,,DotI/IcmL family type IV secretion protein,,
GCF_000801185.2|WP_001289967.1,1,Singleton,,ead/Ea22-like family protein,,
GCF_000801185.2|WP_001291058.1,2,Accessory,mobA,plasmid mobilization protein MobA,,GO:0006355
GCF_000801185.2|WP_001294395.1,8,Accessory,yehM,DUF5682 family protein,,
GCF_000801185.2|WP_001297127.1,3,Accessory,,tetratricopeptide repeat protein,protein binding|0005515||IEA,GO:0005515
GCF_000801185.2|WP_001297137.1,3,Accessory,,DUF1778 domain-containing protein,,
GCF_000801185.2|WP_001297758.1,4,Accessory,tssC,type VI secretion system contractile sheath large subunit,,"GO:0033103,GO:0033104"
GCF_000801185.2|WP_001299026.1,1,Singleton,,Bax inhibitor-1 family protein,,
GCF_000801185.2|WP_001300314.1,6,Accessory,yfdN,PerC family transcriptional regulator,,
GCF_000801185.2|WP_001303900.1,1,Singleton,,IS1-like element transposase,,
GCF_000801185.2|WP_001306377.1,1,Singleton,,hypothetical protein,,
GCF_000801185.2|WP_001307257.1,2,Accessory,,hypothetical protein,,
GCF_000801185.2|WP_001315275.1,1,Singleton,hyxR,LuxR family transcriptional regulator HyxR,,
GCF_000801185.2|WP_001315988.1,1,Singleton,dpdE,protein DpdE,ATP binding|0005524||IEA,GO:0005524
GCF_000801185.2|WP_001315990.1,4,Accessory,,putative zinc ribbon protein,,
GCF_000801185.2|WP_001315991.1,1,Singleton,,YagK/YfjJ domain-containing protein,,
GCF_000801185.2|WP_001317510.1,2,Accessory,,transcription termination/antitermination NusG family protein,,"GO:0006354,GO:0006355,GO:0140673"
GCF_000801185.2|WP_001342524.1,2,Accessory,,LacI family DNA-binding transcriptional regulator,DNA binding|0003677||IEA,"GO:0006355,GO:0003677"
GCF_000801185.2|WP_001345234.1,11,Core,dusC,tRNA dihydrouridine(16) synthase DusC,"tRNA dihydrouridine synthase activity|0017150||IEA,flavin adenine dinucleotide binding|0050660||IEA","GO:0002943,GO:0017150,GO:0050660"
GCF_000801185.2|WP_001345525.1,2,Accessory,,alpha/beta hydrolase,hydrolase activity|0016787||IEA,GO:0016787
GCF_000801185.2|WP_001364171.1,1,Singleton,,hypothetical protein,,
GCF_000801185.2|WP_001364204.1,1,Singleton,,hypothetical protein,,
GCF_000801185.2|WP_001365055.1,2,Accessory,,Shiga toxin Stx2 subunit A,,
GCF_000801185.2|WP_001365075.1,2,Accessory,,hypothetical protein,,
GCF_000801185.2|WP_001365635.1,2,Accessory,ehxC,enterohemolysin-activating lysine-acyltransferase EhxC,,
GCF_000801185.2|WP_001365959.1,2,Accessory,,type II toxin-antitoxin system RelE/ParE family toxin,,
GCF_000801185.2|WP_001367953.1,2,Accessory,,outer membrane protein,,GO:0009279
GCF_000801185.2|WP_001367978.1,1,Singleton,,YagK/YfjJ domain-containing protein,,
GCF_000801185.2|WP_001373081.1,2,Accessory,subB,subtilase AB5 cytotoxin subunit B,,
GCF_000801185.2|WP_001376400.1,2,Accessory,,terminase large subunit,"endonuclease activity|0004519||IEA,ATP binding|0005524||IEA,ATP-dependent activity|0140657||IEA","GO:0004519,GO:0005524,GO:0140657"
GCF_000801185.2|WP_001376499.1,11,Core,,phosphoethanolamine transferase,phosphotransferase activity%2C phosphate group as acceptor|0016776||IEA,"GO:0009244,GO:1900727,GO:0016776"
GCF_000801185.2|WP_001376509.1,1,Singleton,,hypothetical protein,,
GCF_000801185.2|WP_001379880.1,2,Accessory,,Nif3-like dinuclear metal center hexameric protein,,
GCF_000801185.2|WP_001390705.1,1,Singleton,,helix-turn-helix domain-containing protein,DNA binding|0003677||IEA,GO:0003677
GCF_000801185.2|WP_001391592.1,1,Singleton,,IS1 family transposase,"DNA binding|0003677||IEA,transposase activity|0004803||IEA","GO:0006313,GO:0003677,GO:0004803"
GCF_000801185.2|WP_001398805.1,1,Singleton,,DNA-processing protein DprA,DNA/DNA annealing activity|1990814||IEA,"GO:0009294,GO:1990814"
GCF_000801185.2|WP_001406334.1,1,Singleton,hyxA,protein HyxA,,
GCF_000801185.2|WP_001446456.1,1,Singleton,,hypothetical protein,,
GCF_000801185.2|WP_001563237.1,2,Accessory,excA,plasmid IncI1-type surface exclusion protein ExcA,,
GCF_000801185.2|WP_001578623.1,1,Singleton,,hypothetical protein,,
GCF_000801185.2|WP_001597028.1,2,Accessory,,DsbC family protein,protein disulfide isomerase activity|0003756||IEA,GO:0003756
GCF_000801185.2|WP_001701050.1,1,Singleton,,HNH endonuclease,"nucleic acid binding|0003676||IEA,endonuclease activity|0004519||IEA,zinc ion binding|0008270||IEA","GO:0003676,GO:0004519,GO:0008270"
GCF_000801185.2|WP_001748751.1,10,Accessory,sslE,lipoprotein metalloprotease SslE,,
GCF_000801185.2|WP_001763232.1,1,Singleton,,IS1 family transposase,"DNA binding|0003677||IEA,transposase activity|0004803||IEA","GO:0006313,GO:0003677,GO:0004803"
GCF_000801185.2|WP_011310099.1,2,Accessory,,relaxase/mobilization nuclease domain-containing protein,,
GCF_000801185.2|WP_021292752.1,2,Accessory,,beta-L-arabinofuranosidase domain-containing protein,,
GCF_000801185.2|WP_021292753.1,2,Accessory,,UDP-3-O-(3-hydroxymyristoyl)glucosamine N-acyltransferase,N-acyltransferase activity|0016410||IEA,"GO:0009245,GO:0016410"
GCF_000801185.2|WP_021292754.1,2,Accessory,,glycoside hydrolase family 13 protein,hydrolase activity%2C hydrolyzing O-glycosyl compounds|0004553||IEA,"GO:0005975,GO:0004553"
GCF_000801185.2|WP_021292772.1,2,Accessory,,ShlB/FhaC/HecB family hemolysin secretion/activation protein,porin activity|0015288||IEA,"GO:0006811,GO:0015031,GO:0015288,GO:0046930"
GCF_000801185.2|WP_021292774.1,2,Accessory,,hypothetical protein,,
GCF_000801185.2|WP_021292782.1,2,Accessory,,type II secretion system F family protein,,
GCF_000801185.2|WP_021292783.1,2,Accessory,,prepilin peptidase,aspartic-type endopeptidase activity|0004190||IEA,"GO:0004190,GO:0016020"
GCF_000801185.2|WP_021292784.1,2,Accessory,pilV,shufflon system plasmid conjugative transfer pilus tip adhesin PilV,,
GCF_000801185.2|WP_021292787.1,2,Accessory,,hypothetical protein,,
GCF_000801185.2|WP_021292788.1,2,Accessory,,hypothetical protein,,
GCF_000801185.2|WP_021292789.1,3,Accessory,,hypothetical protein,,
GCF_000801185.2|WP_021292791.1,2,Accessory,,hypothetical protein,,
GCF_000801185.2|WP_021292795.1,2,Accessory,traO,conjugal transfer protein TraO,,
GCF_000801185.2|WP_021292796.1,2,Accessory,traP,conjugal transfer protein TraP,,
GCF_000801185.2|WP_021292797.1,2,Accessory,,hypothetical protein,,
GCF_000801185.2|WP_021292799.1,2,Accessory,,hypothetical protein,,
GCF_000801185.2|WP_021292801.1,2,Accessory,,DUF2569 family protein,,
GCF_000801185.2|WP_021292876.1,6,Accessory,,phage protein,,
GCF_000801185.2|WP_021292909.1,6,Accessory,yhcG,PDDEXK nuclease domain-containing protein,"DNA binding|0003677||IEA,nuclease activity|0004518||IEA","GO:0003677,GO:0004518"
GCF_000801185.2|WP_021292930.1,2,Accessory,,hypothetical protein,,
GCF_000801185.2|WP_021292931.1,2,Accessory,,terminase large subunit,"endonuclease activity|0004519||IEA,ATP binding|0005524||IEA,ATP-dependent activity|0140657||IEA","GO:0004519,GO:0005524,GO:0140657"
GCF_000801185.2|WP_021292998.1,2,Accessory,,colicin E1 family microcin immunity protein,toxic substance binding|0015643||IEA,"GO:0030153,GO:0015643"
GCF_000801185.2|WP_021293056.1,1,Singleton,,recombinase family protein,,
GCF_000801185.2|WP_021293058.1,1,Singleton,,hypothetical protein,,
GCF_000801185.2|WP_021293063.1,1,Singleton,,hypothetical protein,,
GCF_000801185.2|WP_021293066.1,2,Accessory,,aminoimidazole riboside kinase,kinase activity|0016301||IEA,GO:0016301
GCF_000801185.2|WP_021293090.1,1,Singleton,,phage tail protein,,"GO:0019062,GO:0046718"
GCF_000801185.2|WP_021293099.1,2,Accessory,,TonB family protein,secondary active transmembrane transporter activity|0015291||IEA,"GO:0006810,GO:0015291"
GCF_000801185.2|WP_021293107.1,1,Singleton,,hypothetical protein,,
GCF_000801185.2|WP_021293110.1,1,Singleton,,DUF927 domain-containing protein,,
GCF_000801185.2|WP_021293132.1,1,Singleton,,GmrSD restriction endonuclease domain-containing protein,,
GCF_000801185.2|WP_021293134.1,3,Accessory,,helix-turn-helix domain-containing protein,,
GCF_000801185.2|WP_021293137.1,1,Singleton,,esterase-like activity of phytase family protein,,
GCF_000801185.2|WP_021293159.1,2,Accessory,,Rha family transcriptional regulator,,
GCF_000801185.2|WP_021293171.1,4,Accessory,,leucine-rich repeat domain-containing protein,protein binding|0005515||IEA,GO:0005515
GCF_000801185.2|WP_021293226.1,1,Singleton,,Rha family transcriptional regulator,,
GCF_000801185.2|WP_021293227.1,1,Singleton,,helix-turn-helix domain-containing protein,DNA binding|0003677||IEA,GO:0003677
GCF_000801185.2|WP_021293254.1,2,Accessory,ccdB,type II toxin-antitoxin system toxin CcdB,,
GCF_000801185.2|WP_021293303.1,2,Accessory,ehxD,enterohemolysin T1SS ABC transporter subunit EhxD,,
GCF_000801185.2|WP_021293304.1,2,Accessory,ehxA,enterohemolysin EhxA,,
GCF_000801185.2|WP_021293310.1,2,Accessory,traW,conjugal transfer protein TraW,,
GCF_000801185.2|WP_021293311.1,2,Accessory,,DUF6750 family protein,,
GCF_000801185.2|WP_021293313.1,2,Accessory,,toxin co-regulated pilus biosynthesis Q family protein,,
GCF_000801185.2|WP_021293339.1,2,Accessory,,alpha-mannosidase,,
GCF_000801185.2|WP_021293344.1,1,Singleton,,AAA domain-containing protein,,
GCF_000801185.2|WP_021293345.1,1,Singleton,,hypothetical protein,,
GCF_000801185.2|WP_021293365.1,1,Singleton,,hypothetical protein,,
GCF_000801185.2|WP_021293378.1,1,Singleton,,VasL domain-containing protein,,
GCF_000801185.2|WP_021293385.1,3,Accessory,,bacteriophage antitermination protein Q,,
GCF_000801185.2|WP_021293394.1,1,Singleton,,tyrosine-type recombinase/integrase,,
GCF_000801185.2|WP_021293397.1,11,Core,,terminase small subunit,,
GCF_000801185.2|WP_021293439.1,1,Singleton,,SPFH domain-containing protein,,
GCF_000801185.2|WP_021293440.1,1,Singleton,,hypothetical protein,,
GCF_000801185.2|WP_021293441.1,1,Singleton,,hypothetical protein,,
GCF_000801185.2|WP_021293442.1,1,Singleton,,hypothetical protein,,
GCF_000801185.2|WP_021293450.1,2,Accessory,saa,autoagglutinating adhesin Saa,,
GCF_000801185.2|WP_021293454.1,1,Singleton,dpdK,phospholipase D-like domain-containing protein DpdK,,
GCF_000801185.2|WP_021293489.1,1,Singleton,,phage major capsid protein,structural molecule activity|0005198||IEA,"GO:0019068,GO:0005198,GO:0044423"
GCF_000801185.2|WP_021293490.1,1,Singleton,,hypothetical protein,,
GCF_000801185.2|WP_021552435.1,2,Accessory,,hypothetical protein,,
GCF_000801185.2|WP_021578710.1,1,Singleton,,type VI secretion system Vgr family protein,,"GO:0033103,GO:0033104"
GCF_000801185.2|WP_024173694.1,2,Accessory,,type II toxin-antitoxin system RelE/ParE family toxin,"endonuclease activity|0004519||IEA,toxin activity|0090729||IEA","GO:0004519,GO:0090729,GO:0110001"
GCF_000801185.2|WP_024174019.1,11,Core,,OB-fold-containig protein,,
GCF_000801185.2|WP_024177317.1,1,Singleton,,3'-5' exonuclease,"ATP binding|0005524||IEA,hydrolase activity|0016787||IEA","GO:0005524,GO:0016787"
GCF_000801185.2|WP_024190854.1,1,Singleton,,helix-turn-helix domain-containing protein,DNA binding|0003677||IEA,GO:0003677
GCF_000801185.2|WP_024199659.1,2,Accessory,,hypothetical protein,,
GCF_000801185.2|WP_024199660.1,2,Accessory,,hypothetical protein,,
GCF_000801185.2|WP_024199668.1,1,Singleton,,hypothetical protein,,
GCF_000801185.2|WP_024199674.1,2,Accessory,,SDR family oxidoreductase,,
GCF_000801185.2|WP_024199679.1,2,Accessory,,hypothetical protein,,
GCF_000801185.2|WP_024199692.1,1,Singleton,,DUF5406 family protein,,
GCF_000801185.2|WP_024199761.1,3,Accessory,,TonB-dependent receptor domain-containing protein,,
GCF_000801185.2|WP_024199769.1,1,Singleton,,hypothetical protein,,
GCF_000801185.2|WP_031314521.1,2,Accessory,,recombinase family protein,"DNA strand exchange activity|0000150||IEA,DNA binding|0003677||IEA","GO:0006310,GO:0015074,GO:0000150,GO:0003677"
GCF_000801185.2|WP_032149715.1,1,Singleton,,hypothetical protein,,
GCF_000801185.2|WP_032150120.1,1,Singleton,,hypothetical protein,,
GCF_000801185.2|WP_032317051.1,1,Singleton,,PAAR domain-containing protein,zinc ion binding|0008270||IEA,GO:0008270
GCF_000801185.2|WP_032317171.1,1,Singleton,,PAAR/RHS domain-containing protein,,
GCF_000801185.2|WP_033817147.1,2,Accessory,,DUF6404 family protein,,
GCF_000801185.2|WP_039259893.1,1,Singleton,,hypothetical protein,,
GCF_000801185.2|WP_039259895.1,1,Singleton,,Rha family phage regulatory protein,,
GCF_000801185.2|WP_040118365.1,2,Accessory,,type 4 pilus major pilin,,
GCF_000801185.2|WP_040118366.1,1,Singleton,,DotA/TraY family protein,,
GCF_000801185.2|WP_040118372.1,1,Singleton,,hypothetical protein,,
GCF_000801185.2|WP_040118373.1,2,Accessory,,OmpA family protein,,
GCF_000801185.2|WP_040118375.1,11,Core,,L-lactate permease,"lactate transmembrane transporter activity|0015129||IEA,solute:proton symporter activity|0015295||IEA","GO:0015727,GO:0015129,GO:0015295,GO:0005886"
GCF_000801185.2|WP_040118377.1,1,Singleton,pilO2,type 4b pilus protein PilO2,,
GCF_000801185.2|WP_048264131.1,2,Accessory,pilP,type IV pilus biogenesis protein PilP,,GO:0009297
GCF_000801185.2|WP_071531845.1,2,Accessory,,CPCC family cysteine-rich protein,,
GCF_000801185.2|WP_071883250.1,1,Singleton,,prepilin-type N-terminal cleavage/methylation domain-containing protein,,
GCF_000801185.2|WP_072094473.1,2,Accessory,ehxB,enterohemolysin T1SS ABC transporter permease/ATPase EhxB,,
GCF_000801185.2|WP_122996095.1,5,Accessory,,PstS family phosphate ABC transporter substrate-binding protein,"transmembrane transporter activity|0022857||IEA,ATPase-coupled transmembrane transporter activity|0042626||IEA,ABC-type transporter activity|0140359||IEA","GO:0006817,GO:0022857,GO:0042626,GO:0140359,GO:0055052"
GCF_000801185.2|WP_129560323.1,1,Singleton,,hypothetical protein,,
GCF_000801185.2|WP_148935988.1,1,Singleton,,conjugal transfer protein TraT,,
GCF_000801185.2|WP_148936795.1,1,Singleton,,hypothetical protein,,
GCF_000801185.2|WP_157903494.1,1,Singleton,,hypothetical protein,,
GCF_000801185.2|WP_172968413.1,1,Singleton,,hypothetical protein,,
GCF_000801185.2|WP_187642537.1,1,Singleton,,hypothetical protein,,
GCF_000801185.2|WP_225276405.1,2,Accessory,,hypothetical protein,,
GCF_000801185.2|WP_244468453.1,2,Accessory,,host cell division inhibitor Icd-like protein,,
GCF_000801185.2|WP_244469305.1,1,Singleton,,hypothetical protein,,
GCF_000801185.2|WP_249399658.1,1,Singleton,,PAAR domain-containing protein,,
GCF_000801185.2|WP_306292336.1,1,Singleton,,arginase,,
GCF_000801185.2|WP_306308484.1,2,Accessory,,MarR family transcriptional regulator,DNA-binding transcription factor activity|0003700||IEA,"GO:0006355,GO:0003700"
GCF_000801185.2|WP_306308498.1,1,Singleton,,hypothetical protein,,
GCF_000801185.2|WP_418886025.1,1,Singleton,,hypothetical protein,,
GCF_000801185.2|WP_418886155.1,1,Singleton,lysC,Rz1-like lysis system protein LysC,,
GCF_000830035.1|WP_000006260.1,7,Accessory,rayT,REP-associated tyrosine transposase RayT,,
GCF_000830035.1|WP_000014858.1,10,Accessory,rhsD,rhs element protein RhsD,,
GCF_000830035.1|WP_000020596.1,5,Accessory,,hypothetical protein,,
GCF_000830035.1|WP_000026224.1,1,Singleton,,hypothetical protein,,
GCF_000830035.1|WP_000040858.1,8,Accessory,intR,site-specific integrase,,
GCF_000830035.1|WP_000045178.1,11,Core,udp,uridine phosphorylase,pentosyltransferase activity|0016763||IEA,"GO:0009116,GO:0016763"
GCF_000830035.1|WP_000050905.1,3,Accessory,,hypothetical protein,,
GCF_000830035.1|WP_000064010.1,5,Accessory,,glycosyltransferase family 2 protein,glycosyltransferase activity|0016757||IEA,GO:0016757
GCF_000830035.1|WP_000065752.1,6,Accessory,,DUF4942 domain-containing protein,,
GCF_000830035.1|WP_000082780.1,5,Accessory,sgcR,DeoR/GlpR family DNA-binding transcription regulator,"DNA binding|0003677||IEA,DNA-binding transcription factor activity|0003700||IEA","GO:0003677,GO:0003700"
GCF_000830035.1|WP_000104800.1,3,Accessory,,phage tail protein,,GO:0098024
GCF_000830035.1|WP_000107574.1,7,Accessory,gspA,type II secretion system protein GspA,,
GCF_000830035.1|WP_000118626.1,5,Accessory,sgcQ,BtpA family protein SgcQ,,
GCF_000830035.1|WP_000131234.1,6,Accessory,symE,endoribonuclease SymE,,
GCF_000830035.1|WP_000166319.1,5,Accessory,recT,recombination protein RecT,DNA binding|0003677||IEA,"GO:0006259,GO:0003677"
GCF_000830035.1|WP_000172051.1,1,Singleton,,hypothetical protein,,
GCF_000830035.1|WP_000178163.1,6,Accessory,gspO,prepilin peptidase GspO,,
GCF_000830035.1|WP_000179691.1,11,Core,nanX,MFS transporter,,
GCF_000830035.1|WP_000193293.1,6,Accessory,,YdfR family protein,,
GCF_000830035.1|WP_000196203.1,3,Accessory,lysB,Rz-like lysis system protein LysB,,
GCF_000830035.1|WP_000201405.1,3,Accessory,,FlxA-like family protein,,
GCF_000830035.1|WP_000217934.1,5,Accessory,mrr,adenine/cytosine-specific restriction endonuclease Mrr,restriction endodeoxyribonuclease activity|0015666||IEA,"GO:0009307,GO:0015666"
GCF_000830035.1|WP_000233810.1,6,Accessory,,hypothetical protein,,
GCF_000830035.1|WP_000235975.1,3,Accessory,,tail fiber domain-containing protein,,"GO:0019062,GO:0046718,GO:0098024"
GCF_000830035.1|WP_000250228.1,3,Accessory,,hypothetical protein,,
GCF_000830035.1|WP_000254999.1,6,Accessory,,surface-adhesin E family protein,,
GCF_000830035.1|WP_000256575.1,1,Singleton,,hypothetical protein,,
GCF_000830035.1|WP_000258604.1,8,Accessory,yneK,putative protein YneK,,
GCF_000830035.1|WP_000268704.1,3,Accessory,,helix-turn-helix domain-containing protein,DNA binding|0003677||IEA,GO:0003677
GCF_000830035.1|WP_000273128.1,3,Accessory,,type II toxin-antitoxin system RelE/ParE family toxin,"endonuclease activity|0004519||IEA,toxin activity|0090729||IEA","GO:0004519,GO:0090729,GO:0110001"
GCF_000830035.1|WP_000354251.1,5,Accessory,yjhP,SAM-dependent methyltransferase,"methyltransferase activity|0008168||IEA,S-adenosylmethionine-dependent methyltransferase activity|0008757||IEA,S-adenosyl-L-methionine binding|1904047||IEA","GO:0032259,GO:0008168,GO:0008757,GO:1904047"
GCF_000830035.1|WP_000355616.1,6,Accessory,,MFS transporter,,
GCF_000830035.1|WP_000443948.1,5,Accessory,mcrB,5-methylcytosine-specific restriction endonuclease subunit McrB,restriction endodeoxyribonuclease activity|0015666||IEA,"GO:0009307,GO:0015666"
GCF_000830035.1|WP_000460843.1,10,Accessory,sgcC,PTS sugar transporter subunit IIC SgcC,,
GCF_000830035.1|WP_000483767.1,5,Accessory,insG,IS4-like element IS4 family transposase,transposase activity|0004803||IEA,"GO:0006313,GO:0004803"
GCF_000830035.1|WP_000487766.1,7,Accessory,,hypothetical protein,,
GCF_000830035.1|WP_000535345.1,9,Accessory,yccE,YccE family protein,,
GCF_000830035.1|WP_000545733.1,4,Accessory,,hypothetical protein,,
GCF_000830035.1|WP_000590251.1,3,Accessory,,ABC transporter ATP-binding protein,"ATP binding|0005524||IEA,ATP hydrolysis activity|0016887||IEA,ATPase-coupled transmembrane transporter activity|0042626||IEA,ABC-type transporter activity|0140359||IEA","GO:0005524,GO:0016887,GO:0042626,GO:0140359"
GCF_000830035.1|WP_000594405.1,6,Accessory,ythA,protein YthA,,
GCF_000830035.1|WP_000600622.1,5,Accessory,sgcE,ribulose-phosphate 3 epimerase family protein,,
GCF_000830035.1|WP_000611568.1,6,Accessory,nanY,2%2C7-anhydro-N-acetylneuraminate hydratase,,
GCF_000830035.1|WP_000628034.1,11,Core,phrB,deoxyribodipyrimidine photo-lyase,,
GCF_000830035.1|WP_000643701.1,10,Accessory,,YhiJ/YhiL family protein,,
GCF_000830035.1|WP_000651266.1,11,Core,eutT,ethanolamine utilization cob(I)yrinic acid a%2Cc-diamide adenosyltransferase EutT,corrinoid adenosyltransferase activity|0008817||IEA,"GO:0006580,GO:0008817"
GCF_000830035.1|WP_000698909.1,11,Core,sbcC,exonuclease subunit SbcC,exonuclease activity|0004527||IEA,"GO:0006260,GO:0004527"
GCF_000830035.1|WP_000722973.1,5,Accessory,sgcB,PTS sugar transporter subunit IIB SgcB,,
GCF_000830035.1|WP_000783735.1,2,Accessory,,phage holin%2C lambda family,,GO:0019835
GCF_000830035.1|WP_000829156.1,4,Accessory,,phage virion morphogenesis protein,structural molecule activity|0005198||IEA,"GO:0016032,GO:0005198,GO:0044423"
GCF_000830035.1|WP_000837667.1,4,Accessory,,DUF943 family protein,,
GCF_000830035.1|WP_000856353.1,7,Accessory,,lipoprotein,,
GCF_000830035.1|WP_000877768.1,6,Accessory,ybbC,YbbC/YhhH family protein,,
GCF_000830035.1|WP_000889232.1,1,Singleton,,hypothetical protein,,
GCF_000830035.1|WP_000913828.1,11,Core,dsbG,thiol:disulfide interchange protein DsbG,,
GCF_000830035.1|WP_000939263.1,7,Accessory,ydcD,YdcD family protein,,
GCF_000830035.1|WP_000981003.1,5,Accessory,rem,protein Rem,,
GCF_000830035.1|WP_000981380.1,3,Accessory,hsdR,type I restriction-modification system endonuclease,,
GCF_000830035.1|WP_000999851.1,3,Accessory,,tetratricopeptide repeat protein,protein binding|0005515||IEA,GO:0005515
GCF_000830035.1|WP_001016348.1,5,Accessory,,EutP/PduV family microcompartment system protein,ATP binding|0005524||IEA,"GO:0006576,GO:0005524"
GCF_000830035.1|WP_001026900.1,6,Accessory,,glycoside hydrolase family 127 protein,hydrolase activity%2C hydrolyzing O-glycosyl compounds|0004553||IEA,"GO:0005975,GO:0004553"
GCF_000830035.1|WP_001039932.1,4,Accessory,,phage tail protein,,
GCF_000830035.1|WP_001047321.1,3,Accessory,,phage repressor protein CI,DNA binding|0003677||IEA,"GO:0045892,GO:0003677"
GCF_000830035.1|WP_001054376.1,5,Accessory,topAI,YjhX family toxin,,
GCF_000830035.1|WP_001063206.1,5,Accessory,hsdM,type I restriction-modification system methyltransferase,,
GCF_000830035.1|WP_001092355.1,1,Singleton,,DNA-directed RNA polymerase,,
GCF_000830035.1|WP_001128347.1,11,Core,idnT,gnt-II system L-idonate transporter,,
GCF_000830035.1|WP_001128468.1,3,Accessory,,hypothetical protein,,
GCF_000830035.1|WP_001153640.1,3,Accessory,,capsule biosynthesis protein,,
GCF_000830035.1|WP_001154431.1,3,Accessory,,hypothetical protein,,
GCF_000830035.1|WP_001197411.1,5,Accessory,idnD,L-idonate 5-dehydrogenase,,
GCF_000830035.1|WP_001217575.1,3,Accessory,,DinI-like family protein,,
GCF_000830035.1|WP_001235469.1,7,Accessory,,antitermination protein,DNA binding|0003677||IEA,"GO:0006355,GO:0003677"
GCF_000830035.1|WP_001247707.1,3,Accessory,,hypothetical protein,,
GCF_000830035.1|WP_001264601.1,11,Core,rfaC,lipopolysaccharide heptosyltransferase RfaC,lipopolysaccharide heptosyltransferase activity|0008920||IEA,"GO:0009244,GO:0008920"
GCF_000830035.1|WP_001290250.1,3,Accessory,,DUF4942 domain-containing protein,,
GCF_000830035.1|WP_001293436.1,10,Accessory,,BCCT family transporter,transmembrane transporter activity|0022857||IEA,"GO:0071705,GO:0022857,GO:0016020"
GCF_000830035.1|WP_001295629.1,11,Core,ygiS,ABC transporter substrate-binding protein,,
GCF_000830035.1|WP_001297301.1,5,Accessory,,hypothetical protein,,
GCF_000830035.1|WP_001309181.1,5,Accessory,yjhQ,GNAT family N-acetyltransferase,"N-acetyltransferase activity|0008080||IEA,acyltransferase activity|0016746||IEA","GO:0008080,GO:0016746"
GCF_000830035.1|WP_001309182.1,5,Accessory,,hypothetical protein,,
GCF_000830035.1|WP_001313395.1,3,Accessory,,glycoside hydrolase family 31 protein,hydrolase activity%2C hydrolyzing O-glycosyl compounds|0004553||IEA,"GO:0005975,GO:0004553"
GCF_000830035.1|WP_001317028.1,6,Accessory,ralR,type I toxin-antitoxin system endodeoxyribonuclease toxin RalR,,
GCF_000830035.1|WP_001318550.1,5,Accessory,mcrC,5-methylcytosine-specific restriction endonuclease system specificity protein McrC,,GO:0009307
GCF_000830035.1|WP_001319146.1,10,Accessory,wzzB,LPS O-antigen chain length determinant protein WzzB,,GO:0009103
GCF_000830035.1|WP_001320180.1,5,Accessory,,hypothetical protein,,
GCF_000830035.1|WP_001321204.1,3,Accessory,,hypothetical protein,,
GCF_000830035.1|WP_012767744.1,10,Accessory,yfaV,MFS transporter,transmembrane transporter activity|0022857||IEA,"GO:0055085,GO:0022857"
GCF_000830035.1|WP_012775982.1,9,Accessory,,hypothetical protein,,
GCF_000830035.1|WP_023147221.1,7,Accessory,gspJ,type II secretion system minor pseudopilin GspJ,,"GO:0015628,GO:0015627"
GCF_000830035.1|WP_071842248.1,1,Singleton,,hypothetical protein,,
GCF_000830035.1|WP_120795385.1,7,Accessory,,protein YncO,,
GCF_000830035.1|WP_211180513.1,9,Accessory,ysaE,protein YsaE,,
GCF_000830035.1|WP_223704555.1,3,Accessory,lysC,Rz1-like lysis system protein LysC,,
GCF_000833145.1|WP_000002107.1,1,Singleton,,ASCH domain-containing protein,RNA binding|0003723||IEA,GO:0003723
GCF_000833145.1|WP_000015362.1,2,Accessory,,polymorphic toxin type 34 domain-containing protein,,
GCF_000833145.1|WP_000030740.1,11,Core,kdsB,3-deoxy-manno-octulosonate cytidylyltransferase,3-deoxy-manno-octulosonate cytidylyltransferase activity|0008690||IEA,"GO:0009244,GO:0008690"
GCF_000833145.1|WP_000040994.1,2,Accessory,,CDP-glycerol glycerophosphotransferase family protein,,
GCF_000833145.1|WP_000069818.1,2,Accessory,,hypothetical protein,,
GCF_000833145.1|WP_000074142.1,2,Accessory,,hypothetical protein,,
GCF_000833145.1|WP_000097983.1,11,Core,,mannose-1-phosphate guanylyltransferase/mannose-6-phosphate isomerase,nucleotidyltransferase activity|0016779||IEA,"GO:0000271,GO:0016779"
GCF_000833145.1|WP_000113283.1,1,Singleton,,hypothetical protein,,
GCF_000833145.1|WP_000115390.1,2,Accessory,,DUF6216 family protein,,
GCF_000833145.1|WP_000124289.1,3,Accessory,,ABC transporter permease,"ATPase-coupled transmembrane transporter activity|0042626||IEA,ABC-type transporter activity|0140359||IEA","GO:0055085,GO:0042626,GO:0140359,GO:0016020,GO:0043190"
GCF_000833145.1|WP_000135616.1,2,Accessory,,recombinase family protein,"DNA strand exchange activity|0000150||IEA,DNA binding|0003677||IEA","GO:0015074,GO:0000150,GO:0003677"
GCF_000833145.1|WP_000159335.1,2,Accessory,,hypothetical protein,,
GCF_000833145.1|WP_000161786.1,2,Accessory,,glycosyltransferase family 4 protein,glycosyltransferase activity|0016757||IEA,"GO:0006486,GO:0016757"
GCF_000833145.1|WP_000194414.1,2,Accessory,,cysteine hydrolase family protein,hydrolase activity|0016787||IEA,GO:0016787
GCF_000833145.1|WP_000204789.1,1,Singleton,,acyltransferase family protein,acyltransferase activity%2C transferring groups other than amino-acyl groups|0016747||IEA,GO:0016747
GCF_000833145.1|WP_000214035.1,2,Accessory,,allophanate hydrolase-related protein,,
GCF_000833145.1|WP_000216259.1,3,Accessory,,GPO family capsid scaffolding protein,,
GCF_000833145.1|WP_000227786.1,3,Accessory,,GNAT family N-acetyltransferase,"N-acetyltransferase activity|0008080||IEA,acyltransferase activity|0016746||IEA","GO:0008080,GO:0016746"
GCF_000833145.1|WP_000323726.1,2,Accessory,vioB,dTDP-4-amino-4%2C6-dideoxy-D-glucose acetyltransferase VioB,,
GCF_000833145.1|WP_000340445.1,2,Accessory,,sugar polymerase,,
GCF_000833145.1|WP_000370546.1,2,Accessory,,hypothetical protein,,
GCF_000833145.1|WP_000394418.1,1,Singleton,,hypothetical protein,,
GCF_000833145.1|WP_000404861.1,3,Accessory,,NTF2 fold immunity protein,,
GCF_000833145.1|WP_000412404.1,3,Accessory,,LacI family DNA-binding transcriptional regulator,"DNA binding|0003677||IEA,DNA-binding transcription factor activity|0003700||IEA","GO:0006355,GO:0003677,GO:0003700"
GCF_000833145.1|WP_000463026.1,2,Accessory,,tripartite tricarboxylate transporter permease,,"GO:0006810,GO:0042597"
GCF_000833145.1|WP_000520360.1,6,Accessory,,phage portal protein,,
GCF_000833145.1|WP_000551482.1,3,Accessory,,FGGY-family carbohydrate kinase,"ATP binding|0005524||IEA,carbohydrate kinase activity|0019200||IEA","GO:0016310,GO:0005524,GO:0019200"
GCF_000833145.1|WP_000579244.1,3,Accessory,,capsular polysaccharide biosynthesis protein,,
GCF_000833145.1|WP_000589802.1,2,Accessory,,Bug family tripartite tricarboxylate transporter substrate binding protein,,GO:0042597
GCF_000833145.1|WP_000603805.1,1,Singleton,,acyltransferase family protein,acyltransferase activity%2C transferring groups other than amino-acyl groups|0016747||IEA,GO:0016747
GCF_000833145.1|WP_000614784.1,2,Accessory,,ParB/RepB/Spo0J family partition protein,,
GCF_000833145.1|WP_000677419.1,2,Accessory,,secretin N-terminal domain-containing protein,,
GCF_000833145.1|WP_000690820.1,2,Accessory,,glycosyl transferase,,
GCF_000833145.1|WP_000700140.1,2,Accessory,,hypothetical protein,,
GCF_000833145.1|WP_000720774.1,2,Accessory,,TIGR02117 family protein,,
GCF_000833145.1|WP_000749926.1,3,Accessory,,carbohydrate porin,,
GCF_000833145.1|WP_000751614.1,3,Accessory,,SAM hydrolase/SAM-dependent halogenase family protein,catalytic activity|0003824||IEA,GO:0003824
GCF_000833145.1|WP_000762846.1,1,Singleton,,hypothetical protein,,
GCF_000833145.1|WP_000773160.1,2,Accessory,,carbohydrate-binding protein,"hydrolase activity%2C hydrolyzing O-glycosyl compounds|0004553||IEA,carbohydrate binding|0030246||IEA","GO:0005975,GO:0004553,GO:0030246,GO:0005576"
GCF_000833145.1|WP_000780584.1,11,Core,,lipocalin family protein,,
GCF_000833145.1|WP_000789017.1,2,Accessory,,IspD/TarI family cytidylyltransferase,cytidylyltransferase activity|0070567||IEA,GO:0070567
GCF_000833145.1|WP_000789849.1,10,Accessory,,fimbrial protein,,"GO:0007155,GO:0009289"
GCF_000833145.1|WP_000852398.1,11,Core,,IclR family transcriptional regulator,"DNA binding|0003677||IEA,DNA-binding transcription factor activity|0003700||IEA","GO:0006355,GO:0003677,GO:0003700"
GCF_000833145.1|WP_000936465.1,2,Accessory,,ParB/RepB/Spo0J family partition protein,DNA binding|0003677||IEA,GO:0003677
GCF_000833145.1|WP_000974872.1,3,Accessory,,hypothetical protein,,
GCF_000833145.1|WP_000991482.1,2,Accessory,,hypothetical protein,,
GCF_000833145.1|WP_000998331.1,2,Accessory,,hypothetical protein,,
GCF_000833145.1|WP_000998544.1,2,Accessory,vioA,dTDP-4-amino-4%2C6-dideoxy-D-glucose aminotransferase VioA,,
GCF_000833145.1|WP_001032214.1,2,Accessory,,PstS family phosphate ABC transporter substrate-binding protein,"transmembrane transporter activity|0022857||IEA,ATPase-coupled transmembrane transporter activity|0042626||IEA,ABC-type transporter activity|0140359||IEA","GO:0006817,GO:0022857,GO:0042626,GO:0140359,GO:0055052"
GCF_000833145.1|WP_001033615.1,11,Core,,MFS transporter,transmembrane transporter activity|0022857||IEA,"GO:0055085,GO:0022857"
GCF_000833145.1|WP_001034589.1,2,Accessory,,retron St85 family effector protein,,
GCF_000833145.1|WP_001038839.1,2,Accessory,,autotransporter outer membrane beta-barrel domain-containing protein,,GO:0019867
GCF_000833145.1|WP_001059831.1,2,Accessory,,hypothetical protein,,
GCF_000833145.1|WP_001060532.1,2,Accessory,wzx,O7 family O-antigen flippase,,
GCF_000833145.1|WP_001066390.1,4,Accessory,,YPO3983 family protein,,
GCF_000833145.1|WP_001093393.1,2,Accessory,,tripartite tricarboxylate transporter TctB family protein,transporter activity|0005215||IEA,GO:0005215
GCF_000833145.1|WP_001104982.1,1,Singleton,,tail fiber assembly protein,,
GCF_000833145.1|WP_001140843.1,2,Accessory,,LacI family DNA-binding transcriptional regulator,,
GCF_000833145.1|WP_001157925.1,2,Accessory,,hypothetical protein,,
GCF_000833145.1|WP_001218995.1,2,Accessory,,terminase small subunit,,
GCF_000833145.1|WP_001227362.1,2,Accessory,,cytosine permease,,
GCF_000833145.1|WP_001230642.1,2,Accessory,wzy,O7 family O-antigen polymerase,,
GCF_000833145.1|WP_001268667.1,2,Accessory,,hypothetical protein,,
GCF_000833145.1|WP_001276099.1,2,Accessory,,DUF6998 domain-containing protein,,
GCF_000833145.1|WP_001278664.1,4,Accessory,wbbD,UDP-Gal:alpha-D-GlcNAc-diphosphoundecaprenol beta-1%2C3-galactosyltransferase,,
GCF_000833145.1|WP_001301301.1,2,Accessory,,DUF2877 domain-containing protein,,
GCF_000833145.1|WP_001305068.1,1,Singleton,,hypothetical protein,,
GCF_000833145.1|WP_001313396.1,2,Accessory,ykgR,small membrane protein YkgR,,
GCF_000833145.1|WP_001318412.1,3,Accessory,,HTH-like domain-containing protein,,
GCF_000833145.1|WP_001320327.1,2,Accessory,,hypothetical protein,,
GCF_000833145.1|WP_001324497.1,2,Accessory,,hypothetical protein,,
GCF_000833145.1|WP_001326841.1,2,Accessory,,hypothetical protein,,
GCF_000833145.1|WP_001703923.1,2,Accessory,,hypothetical protein,,
GCF_000833145.1|WP_012775983.1,1,Singleton,,hypothetical protein,,
GCF_000833145.1|WP_012777340.1,3,Accessory,,hypothetical protein,,
GCF_000833145.1|WP_024181909.1,2,Accessory,,RecE family exodeoxyribonuclease,double-stranded DNA 5'-3' DNA exonuclease activity|0051908||IEA,"GO:0090304,GO:0051908"
GCF_000833145.1|WP_048339841.1,2,Accessory,xisR,excisionase family protein,,
GCF_000833145.1|WP_077626112.1,2,Accessory,,SDR family NAD(P)-dependent oxidoreductase,"oxidoreductase activity|0016491||IEA,NADP+ binding|0070401||IEA,NAD+ binding|0070403||IEA","GO:0016491,GO:0070401,GO:0070403"
GCF_000833145.1|WP_085948656.1,9,Accessory,,IS3-like element IS911 family transposase,transposase activity|0004803||IEA,"GO:0006313,GO:0004803"
GCF_000833145.1|WP_175565144.1,11,Core,,hypothetical protein,,
GCF_000833145.1|WP_223343795.1,2,Accessory,,helix-turn-helix domain-containing protein,,
GCF_000833145.1|WP_223343796.1,2,Accessory,,DUF6531 domain-containing protein,,
GCF_000833145.1|WP_225089326.1,1,Singleton,,hypothetical protein,,
GCF_000833145.1|WP_226347323.1,2,Accessory,,retron St85 family RNA-directed DNA polymerase,,"GO:0001171,GO:0051607"
GCF_000833145.1|WP_230872760.1,3,Accessory,,DUF6258 family protein,,
GCF_000833635.2|WP_000012218.1,3,Accessory,,transferase,,
GCF_000833635.2|WP_000036434.1,7,Accessory,yjgL,protein YjgL,,
GCF_000833635.2|WP_000067507.1,4,Accessory,,hypothetical protein,,
GCF_000833635.2|WP_000105143.1,5,Accessory,recE,exodeoxyribonuclease VIII,double-stranded DNA 5'-3' DNA exonuclease activity|0051908||IEA,"GO:0090304,GO:0051908"
GCF_000833635.2|WP_000116326.1,11,Core,yjhG,xylonate dehydratase YjhG,,
GCF_000833635.2|WP_000135077.1,11,Core,gspC,type II secretion system protein GspC,,
GCF_000833635.2|WP_000136402.1,3,Accessory,abpB,DEAD/DEAH box helicase,"nucleic acid binding|0003676||IEA,ATP binding|0005524||IEA","GO:0003676,GO:0005524"
GCF_000833635.2|WP_000150333.1,3,Accessory,,hypothetical protein,,
GCF_000833635.2|WP_000155570.1,3,Accessory,rnlA,type II toxin-antitoxin system toxin mRNA endoribonuclease RnlA,,
GCF_000833635.2|WP_000158225.1,3,Accessory,rfaS,LPS core biosynthesis protein RfaS,,
GCF_000833635.2|WP_000188051.1,4,Accessory,yfbO,protein YfbO,,
GCF_000833635.2|WP_000189409.1,5,Accessory,yfjR,WYL domain-containing protein,,
GCF_000833635.2|WP_000272486.1,3,Accessory,glf,UDP-galactopyranose mutase,UDP-galactopyranose mutase activity|0008767||IEA,"GO:0009273,GO:0008767"
GCF_000833635.2|WP_000281400.1,5,Accessory,cas6e,type I-E CRISPR-associated protein Cas6/Cse3/CasE,,GO:0043571
GCF_000833635.2|WP_000323025.1,5,Accessory,relE,type II toxin-antitoxin system mRNA interferase RelE,,
GCF_000833635.2|WP_000344964.1,3,Accessory,ydfB,protein YdfB,,
GCF_000833635.2|WP_000350612.1,7,Accessory,yqeK,protein YqeK,,
GCF_000833635.2|WP_000362028.1,3,Accessory,yaiS,PIG-L deacetylase family protein,deacetylase activity|0019213||IEA,GO:0019213
GCF_000833635.2|WP_000373366.1,3,Accessory,yjhU,sugar-binding transcriptional regulator,"DNA binding|0003677||IEA,carbohydrate binding|0030246||IEA","GO:0006355,GO:0003677,GO:0030246"
GCF_000833635.2|WP_000433152.1,3,Accessory,cas3,CRISPR-associated helicase/endonuclease Cas3,,
GCF_000833635.2|WP_000445380.1,3,Accessory,abpA,anti-bacteriophage protein AbpA,,
GCF_000833635.2|WP_000448564.1,7,Accessory,dicA,DNA-binding transcriptional dual regulator DicA,,
GCF_000833635.2|WP_000455114.1,4,Accessory,yfbN,protein YfbN,,
GCF_000833635.2|WP_000461704.1,3,Accessory,rnlB,type II toxin-antitoxin system antitoxin RnlB,,
GCF_000833635.2|WP_000465371.1,3,Accessory,gltF,DUF1120 domain-containing protein,,
GCF_000833635.2|WP_000468310.1,7,Accessory,ogrK,prophage transcriptional regulator OgrK,,
GCF_000833635.2|WP_000481742.1,5,Accessory,yfjI,YfjI family protein,,
GCF_000833635.2|WP_000494172.1,4,Accessory,yedL,GNAT family N-acetyltransferase,"N-acetyltransferase activity|0008080||IEA,acyltransferase activity|0016746||IEA","GO:0008080,GO:0016746"
GCF_000833635.2|WP_000502050.1,3,Accessory,yfjM,GmrSD restriction endonuclease domain-containing protein,,
GCF_000833635.2|WP_000510827.1,3,Accessory,yfjH,protein YfjH,,
GCF_000833635.2|WP_000534858.1,4,Accessory,relB,type II toxin-antitoxin system antitoxin RelB,,
GCF_000833635.2|WP_000601187.1,3,Accessory,wbbJ,DapH/DapD/GlmU-related protein,,
GCF_000833635.2|WP_000632913.1,5,Accessory,espL4,type III secretion system effector EspL4,,
GCF_000833635.2|WP_000639866.1,3,Accessory,wzy,O16 family O-antigen polymerase,,
GCF_000833635.2|WP_000683964.1,3,Accessory,waaB,lipopolysaccharide 1%2C6-galactosyltransferase,,
GCF_000833635.2|WP_000693797.1,4,Accessory,ydaT,toxin YdaT family protein,,
GCF_000833635.2|WP_000698745.1,10,Accessory,yfcO,fimbrial adhesin YfcO,,
GCF_000833635.2|WP_000702495.1,3,Accessory,yfjT,protein YfjT,,
GCF_000833635.2|WP_000722348.1,4,Accessory,yegJ,YegJ family protein,,
GCF_000833635.2|WP_000767280.1,4,Accessory,yfbP,tetratricopeptide repeat protein YfbP,,
GCF_000833635.2|WP_000773156.1,5,Accessory,chiA,bifunctional chitinase/lysozyme,,
GCF_000833635.2|WP_000790279.1,3,Accessory,waaZ,3-deoxy-D-manno-oct-2-ulosonate III transferase WaaZ,,
GCF_000833635.2|WP_000824222.1,3,Accessory,yfjS,YfjS/YafY family lipoprotein,,
GCF_000833635.2|WP_000856081.1,11,Core,yegI,protein kinase YegI,,
GCF_000833635.2|WP_000896263.1,3,Accessory,yfjW,protein YfjW,,
GCF_000833635.2|WP_000899748.1,3,Accessory,ydaU,YdaU family protein,,
GCF_000833635.2|WP_000914994.1,3,Accessory,yhcD,fimbrial biogenesis outer membrane usher protein,,
GCF_000833635.2|WP_000915541.1,3,Accessory,yfdG,bactoprenol glucosyl transferase,,
GCF_000833635.2|WP_000920568.1,7,Accessory,dicC,dicB transcriptional regulator DicC,,
GCF_000833635.2|WP_000937655.1,4,Accessory,ytfI,protein YtfI,,
GCF_000833635.2|WP_000988600.1,4,Accessory,yeeW,DUF5983 family protein,,
GCF_000833635.2|WP_001030215.1,3,Accessory,,hypothetical protein,,
GCF_000833635.2|WP_001050401.1,4,Accessory,casA,type I-E CRISPR-associated protein Cse1/CasA,,
GCF_000833635.2|WP_001067008.1,3,Accessory,yhcF,DUF1120 domain-containing protein,,
GCF_000833635.2|WP_001071769.1,5,Accessory,rzpQ,DUF2514 domain-containing protein,,
GCF_000833635.2|WP_001140187.1,11,Core,gmhB,D-glycero-beta-D-manno-heptose 1%2C7-bisphosphate 7-phosphatase,phosphatase activity|0016791||IEA,"GO:0005975,GO:0016791"
GCF_000833635.2|WP_001171942.1,3,Accessory,ydfC,protein YdfC,,
GCF_000833635.2|WP_001236433.1,3,Accessory,waaU,glycosyltransferase family 9 protein,glycosyltransferase activity|0016757||IEA,GO:0016757
GCF_000833635.2|WP_001272447.1,3,Accessory,hsdS,type I restriction-modification system specificity subunit,,
GCF_000833635.2|WP_001293115.1,3,Accessory,yjjJ,type II toxin-antitoxin system HipA family toxin YjjJ,,
GCF_000833635.2|WP_001301033.1,3,Accessory,flxA,FlxA-like family protein,,
GCF_000833635.2|WP_001310874.1,7,Accessory,ydjO,protein YdjO,,
GCF_000833635.2|WP_001311157.1,3,Accessory,yhcA,fimbria/pilus chaperone family protein,,GO:0061077
GCF_000833635.2|WP_001326558.1,4,Accessory,yjaA,YjaA family stress response protein,,
GCF_000833635.2|WP_001326916.1,4,Accessory,yciQ,DUF2207 domain-containing protein,,GO:0005886
GCF_000833635.2|WP_001326990.1,3,Accessory,ydfV,protein YdfV,,
GCF_000833635.2|WP_001350510.1,3,Accessory,ynaK,ParB/Srx family N-terminal domain-containing protein,,
GCF_000833635.2|WP_001350525.1,3,Accessory,yeeR,protein YeeR,,
GCF_000833635.2|WP_001350560.1,11,Core,rfaQ,lipopolysaccharide core heptosyltransferase RfaQ,glycosyltransferase activity|0016757||IEA,GO:0016757
GCF_000833635.2|WP_001368374.1,10,Accessory,ynfO,YlcI/YnfO family protein,,
GCF_000833635.2|WP_001393554.1,4,Accessory,yabQ,protein YabQ,,
GCF_000833635.2|WP_001393555.1,4,Accessory,yabP,protein YabP,,
GCF_000833635.2|WP_001407480.1,6,Accessory,lfgB,JAB domain-containing protein,"metallopeptidase activity|0008237||IEA,metal ion binding|0046872||IEA","GO:0006508,GO:0008237,GO:0046872"
GCF_000833635.2|WP_001407542.1,3,Accessory,wbbI,beta-1%2C6-galactofuranosyltransferase,,
GCF_000833635.2|WP_006250222.1,1,Singleton,,IS4-like element ISVsa5 family transposase,transposase activity|0004803||IEA,"GO:0006313,GO:0004803"
GCF_000833635.2|WP_010723099.1,5,Accessory,,hypothetical protein,,
GCF_000833635.2|WP_010723187.1,6,Accessory,ypjA,adhesin-like autotransporter YpjA/EhaD,,
GCF_000833635.2|WP_011443592.1,3,Accessory,ydfW,protein YdfW,,
GCF_000833635.2|WP_042405267.1,3,Accessory,,gp53-like domain-containing protein,,
GCF_000833635.2|WP_071592174.1,5,Accessory,,nucleocapsid protein,,
GCF_000833635.2|WP_072042501.1,1,Singleton,,hypothetical protein,,
GCF_000833635.2|WP_120795388.1,3,Accessory,ynfR,small protein YnfR,,
GCF_000833635.2|WP_211180502.1,3,Accessory,,protein YodE,,
GCF_000833635.2|WP_223200729.1,5,Accessory,,hypothetical protein,,
GCF_000833635.2|WP_306304598.1,3,Accessory,,hypothetical protein,,
GCF_000952955.1|WP_000854672.1,7,Accessory,ykfI,type IV toxin-antitoxin system toxin YkfI,,
GCF_000952955.1|WP_032243554.1,3,Accessory,ypjK,protein YpjK,,
GCF_000952955.1|WP_071829664.1,1,Singleton,,cold shock domain-containing protein,nucleic acid binding|0003676||IEA,GO:0003676
GCF_000953515.1|WP_000052882.1,1,Singleton,yffP,protein YffP,,
GCF_000953515.1|WP_000072039.1,3,Accessory,yagM,protein YagM,,
GCF_000953515.1|WP_000081352.1,3,Accessory,mmuM,homocysteine S-methyltransferase,betaine-homocysteine S-methyltransferase activity|0047150||IEA,"GO:0009086,GO:0047150"
GCF_000953515.1|WP_000174714.1,11,Core,yjfZ,DUF2686 family protein,,
GCF_000953515.1|WP_000211838.1,6,Accessory,yafX,antirestriction protein,,
GCF_000953515.1|WP_000224818.1,3,Accessory,yagN,protein YagN,,
GCF_000953515.1|WP_000388269.1,2,Accessory,yagJ,protein YagJ,,
GCF_000953515.1|WP_000398186.1,1,Singleton,yffO,protein YffO,,
GCF_000953515.1|WP_000406871.1,2,Accessory,yagH,glycoside hydrolase family 43 protein,hydrolase activity%2C hydrolyzing O-glycosyl compounds|0004553||IEA,"GO:0005975,GO:0004553"
GCF_000953515.1|WP_000458337.1,1,Singleton,yffL,protein YffL,,
GCF_000953515.1|WP_000520320.1,3,Accessory,wbbK,glycosyltransferase family 4 protein,glycosyltransferase activity|0016757||IEA,"GO:0006486,GO:0016757"
GCF_000953515.1|WP_000683389.1,1,Singleton,yffN,protein YffN,,
GCF_000953515.1|WP_000703651.1,11,Core,yfdH,glycosyltransferase family 2 protein,glycosyltransferase activity|0016757||IEA,GO:0016757
GCF_000953515.1|WP_000770246.1,11,Core,perR,LysR substrate-binding domain-containing protein,,
GCF_000953515.1|WP_000770705.1,1,Singleton,yffQ,protein YffQ,,
GCF_000953515.1|WP_000860996.1,6,Accessory,yagK,inovirus Gp2 family protein,,
GCF_000953515.1|WP_000865921.1,1,Singleton,yffR,protein YffR,,
GCF_000953515.1|WP_001030800.1,2,Accessory,yagB,type IV toxin-antitoxin system antitoxin YagB,,
GCF_000953515.1|WP_001214248.1,2,Accessory,yagL,recombinase family protein,,
GCF_000953515.1|WP_001270762.1,1,Singleton,,hypothetical protein,,
GCF_000953515.1|WP_001272156.1,3,Accessory,ykgV,helix-turn-helix transcriptional regulator,"DNA binding|0003677||IEA,DNA-binding transcription factor activity|0003700||IEA","GO:0006355,GO:0003677,GO:0003700"
GCF_000953515.1|WP_001350483.1,2,Accessory,,IS481-like element ISEc19 family transposase,transposase activity|0004803||IEA,"GO:0006313,GO:0004803"
GCF_000953515.1|WP_001407714.1,3,Accessory,intF,tyrosine-type recombinase/integrase,DNA binding|0003677||IEA,"GO:0006310,GO:0015074,GO:0003677"
GCF_000953515.1|WP_010723122.1,1,Singleton,yffM,protein YffM,,
GCF_000953515.1|WP_010723125.1,1,Singleton,yffS,protein YffS,,
GCF_000953515.1|WP_211180486.1,2,Accessory,argL,putative translational regulatory protein ArgL,,
GCF_000971615.1|WP_000008066.1,2,Accessory,,hypothetical protein,,
GCF_000971615.1|WP_000009226.1,3,Accessory,,DUF2726 domain-containing protein,,
GCF_000971615.1|WP_000009749.1,2,Accessory,flgA,flagellar basal body P-ring formation chaperone FlgA,structural molecule activity|0005198||IEA,"GO:0001539,GO:0005198,GO:0009428"
GCF_000971615.1|WP_000019009.1,1,Singleton,,LysR family transcriptional regulator,"DNA binding|0003677||IEA,DNA-binding transcription factor activity|0003700||IEA","GO:0006355,GO:0003677,GO:0003700"
GCF_000971615.1|WP_000027811.1,2,Accessory,flgN,flagellar protein FlgN,protein binding|0005515||IEA,"GO:0044780,GO:0005515"
GCF_000971615.1|WP_000029081.1,2,Accessory,,flagellar hook-basal body complex protein FliE,,
GCF_000971615.1|WP_000036628.1,2,Accessory,,hypothetical protein,,
GCF_000971615.1|WP_000041317.1,2,Accessory,,siphovirus Gp157 family protein,,
GCF_000971615.1|WP_000043127.1,2,Accessory,,FliM/FliN family flagellar motor switch protein,,
GCF_000971615.1|WP_000058708.1,2,Accessory,,hypothetical protein,,
GCF_000971615.1|WP_000059206.1,4,Accessory,,terminase endonuclease subunit,,
GCF_000971615.1|WP_000094292.1,2,Accessory,,phage tail tube protein,,
GCF_000971615.1|WP_000106442.1,1,Singleton,,hypothetical protein,,
GCF_000971615.1|WP_000119441.1,2,Accessory,,Hcp family type VI secretion system effector,,GO:0033103
GCF_000971615.1|WP_000119531.1,11,Core,flgE,flagellar hook protein FlgE,,
GCF_000971615.1|WP_000122239.1,2,Accessory,pnuC,nicotinamide riboside transporter PnuC,nicotinamide mononucleotide transmembrane transporter activity|0015663||IEA,"GO:0015890,GO:0015663,GO:0016020"
GCF_000971615.1|WP_000144225.1,2,Accessory,,hypothetical protein,,
GCF_000971615.1|WP_000149055.1,9,Accessory,,DUF1971 domain-containing protein,,
GCF_000971615.1|WP_000151524.1,2,Accessory,fliH,flagellar assembly protein FliH,,
GCF_000971615.1|WP_000152739.1,1,Singleton,,DUF6088 family protein,,
GCF_000971615.1|WP_000152800.1,1,Singleton,,type VI secretion lipoprotein TssJ,,
GCF_000971615.1|WP_000166365.1,1,Singleton,,hypothetical protein,,
GCF_000971615.1|WP_000171568.1,1,Singleton,,HP1 family phage holin,,
GCF_000971615.1|WP_000183810.1,2,Accessory,,type VI secretion system accessory protein TagJ,,
GCF_000971615.1|WP_000184665.1,3,Accessory,,helix-turn-helix domain-containing protein,,
GCF_000971615.1|WP_000185422.1,1,Singleton,,helix-turn-helix domain-containing protein,DNA binding|0003677||IEA,GO:0003677
GCF_000971615.1|WP_000201462.1,2,Accessory,,YlcI/YnfO family protein,,
GCF_000971615.1|WP_000207842.1,1,Singleton,,HNH endonuclease,"nucleic acid binding|0003676||IEA,endonuclease activity|0004519||IEA,zinc ion binding|0008270||IEA","GO:0003676,GO:0004519,GO:0008270"
GCF_000971615.1|WP_000218642.1,2,Accessory,,hypothetical protein,,
GCF_000971615.1|WP_000243498.1,1,Singleton,bfpA,type IV pilus major subunit protein BfpA,,
GCF_000971615.1|WP_000247763.1,7,Accessory,,DUF1364 domain-containing protein,,
GCF_000971615.1|WP_000275035.1,2,Accessory,,hypothetical protein,,
GCF_000971615.1|WP_000279885.1,2,Accessory,,integrase arm-type DNA-binding domain-containing protein,,
GCF_000971615.1|WP_000285319.1,2,Accessory,fliS,flagellar export chaperone FliS,,GO:0044780
GCF_000971615.1|WP_000342497.1,1,Singleton,,nucleotidyl transferase AbiEii/AbiGii toxin family protein,,
GCF_000971615.1|WP_000360581.1,1,Singleton,,phage protein Gp27 family protein,,
GCF_000971615.1|WP_000362155.1,1,Singleton,,hypothetical protein,,
GCF_000971615.1|WP_000367226.1,2,Accessory,flgK,flagellar hook-associated protein FlgK,structural molecule activity|0005198||IEA,"GO:0044780,GO:0005198,GO:0009424"
GCF_000971615.1|WP_000371307.1,1,Singleton,,DUF4145 domain-containing protein,,
GCF_000971615.1|WP_000371477.1,2,Accessory,tssF,type VI secretion system baseplate subunit TssF,,GO:0033103
GCF_000971615.1|WP_000375448.1,2,Accessory,,flagellar basal body rod protein FlgF,,
GCF_000971615.1|WP_000391950.1,1,Singleton,,transcriptional regulator,,
GCF_000971615.1|WP_000402944.1,1,Singleton,,hypothetical protein,,
GCF_000971615.1|WP_000414996.1,2,Accessory,,hypothetical protein,,
GCF_000971615.1|WP_000450225.1,2,Accessory,,ImpA family type VI secretion system protein,,
GCF_000971615.1|WP_000450723.1,1,Singleton,,hypothetical protein,,
GCF_000971615.1|WP_000451345.1,1,Singleton,,hypothetical protein,,
GCF_000971615.1|WP_000460900.1,1,Singleton,,phage regulatory CII family protein,,
GCF_000971615.1|WP_000469794.1,1,Singleton,,metal-dependent hydrolase,,
GCF_000971615.1|WP_000512950.1,11,Core,,flagellar basal body protein,,GO:0071973
GCF_000971615.1|WP_000522897.1,2,Accessory,,hypothetical protein,,
GCF_000971615.1|WP_000533466.1,2,Accessory,,type VI secretion system amidase effector protein Tae4,,
GCF_000971615.1|WP_000551487.1,2,Accessory,,hypothetical protein,,
GCF_000971615.1|WP_000565927.1,2,Accessory,,hypothetical protein,,
GCF_000971615.1|WP_000581650.1,1,Singleton,,DUF4411 family protein,,
GCF_000971615.1|WP_000592033.1,3,Accessory,,slipin family protein,,GO:0016020
GCF_000971615.1|WP_000609676.1,2,Accessory,fliD,flagellar filament capping protein FliD,,"GO:0007155,GO:0009288"
GCF_000971615.1|WP_000622057.1,1,Singleton,,hypothetical protein,,
GCF_000971615.1|WP_000624654.1,5,Accessory,tnpB,IS66 family insertion sequence element accessory protein TnpB,,
GCF_000971615.1|WP_000625667.1,1,Singleton,,DUF2254 domain-containing protein,,
GCF_000971615.1|WP_000628099.1,1,Singleton,traS,conjugal transfer entry exclusion protein TraS,,
GCF_000971615.1|WP_000635646.1,2,Accessory,,hypothetical protein,,
GCF_000971615.1|WP_000638145.1,2,Accessory,,ATP-binding protein,,
GCF_000971615.1|WP_000661408.1,2,Accessory,,hypothetical protein,,
GCF_000971615.1|WP_000666530.1,2,Accessory,,tyrosine-type recombinase/integrase,DNA binding|0003677||IEA,"GO:0006310,GO:0015074,GO:0003677"
GCF_000971615.1|WP_000673524.1,4,Accessory,,head completion/stabilization protein,,
GCF_000971615.1|WP_000693853.1,3,Accessory,,toxin YdaT family protein,,
GCF_000971615.1|WP_000695774.1,2,Accessory,pefC,PefC/AfrB family outer membrane usher protein,,
GCF_000971615.1|WP_000702013.1,1,Singleton,,esterase-like activity of phytase family protein,,
GCF_000971615.1|WP_000705394.1,2,Accessory,flgM,flagellar biosynthesis anti-sigma factor FlgM,,GO:0045892
GCF_000971615.1|WP_000711110.1,3,Accessory,,hypothetical protein,,
GCF_000971615.1|WP_000725257.1,2,Accessory,,flagellar basal body-associated FliL family protein,,"GO:0006935,GO:0071978,GO:0009425"
GCF_000971615.1|WP_000730293.1,11,Core,,fimbrial protein,,"GO:0007155,GO:0009289"
GCF_000971615.1|WP_000733565.1,2,Accessory,,fimbrial protein,,"GO:0007155,GO:0009289"
GCF_000971615.1|WP_000737725.1,1,Singleton,,hypothetical protein,,
GCF_000971615.1|WP_000741702.1,1,Singleton,,ImmA/IrrE family metallo-endopeptidase,,
GCF_000971615.1|WP_000742510.1,4,Accessory,,phage major capsid protein%2C P2 family,structural molecule activity|0005198||IEA,"GO:0019069,GO:0005198,GO:0019028"
GCF_000971615.1|WP_000748140.1,10,Accessory,,oligogalacturonate-specific porin KdgM family protein,,
GCF_000971615.1|WP_000758915.1,4,Accessory,,hypothetical protein,,
GCF_000971615.1|WP_000763311.1,1,Singleton,,GpE family phage tail protein,,
GCF_000971615.1|WP_000773311.1,1,Singleton,,hypothetical protein,,
GCF_000971615.1|WP_000785662.1,11,Core,flhB,flagellar type III secretion system protein FlhB,,"GO:0009306,GO:0015031,GO:0044780,GO:0016020"
GCF_000971615.1|WP_000788506.1,2,Accessory,,hypothetical protein,,
GCF_000971615.1|WP_000797400.1,2,Accessory,,penicillin G acylase,"penicillin amidase activity|0008953||IEA,hydrolase activity%2C acting on carbon-nitrogen (but not peptide) bonds%2C in linear amides|0016811||IEA,metal ion binding|0046872||IEA","GO:0017000,GO:0046677,GO:0008953,GO:0016811,GO:0046872"
GCF_000971615.1|WP_000799399.1,11,Core,potB,spermidine/putrescine ABC transporter permease PotB,,"GO:0055085,GO:0016020"
GCF_000971615.1|WP_000800868.1,2,Accessory,flgH,flagellar basal body L-ring protein FlgH,cytoskeletal motor activity|0003774||IEA,"GO:0071973,GO:0003774,GO:0009427"
GCF_000971615.1|WP_000804010.1,2,Accessory,tagK,type VI secretion system-associated protein TagK,,
GCF_000971615.1|WP_000807561.1,2,Accessory,,SymE family type I addiction module toxin,"RNA binding|0003723||IEA,hydrolase activity%2C acting on ester bonds|0016788||IEA","GO:0016070,GO:0003723,GO:0016788,GO:0005737"
GCF_000971615.1|WP_000835433.1,1,Singleton,,type I secretion system permease/ATPase,"ATP binding|0005524||IEA,ATP hydrolysis activity|0016887||IEA,ATPase-coupled lipid transmembrane transporter activity|0034040||IEA,ABC-type transporter activity|0140359||IEA","GO:0030253,GO:0005524,GO:0016887,GO:0034040,GO:0140359,GO:0030256"
GCF_000971615.1|WP_000852372.1,1,Singleton,,Mor transcription activator family protein,,
GCF_000971615.1|WP_000859529.1,2,Accessory,,adenylyltransferase/cytidyltransferase family protein,catalytic activity|0003824||IEA,"GO:0009058,GO:0003824"
GCF_000971615.1|WP_000867182.1,2,Accessory,,rod-binding protein,,
GCF_000971615.1|WP_000871596.1,2,Accessory,,T6SS amidase immunity protein Tai4 family protein,,
GCF_000971615.1|WP_000872077.1,1,Singleton,,hypothetical protein,,
GCF_000971615.1|WP_000922506.1,2,Accessory,,FliM/FliN family flagellar motor switch protein,,
GCF_000971615.1|WP_000930136.1,1,Singleton,,hypothetical protein,,
GCF_000971615.1|WP_000938729.1,9,Accessory,,FliA/WhiG family RNA polymerase sigma factor,,
GCF_000971615.1|WP_000947398.1,2,Accessory,,SymE family type I addiction module toxin,"RNA binding|0003723||IEA,hydrolase activity%2C acting on ester bonds|0016788||IEA","GO:0016070,GO:0003723,GO:0016788,GO:0005737"
GCF_000971615.1|WP_000949083.1,2,Accessory,lafA,lateral flagellin LafA,,
GCF_000971615.1|WP_000957774.1,11,Core,,gamma-glutamylcyclotransferase,glutathione specific gamma-glutamylcyclotransferase activity|0061928||IEA,"GO:0006751,GO:0061928"
GCF_000971615.1|WP_000985137.1,9,Accessory,,YagU family protein,,
GCF_000971615.1|WP_000993248.1,1,Singleton,,hypothetical protein,,
GCF_000971615.1|WP_000993925.1,3,Accessory,tnpA,IS66-like element accessory protein TnpA,"DNA binding|0003677||IEA,transposase activity|0004803||IEA","GO:0006313,GO:0003677,GO:0004803"
GCF_000971615.1|WP_000996600.1,2,Accessory,,fimbrial protein,,"GO:0007155,GO:0009289"
GCF_000971615.1|WP_000996717.1,1,Singleton,,DUF5347 domain-containing protein,,
GCF_000971615.1|WP_001013091.1,2,Accessory,,hypothetical protein,,
GCF_000971615.1|WP_001014265.1,2,Accessory,,hypothetical protein,,
GCF_000971615.1|WP_001033999.1,3,Accessory,,S6 family peptidase,serine-type endopeptidase activity|0004252||IEA,"GO:0006508,GO:0004252"
GCF_000971615.1|WP_001037963.1,2,Accessory,,HNH endonuclease,"DNA binding|0003677||IEA,endonuclease activity|0004519||IEA,zinc ion binding|0008270||IEA","GO:0003677,GO:0004519,GO:0008270"
GCF_000971615.1|WP_001039467.1,1,Singleton,,hypothetical protein,,
GCF_000971615.1|WP_001040751.1,2,Accessory,,hypothetical protein,,
GCF_000971615.1|WP_001060171.1,1,Singleton,,DUF2608 domain-containing protein,,
GCF_000971615.1|WP_001060994.1,2,Accessory,,hypothetical protein,,
GCF_000971615.1|WP_001066128.1,1,Singleton,,hypothetical protein,,
GCF_000971615.1|WP_001066231.1,2,Accessory,,KpsF/GutQ family sugar-phosphate isomerase,"isomerase activity|0016853||IEA,metal ion binding|0046872||IEA,carbohydrate derivative binding|0097367||IEA","GO:0005975,GO:0016853,GO:0046872,GO:0097367"
GCF_000971615.1|WP_001072337.1,1,Singleton,,helix-turn-helix transcriptional regulator,"DNA binding|0003677||IEA,DNA-binding transcription factor activity|0003700||IEA","GO:0006355,GO:0003677,GO:0003700"
GCF_000971615.1|WP_001078805.1,2,Accessory,,hypothetical protein,,
GCF_000971615.1|WP_001093673.1,2,Accessory,,flagellar hook capping FlgD N-terminal domain-containing protein,,
GCF_000971615.1|WP_001097116.1,2,Accessory,,RNA ligase family protein,,
GCF_000971615.1|WP_001119492.1,11,Core,,LysM-like peptidoglycan-binding domain-containing protein,peptidoglycan binding|0042834||IEA,GO:0042834
GCF_000971615.1|WP_001132895.1,1,Singleton,,type II toxin-antitoxin system Phd/YefM family antitoxin,"DNA binding|0003677||IEA,toxin sequestering activity|0097351||IEA","GO:0006355,GO:0045927,GO:0003677,GO:0097351,GO:0110001"
GCF_000971615.1|WP_001143110.1,2,Accessory,,glycosyltransferase,,
GCF_000971615.1|WP_001150579.1,2,Accessory,,HlyD family secretion protein,transmembrane transporter activity|0022857||IEA,"GO:0055085,GO:0022857,GO:0016020"
GCF_000971615.1|WP_001169518.1,11,Core,motA,flagellar motor stator protein MotA,,
GCF_000971615.1|WP_001183287.1,2,Accessory,,RpiB/LacA/LacB family sugar-phosphate isomerase,isomerase activity|0016853||IEA,"GO:0005975,GO:0016853"
GCF_000971615.1|WP_001199686.1,2,Accessory,,DcrB-related protein,,
GCF_000971615.1|WP_001244228.1,1,Singleton,,DUF2732 family protein,,
GCF_000971615.1|WP_001248924.1,2,Accessory,fliJ,flagellar export protein FliJ,cytoskeletal motor activity|0003774||IEA,"GO:0071973,GO:0003774,GO:0009288"
GCF_000971615.1|WP_001252647.1,3,Accessory,dagR,transcriptional regulator DagR,"ATP binding|0005524||IEA,ATP hydrolysis activity|0016887||IEA","GO:0006355,GO:0009401,GO:0005524,GO:0016887"
GCF_000971615.1|WP_001260507.1,2,Accessory,fliR,flagellar biosynthetic protein FliR,,"GO:0006605,GO:0044780,GO:0016020"
GCF_000971615.1|WP_001266279.1,1,Singleton,,helix-turn-helix domain-containing protein,,
GCF_000971615.1|WP_001267006.1,1,Singleton,,hypothetical protein,,
GCF_000971615.1|WP_001276642.1,2,Accessory,tssE,type VI secretion system baseplate subunit TssE,,GO:0033103
GCF_000971615.1|WP_001279080.1,1,Singleton,,VpaChn25_0724 family phage protein,,
GCF_000971615.1|WP_001281013.1,1,Singleton,,phage tail assembly protein,,GO:0098003
GCF_000971615.1|WP_001281184.1,3,Accessory,,hypothetical protein,,
GCF_000971615.1|WP_001293171.1,2,Accessory,,flagellar motor switch protein FliG,,
GCF_000971615.1|WP_001296816.1,3,Accessory,,hypothetical protein,,
GCF_000971615.1|WP_001315863.1,1,Singleton,,SIS domain-containing protein,carbohydrate derivative binding|0097367||IEA,"GO:1901135,GO:0097367"
GCF_000971615.1|WP_001317336.1,1,Singleton,,porin,,
GCF_000971615.1|WP_001341841.1,2,Accessory,,phosphoglycerate dehydrogenase,,
GCF_000971615.1|WP_001348108.1,3,Accessory,,cell envelope integrity TolA C-terminal domain-containing protein,toxin transmembrane transporter activity|0019534||IEA,"GO:0043213,GO:0019534,GO:0016020"
GCF_000971615.1|WP_001350183.1,1,Singleton,,phage filamentation protein Fil family protein,,
GCF_000971615.1|WP_001365705.1,1,Singleton,tap,RepA leader peptide Tap,,"GO:0006276,GO:0031556"
GCF_000971615.1|WP_001395679.1,2,Accessory,,hypothetical protein,,
GCF_000971615.1|WP_001395971.1,2,Accessory,,PRD domain-containing protein,,GO:0006355
GCF_000971615.1|WP_001396330.1,2,Accessory,,hypothetical protein,,
GCF_000971615.1|WP_001400936.1,11,Core,,recombinase family protein,"DNA strand exchange activity|0000150||IEA,DNA binding|0003677||IEA","GO:0006310,GO:0015074,GO:0000150,GO:0003677"
GCF_000971615.1|WP_001402047.1,1,Singleton,,flagellar hook-length control protein FliK,,
GCF_000971615.1|WP_001402122.1,2,Accessory,tssJ,type VI secretion system lipoprotein TssJ,,GO:0033103
GCF_000971615.1|WP_001402123.1,1,Singleton,tssL,type VI secretion system protein TssL%2C long form,,"GO:0033103,GO:0033104"
GCF_000971615.1|WP_001518830.1,1,Singleton,,hypothetical protein,,
GCF_000971615.1|WP_001524926.1,11,Core,,H-NS family nucleoid-associated regulatory protein,"DNA binding|0003677||IEA,structural constituent of chromatin|0030527||IEA","GO:0006355,GO:0003677,GO:0030527"
GCF_000971615.1|WP_001542642.1,2,Accessory,,HigA family addiction module antitoxin,DNA binding|0003677||IEA,GO:0003677
GCF_000971615.1|WP_001542896.1,2,Accessory,,hypothetical protein,,
GCF_000971615.1|WP_001575658.1,1,Singleton,,helix-turn-helix domain-containing protein,DNA binding|0003677||IEA,GO:0003677
GCF_000971615.1|WP_001726272.1,4,Accessory,,phage tail sheath protein,,"GO:0099000,GO:0098027"
GCF_000971615.1|WP_004027535.1,6,Accessory,,helix-turn-helix transcriptional regulator,"DNA binding|0003677||IEA,DNA-binding transcription factor activity|0003700||IEA","GO:0006355,GO:0003677,GO:0003700"
GCF_000971615.1|WP_011254640.1,2,Accessory,,hypothetical protein,,
GCF_000971615.1|WP_016262936.1,1,Singleton,,hypothetical protein,,
GCF_000971615.1|WP_021499141.1,5,Accessory,,DNA-packaging protein FI,,
GCF_000971615.1|WP_021568783.1,1,Singleton,,GntR family transcriptional regulator,"DNA binding|0003677||IEA,DNA-binding transcription factor activity|0003700||IEA","GO:0003677,GO:0003700"
GCF_000971615.1|WP_021572669.1,1,Singleton,,hypothetical protein,,
GCF_000971615.1|WP_023155945.1,1,Singleton,,DUF6387 family protein,,
GCF_000971615.1|WP_024170797.1,2,Accessory,,TagF domain-containing protein,,
GCF_000971615.1|WP_024189479.1,1,Singleton,,hypothetical protein,,
GCF_000971615.1|WP_024194565.1,2,Accessory,,hypothetical protein,,
GCF_000971615.1|WP_024239663.1,2,Accessory,,hypothetical protein,,
GCF_000971615.1|WP_024251353.1,2,Accessory,,AAA family ATPase,,
GCF_000971615.1|WP_024251355.1,2,Accessory,,hypothetical protein,,
GCF_000971615.1|WP_028131426.1,1,Singleton,,carbohydrate kinase family protein,"ATP binding|0005524||IEA,kinase activity|0016301||IEA,phosphotransferase activity%2C alcohol group as acceptor|0016773||IEA,carbohydrate kinase activity|0019200||IEA","GO:0005975,GO:0016310,GO:0005524,GO:0016301,GO:0016773,GO:0019200,GO:0005829"
GCF_000971615.1|WP_032164298.1,1,Singleton,,Com family DNA-binding transcriptional regulator,,
GCF_000971615.1|WP_032167172.1,3,Accessory,,DUF1380 family protein,,
GCF_000971615.1|WP_032200197.1,1,Singleton,,DNZ54_00345 family protein,,
GCF_000971615.1|WP_032201390.1,1,Singleton,,hypothetical protein,,
GCF_000971615.1|WP_032217617.1,1,Singleton,tssM,type VI secretion system membrane subunit TssM,,GO:0033103
GCF_000971615.1|WP_032217637.1,2,Accessory,flgL,flagellar hook-associated protein FlgL,structural molecule activity|0005198||IEA,"GO:0001539,GO:0005198,GO:0009424"
GCF_000971615.1|WP_032217638.1,2,Accessory,,hypothetical protein,,
GCF_000971615.1|WP_032217640.1,1,Singleton,,transcriptional regulator,DNA binding|0003677||IEA,GO:0003677
GCF_000971615.1|WP_032246098.1,1,Singleton,,PAAR domain-containing protein,zinc ion binding|0008270||IEA,GO:0008270
GCF_000971615.1|WP_032325769.1,1,Singleton,,tyrosine-type recombinase/integrase,site-specific recombinase activity|0009009||IEA,"GO:0006310,GO:0009009"
GCF_000971615.1|WP_032325772.1,2,Accessory,,WYL domain-containing protein,,
GCF_000971615.1|WP_032325773.1,1,Singleton,,hypothetical protein,,
GCF_000971615.1|WP_032325774.1,1,Singleton,,ThiF family adenylyltransferase,ubiquitin-like modifier activating enzyme activity|0008641||IEA,GO:0008641
GCF_000971615.1|WP_033816661.1,1,Singleton,,DUF2730 family protein,,
GCF_000971615.1|WP_034172969.1,3,Accessory,,DUF4376 domain-containing protein,,
GCF_000971615.1|WP_034172974.1,6,Accessory,,tail assembly protein,,
GCF_000971615.1|WP_034172986.1,6,Accessory,,head decoration protein,,
GCF_000971615.1|WP_034172988.1,6,Accessory,,phage portal protein,structural molecule activity|0005198||IEA,"GO:0019068,GO:0005198,GO:0044423"
GCF_000971615.1|WP_034172990.1,1,Singleton,,terminase small subunit,,
GCF_000971615.1|WP_034172997.1,1,Singleton,,DUF826 domain-containing protein,,
GCF_000971615.1|WP_034173271.1,1,Singleton,,helix-turn-helix domain-containing protein,"DNA binding|0003677||IEA,DNA-binding transcription factor activity|0003700||IEA","GO:0006355,GO:0003677,GO:0003700"
GCF_000971615.1|WP_034173827.1,3,Accessory,repA,incFII family plasmid replication initiator RepA,,GO:0006276
GCF_000971615.1|WP_034173828.1,2,Accessory,,replication regulatory protein RepA,,GO:0006276
GCF_000971615.1|WP_039264360.1,2,Accessory,tssG,type VI secretion system baseplate subunit TssG,,GO:0033103
GCF_000971615.1|WP_039264497.1,2,Accessory,,hypothetical protein,,
GCF_000971615.1|WP_039264498.1,2,Accessory,,DUF4236 domain-containing protein,,
GCF_000971615.1|WP_039264501.1,2,Accessory,,hypothetical protein,,
GCF_000971615.1|WP_039264502.1,2,Accessory,,DUF6979 family protein,,
GCF_000971615.1|WP_039264505.1,2,Accessory,,lysozyme inhibitor LprI family protein,,
GCF_000971615.1|WP_042201934.1,1,Singleton,,hypothetical protein,,
GCF_000971615.1|WP_042201937.1,1,Singleton,,DUF4755 domain-containing protein,,
GCF_000971615.1|WP_042201948.1,1,Singleton,,DUF3800 domain-containing protein,,
GCF_000971615.1|WP_042201950.1,1,Singleton,,conjugal transfer protein TraD,,
GCF_000971615.1|WP_042202737.1,1,Singleton,,hypothetical protein,,
GCF_000971615.1|WP_042202738.1,1,Singleton,,hypothetical protein,,
GCF_000971615.1|WP_046201411.1,1,Singleton,ltrA,group II intron reverse transcriptase/maturase,RNA-directed DNA polymerase activity|0003964||IEA,"GO:0000373,GO:0003964"
GCF_000971615.1|WP_046201413.1,2,Accessory,,Ail/Lom family outer membrane beta-barrel protein,,GO:0044384
GCF_000971615.1|WP_046201419.1,1,Singleton,,hypothetical protein,,
GCF_000971615.1|WP_046201420.1,1,Singleton,,O-antigen polymerase,O antigen polymerase activity|0008755||IEA,"GO:0008755,GO:0016020"
GCF_000971615.1|WP_046201421.1,1,Singleton,,glycosyltransferase family 2 protein,glycosyltransferase activity|0016757||IEA,GO:0016757
GCF_000971615.1|WP_046201422.1,1,Singleton,,oligosaccharide flippase family protein,,GO:0016020
GCF_000971615.1|WP_046201423.1,7,Accessory,rfbC,dTDP-4-dehydrorhamnose 3%2C5-epimerase,dTDP-4-dehydrorhamnose 3%2C5-epimerase activity|0008830||IEA,"GO:0019305,GO:0008830"
GCF_000971615.1|WP_046201424.1,1,Singleton,,glycosyltransferase family 2 protein,glycosyltransferase activity|0016757||IEA,GO:0016757
GCF_000971615.1|WP_046201429.1,1,Singleton,,DNA-binding protein,,
GCF_000971615.1|WP_046201430.1,1,Singleton,,DUF6602 domain-containing protein,,
GCF_000971615.1|WP_046201431.1,1,Singleton,,DUF4756 family protein,,
GCF_000971615.1|WP_046201432.1,1,Singleton,,hypothetical protein,,
GCF_000971615.1|WP_046201433.1,1,Singleton,,replication/maintenance protein RepL,,"GO:0006260,GO:0006276"
GCF_000971615.1|WP_046201434.1,1,Singleton,,hypothetical protein,,
GCF_000971615.1|WP_046201435.1,1,Singleton,,DUF4238 domain-containing protein,,
GCF_000971615.1|WP_046201436.1,1,Singleton,,lipoprotein,,
GCF_000971615.1|WP_046201438.1,1,Singleton,mobQ,MobQ family relaxase,,
GCF_000971615.1|WP_046201439.1,1,Singleton,pilV,shufflon system plasmid conjugative transfer pilus tip adhesin PilV,,
GCF_000971615.1|WP_046201440.1,1,Singleton,,hypothetical protein,,
GCF_000971615.1|WP_046201454.1,3,Accessory,,ECSE_1600 family autotransporter,,GO:0019867
GCF_000971615.1|WP_046201470.1,3,Accessory,,prophage tail fiber N-terminal domain-containing protein,,
GCF_000971615.1|WP_046201471.1,1,Singleton,,Hok/Gef family protein,,GO:0016020
GCF_000971615.1|WP_046201476.1,2,Accessory,gpFI,DNA-packaging protein FI,,
GCF_000971615.1|WP_046201477.1,6,Accessory,,phage head-tail joining protein,,GO:0019058
GCF_000971615.1|WP_046201481.1,3,Accessory,,DUF6645 domain-containing protein,,
GCF_000971615.1|WP_046201483.1,1,Singleton,,RusA family crossover junction endodeoxyribonuclease,,
GCF_000971615.1|WP_046201489.1,4,Accessory,,DUF1627 domain-containing protein,,
GCF_000971615.1|WP_046201490.1,11,Core,,ATP-binding protein,,
GCF_000971615.1|WP_046201500.1,2,Accessory,,phage late control D family protein,,
GCF_000971615.1|WP_046201501.1,1,Singleton,,phage tail tape measure protein,structural molecule activity|0005198||IEA,"GO:0016032,GO:0005198"
GCF_000971615.1|WP_046201508.1,3,Accessory,,replication endonuclease,endonuclease activity|0004519||IEA,"GO:0006260,GO:0004519"
GCF_000971615.1|WP_046201528.1,5,Accessory,,lambda exonuclease family protein,"exonuclease activity|0004527||IEA,metal ion binding|0046872||IEA","GO:0004527,GO:0046872"
GCF_000971615.1|WP_046201542.1,1,Singleton,,hypothetical protein,,
GCF_000971615.1|WP_046201544.1,1,Singleton,,DNA primase family protein,,
GCF_000971615.1|WP_046201545.1,3,Accessory,,DUF4222 domain-containing protein,,
GCF_000971615.1|WP_046201547.1,1,Singleton,,hypothetical protein,,
GCF_000971615.1|WP_046201548.1,3,Accessory,,hypothetical protein,,
GCF_000971615.1|WP_046201550.1,1,Singleton,,hypothetical protein,,
GCF_000971615.1|WP_046201551.1,11,Core,,tyrosine-type recombinase/integrase,DNA binding|0003677||IEA,"GO:0006310,GO:0015074,GO:0003677"
GCF_000971615.1|WP_046201567.1,3,Accessory,,restriction endonuclease subunit S,DNA binding|0003677||IEA,"GO:0006304,GO:0003677"
GCF_000971615.1|WP_046201573.1,3,Accessory,,nucleotidyltransferase domain-containing protein,"nucleotide binding|0000166||IEA,nucleotidyltransferase activity|0016779||IEA,metal ion binding|0046872||IEA","GO:0000166,GO:0016779,GO:0046872"
GCF_000971615.1|WP_046201602.1,1,Singleton,,hypothetical protein,,
GCF_000971615.1|WP_046201603.1,1,Singleton,,hypothetical protein,,
GCF_000971615.1|WP_046201604.1,1,Singleton,,DUF826 domain-containing protein,,
GCF_000971615.1|WP_046201607.1,1,Singleton,,hypothetical protein,,
GCF_000971615.1|WP_046201609.1,1,Singleton,,baseplate J/gp47 family protein,,
GCF_000971615.1|WP_046201613.1,1,Singleton,,DNA circularization protein,,
GCF_000971615.1|WP_046201615.1,1,Singleton,,phage tail assembly protein,,
GCF_000971615.1|WP_046201616.1,1,Singleton,,phage tail tube protein,,
GCF_000971615.1|WP_046201618.1,1,Singleton,,DUF2635 domain-containing protein,,
GCF_000971615.1|WP_046201622.1,1,Singleton,,Mu-like prophage major head subunit gpT family protein,,
GCF_000971615.1|WP_046201624.1,1,Singleton,,phage virion morphogenesis protein,structural molecule activity|0005198||IEA,"GO:0016032,GO:0005198,GO:0044423"
GCF_000971615.1|WP_046201630.1,1,Singleton,,hypothetical protein,,
GCF_000971615.1|WP_046201633.1,1,Singleton,,DNA-binding protein,,
GCF_000971615.1|WP_046201634.1,1,Singleton,,hypothetical protein,,
GCF_000971615.1|WP_046201637.1,1,Singleton,,host-nuclease inhibitor Gam family protein,,
GCF_000971615.1|WP_046201639.1,1,Singleton,,hypothetical protein,,
GCF_000971615.1|WP_046201640.1,1,Singleton,,hypothetical protein,,
GCF_000971615.1|WP_046201641.1,1,Singleton,,AAA family ATPase,ATP hydrolysis activity|0016887||IEA,GO:0016887
GCF_000971615.1|WP_046201643.1,1,Singleton,,hypothetical protein,,
GCF_000971615.1|WP_046201651.1,3,Accessory,,alpha amylase C-terminal domain-containing protein,"catalytic activity|0003824||IEA,cation binding|0043169||IEA","GO:0005975,GO:0003824,GO:0043169"
GCF_000971615.1|WP_046201661.1,1,Singleton,,hypothetical protein,,
GCF_000971615.1|WP_046201662.1,1,Singleton,,hypothetical protein,,
GCF_000971615.1|WP_046201663.1,1,Singleton,,hypothetical protein,,
GCF_000971615.1|WP_046201664.1,1,Singleton,,hypothetical protein,,
GCF_000971615.1|WP_046201665.1,1,Singleton,,hypothetical protein,,
GCF_000971615.1|WP_046201666.1,1,Singleton,,hypothetical protein,,
GCF_000971615.1|WP_046201667.1,1,Singleton,,gp16 family protein,,
GCF_000971615.1|WP_046201669.1,1,Singleton,,hypothetical protein,,
GCF_000971615.1|WP_046201670.1,1,Singleton,,TraR/DksA family transcriptional regulator,,
GCF_000971615.1|WP_046201671.1,1,Singleton,,hypothetical protein,,
GCF_000971615.1|WP_046201672.1,1,Singleton,,phage head morphogenesis protein,,
GCF_000971615.1|WP_046201673.1,1,Singleton,,phage protease,,
GCF_000971615.1|WP_046201674.1,1,Singleton,,HI1506-related protein,,
GCF_000971615.1|WP_046201675.1,1,Singleton,,gp436 family protein,,
GCF_000971615.1|WP_046201676.1,1,Singleton,,DUF1834 family protein,,
GCF_000971615.1|WP_046201677.1,2,Accessory,,phage tail sheath subtilisin-like domain-containing protein,,
GCF_000971615.1|WP_046201679.1,1,Singleton,,tape measure protein,,
GCF_000971615.1|WP_046201682.1,1,Singleton,,YmfQ family protein,,
GCF_000971615.1|WP_046201687.1,1,Singleton,,hypothetical protein,,
GCF_000971615.1|WP_046201688.1,1,Singleton,,DNA cytosine methyltransferase,"DNA binding|0003677||IEA,DNA (cytosine-5-)-methyltransferase activity|0003886||IEA,methyltransferase activity|0008168||IEA,S-adenosyl-L-methionine binding|1904047||IEA","GO:0006304,GO:0003677,GO:0003886,GO:0008168,GO:1904047"
GCF_000971615.1|WP_046201689.1,1,Singleton,,hypothetical protein,,
GCF_000971615.1|WP_046201696.1,7,Accessory,,helix-turn-helix domain-containing protein,,
GCF_000971615.1|WP_046201709.1,1,Singleton,,tail fiber assembly protein,,
GCF_000971615.1|WP_046201715.1,1,Singleton,,DUF935 domain-containing protein,,
GCF_000971615.1|WP_046201717.1,1,Singleton,tssK,type VI secretion system baseplate subunit TssK,,GO:0033103
GCF_000971615.1|WP_046201718.1,1,Singleton,,DotU family type IV/VI secretion system protein,,
GCF_000971615.1|WP_046201719.1,1,Singleton,,type VI secretion protein IcmF/TssM N-terminal domain-containing protein,,
GCF_000971615.1|WP_046201720.1,11,Core,tssH,type VI secretion system ATPase TssH,ATP hydrolysis activity|0016887||IEA,"GO:0033103,GO:0016887,GO:0033104"
GCF_000971615.1|WP_046201721.1,1,Singleton,,VasL domain-containing protein,,
GCF_000971615.1|WP_046201722.1,1,Singleton,,hypothetical protein,,
GCF_000971615.1|WP_046201729.1,1,Singleton,,helix-turn-helix transcriptional regulator,"DNA binding|0003677||IEA,DNA-binding transcription factor activity|0003700||IEA","GO:0006355,GO:0003677,GO:0003700"
GCF_000971615.1|WP_046201731.1,1,Singleton,,TolC family protein,efflux transmembrane transporter activity|0015562||IEA,"GO:0055085,GO:0015562"
GCF_000971615.1|WP_046201733.1,11,Core,,fimbrial biogenesis chaperone,,"GO:0043711,GO:0061077,GO:0030288"
GCF_000971615.1|WP_046201737.1,2,Accessory,cdiA,contact-dependent inhibition toxin CdiA,,
GCF_000971615.1|WP_046201741.1,1,Singleton,,hypothetical protein,,
GCF_000971615.1|WP_046201743.1,1,Singleton,,cytochrome b562,"iron ion binding|0005506||IEA,electron transfer activity|0009055||IEA,heme binding|0020037||IEA","GO:0022900,GO:0005506,GO:0009055,GO:0020037,GO:0042597"
GCF_000971615.1|WP_046201747.1,1,Singleton,,type II toxin-antitoxin system RelE/ParE family toxin,toxin activity|0090729||IEA,"GO:0090729,GO:0110001"
GCF_000971615.1|WP_046201748.1,1,Singleton,,hypothetical protein,,
GCF_000971615.1|WP_046201750.1,11,Core,nanR,transcriptional regulator NanR,,
GCF_000971615.1|WP_046201751.1,2,Accessory,,fertility inhibition protein FinO,,
GCF_000971615.1|WP_046201752.1,2,Accessory,traI,conjugative transfer relaxase/helicase TraI,DNA helicase activity|0003678||IEA,GO:0003678
GCF_000971615.1|WP_046201753.1,2,Accessory,traD,type IV conjugative transfer system coupling protein TraD,,
GCF_000971615.1|WP_046201756.1,2,Accessory,traH,conjugal transfer pilus assembly protein TraH,,
GCF_000971615.1|WP_046201757.1,1,Singleton,trbF,F-type conjugal transfer protein TrbF,,
GCF_000971615.1|WP_046201758.1,2,Accessory,trbB,type-F conjugative transfer system pilin assembly thiol-disulfide isomerase TrbB,,
GCF_000971615.1|WP_046201759.1,2,Accessory,traQ,type-F conjugative transfer system pilin chaperone TraQ,,
GCF_000971615.1|WP_046201761.1,2,Accessory,traF,type-F conjugative transfer system pilin assembly protein TraF,,
GCF_000971615.1|WP_046201762.1,2,Accessory,,conjugal transfer protein TrbE,,
GCF_000971615.1|WP_046201765.1,2,Accessory,trbC,type-F conjugative transfer system pilin assembly protein TrbC,,
GCF_000971615.1|WP_046201766.1,2,Accessory,traU,conjugal transfer pilus assembly protein TraU,,
GCF_000971615.1|WP_046201767.1,2,Accessory,traW,type-F conjugative transfer system protein TraW,,
GCF_000971615.1|WP_046201768.1,2,Accessory,trbI,type-F conjugative transfer system protein TrbI,,
GCF_000971615.1|WP_046201769.1,1,Singleton,,hypothetical protein,,
GCF_000971615.1|WP_046201770.1,1,Singleton,,hypothetical protein,,
GCF_000971615.1|WP_046201772.1,1,Singleton,,hypothetical protein,,
GCF_000971615.1|WP_046201774.1,2,Accessory,traV,type IV conjugative transfer system lipoprotein TraV,,
GCF_000971615.1|WP_046201775.1,2,Accessory,trbG,conjugal transfer protein TrbG,,
GCF_000971615.1|WP_046201776.1,2,Accessory,traP,conjugal transfer pilus-stabilizing protein TraP,,
GCF_000971615.1|WP_046201778.1,2,Accessory,traK,type-F conjugative transfer system secretin TraK,,
GCF_000971615.1|WP_046201779.1,2,Accessory,traE,type IV conjugative transfer system protein TraE,,
GCF_000971615.1|WP_046201780.1,2,Accessory,traL,type IV conjugative transfer system protein TraL,,
GCF_000971615.1|WP_046201782.1,1,Singleton,,conjugal transfer protein TraJ,,
GCF_000971615.1|WP_046201784.1,8,Accessory,,DUF932 domain-containing protein,,
GCF_000971615.1|WP_046201785.1,2,Accessory,,hypothetical protein,,
GCF_000971615.1|WP_046201786.1,1,Singleton,,hypothetical protein,,
GCF_000971615.1|WP_046201788.1,2,Accessory,,plasmid SOS inhibition protein A,,
GCF_000971615.1|WP_046201789.1,3,Accessory,psiB,conjugation system SOS inhibitor PsiB,,
GCF_000971615.1|WP_046201790.1,3,Accessory,,ParB/RepB/Spo0J family partition protein,DNA binding|0003677||IEA,GO:0003677
GCF_000971615.1|WP_046201795.1,2,Accessory,,methyltransferase,methyltransferase activity|0008168||IEA,GO:0008168
GCF_000971615.1|WP_046201796.1,2,Accessory,,DUF3560 domain-containing protein,,
GCF_000971615.1|WP_046201802.1,1,Singleton,,tyrosine-type recombinase/integrase,site-specific recombinase activity|0009009||IEA,"GO:0006310,GO:0009009"
GCF_000971615.1|WP_046201804.1,1,Singleton,,GntR family transcriptional regulator,"DNA binding|0003677||IEA,DNA-binding transcription factor activity|0003700||IEA","GO:0003677,GO:0003700"
GCF_000971615.1|WP_046201806.1,1,Singleton,,YhcH/YjgK/YiaL family protein,,
GCF_000971615.1|WP_046201807.1,1,Singleton,,sugar kinase,carbohydrate kinase activity|0019200||IEA,"GO:0005975,GO:0019200,GO:0005829"
GCF_000971615.1|WP_046201808.1,1,Singleton,,C-terminal binding protein,"chromatin binding|0003682||IEA,transcription corepressor activity|0003714||IEA,oxidoreductase activity%2C acting on the CH-OH group of donors%2C NAD or NADP as acceptor|0016616||IEA,NAD+ binding|0070403||IEA,DNA-binding transcription factor binding|0140297||IEA","GO:0006351,GO:0003682,GO:0003714,GO:0016616,GO:0070403,GO:0140297"
GCF_000971615.1|WP_046201809.1,1,Singleton,,MFS transporter,transmembrane transporter activity|0022857||IEA,"GO:0055085,GO:0022857"
GCF_000971615.1|WP_046201810.1,2,Accessory,,CPBP family intramembrane glutamic endopeptidase,"metalloendopeptidase activity|0004222||IEA,glutamic-type endopeptidase activity|0070007||IEA","GO:0071586,GO:0004222,GO:0070007,GO:0016020"
GCF_000971615.1|WP_046201812.1,1,Singleton,,hypothetical protein,,
GCF_000971615.1|WP_046201814.1,3,Accessory,,Exc2 family lipoprotein,,
GCF_000971615.1|WP_046201819.1,2,Accessory,,ParB family protein,,
GCF_000971615.1|WP_046201820.1,1,Singleton,,hypothetical protein,,
GCF_000971615.1|WP_046201823.1,4,Accessory,,tyrosine-type recombinase/integrase,site-specific recombinase activity|0009009||IEA,"GO:0006310,GO:0009009"
GCF_000971615.1|WP_046201825.1,1,Singleton,,hypothetical protein,,
GCF_000971615.1|WP_046201826.1,1,Singleton,,lysozyme family protein,,
GCF_000971615.1|WP_046201827.1,1,Singleton,tssF,type VI secretion system baseplate subunit TssF,,GO:0033103
GCF_000971615.1|WP_046201845.1,2,Accessory,traM,conjugal transfer relaxosome DNA-binding protein TraM,DNA binding|0003677||IEA,GO:0003677
GCF_000971615.1|WP_049590271.1,6,Accessory,,phage tail assembly protein T,,
GCF_000971615.1|WP_052734126.1,1,Singleton,,protein-export chaperone SecB,,
GCF_000971615.1|WP_052734128.1,2,Accessory,,AraC family transcriptional regulator,"DNA-binding transcription factor activity|0003700||IEA,sequence-specific DNA binding|0043565||IEA","GO:0006355,GO:0003700,GO:0043565"
GCF_000971615.1|WP_052734129.1,1,Singleton,,alpha/beta hydrolase,hydrolase activity|0016787||IEA,GO:0016787
GCF_000971615.1|WP_052734131.1,1,Singleton,,hypothetical protein,,
GCF_000971615.1|WP_058153243.1,1,Singleton,,hypothetical protein,,
GCF_000971615.1|WP_064756529.1,2,Accessory,,hypothetical protein,,
GCF_000971615.1|WP_071790912.1,1,Singleton,,hypothetical protein,,
GCF_000971615.1|WP_071886252.1,1,Singleton,,hypothetical protein,,
GCF_000971615.1|WP_071886254.1,3,Accessory,,gp53-like domain-containing protein,,
GCF_000971615.1|WP_071886256.1,1,Singleton,,phage filamentation protein Fil family protein,,
GCF_000971615.1|WP_071886274.1,1,Singleton,,replication protein RepA,,
GCF_000971615.1|WP_071886277.1,1,Singleton,,hypothetical protein,,
GCF_000971615.1|WP_071886279.1,2,Accessory,traY,conjugal transfer relaxosome protein TraY,,
GCF_000971615.1|WP_071886281.1,1,Singleton,,hypothetical protein,,
GCF_000971615.1|WP_072134538.1,1,Singleton,,hypothetical protein,,
GCF_000971615.1|WP_075262006.1,2,Accessory,traX,type-F conjugative transfer system pilin acetylase TraX,,
GCF_000971615.1|WP_077787734.1,1,Singleton,,phage baseplate assembly protein V,structural molecule activity|0005198||IEA,"GO:0019068,GO:0005198,GO:0044423"
GCF_000971615.1|WP_077787746.1,1,Singleton,,fimbrial protein,,"GO:0007155,GO:0009289"
GCF_000971615.1|WP_077787749.1,1,Singleton,,sialate O-acetylesterase,,
GCF_000971615.1|WP_077787757.1,3,Accessory,,DUF1281 domain-containing protein,,
GCF_000971615.1|WP_099355921.1,1,Singleton,,type IV secretion protein Rhs,,
GCF_000971615.1|WP_135452264.1,1,Singleton,,hypothetical protein,,
GCF_000971615.1|WP_139108876.1,1,Singleton,,hypothetical protein,,
GCF_000971615.1|WP_139108877.1,1,Singleton,,hypothetical protein,,
GCF_000971615.1|WP_139108882.1,1,Singleton,,fimbrial protein,,"GO:0007155,GO:0009289"
GCF_000971615.1|WP_144405567.1,1,Singleton,,hypothetical protein,,
GCF_000971615.1|WP_144405573.1,1,Singleton,tssG,type VI secretion system baseplate subunit TssG,,GO:0033103
GCF_000971615.1|WP_200896486.1,1,Singleton,,hypothetical protein,,
GCF_000971615.1|WP_211114082.1,1,Singleton,,hypothetical protein,,
GCF_000971615.1|WP_223200913.1,2,Accessory,,Hok/Gef family protein,,GO:0016020
GCF_000971615.1|WP_224142731.1,2,Accessory,,DUF2971 domain-containing protein,,
GCF_000971615.1|WP_225387439.1,1,Singleton,lysC,Rz1-like lysis system protein LysC,,
GCF_000971615.1|WP_225877598.1,1,Singleton,,PAAR domain-containing protein,,
GCF_000971615.1|WP_230986327.1,2,Accessory,,peptidase domain-containing ABC transporter,"ATP binding|0005524||IEA,peptidase activity|0008233||IEA,ATP hydrolysis activity|0016887||IEA,ATPase-coupled transmembrane transporter activity|0042626||IEA,ABC-type transporter activity|0140359||IEA","GO:0005524,GO:0008233,GO:0016887,GO:0042626,GO:0140359,GO:0055052"
GCF_000971615.1|WP_244468205.1,2,Accessory,trbJ,P-type conjugative transfer protein TrbJ,,
GCF_000971615.1|WP_244468206.1,1,Singleton,,hypothetical protein,,
GCF_000971615.1|WP_244468207.1,1,Singleton,,group II intron maturase-specific domain-containing protein,,
GCF_000971615.1|WP_244468208.1,1,Singleton,,hypothetical protein,,
GCF_000971615.1|WP_244468209.1,1,Singleton,,hypothetical protein,,
GCF_000971615.1|WP_244468210.1,1,Singleton,,bacteriophage T4 gp5 trimerisation domain-containing protein,,
GCF_000971615.1|WP_244468211.1,1,Singleton,,hypothetical protein,,
GCF_000971615.1|WP_244468212.1,1,Singleton,,DUF6931 family protein,,
GCF_000971615.1|WP_244468215.1,1,Singleton,,Ig-like domain-containing protein,,
GCF_000971615.1|WP_244468216.1,1,Singleton,,helix-turn-helix domain-containing protein,,
GCF_000971615.1|WP_244468220.1,1,Singleton,,AvrPphF family type III effector,,
GCF_000971615.1|WP_311112886.1,10,Accessory,,N-acetylneuraminate epimerase,,
GCF_000971615.1|WP_348271000.1,1,Singleton,,host cell division inhibitor Icd-like protein,,
GCF_000971615.1|WP_348271003.1,1,Singleton,,PapB/FocB family fimbrial expression transcriptional regulator,,GO:0006355
GCF_000971615.1|WP_349808740.1,2,Accessory,dinQ,damage-inducible type I toxin DinQ,,
GCF_000971615.1|WP_407981370.1,1,Singleton,,hypothetical protein,,
GCF_000971615.1|WP_409071766.1,1,Singleton,,PapB/FocB family fimbrial expression transcriptional regulator,,GO:0006355
GCF_000971615.1|WP_409071767.1,1,Singleton,,hypothetical protein,,
GCF_000971615.1|WP_432276681.1,1,Singleton,,Mu transposase C-terminal domain-containing protein,,
GCF_000987875.1|WP_000005570.1,1,Singleton,,McrC family protein,,
GCF_000987875.1|WP_000008726.1,1,Singleton,,hypothetical protein,,
GCF_000987875.1|WP_000008820.1,1,Singleton,,ANR family transcriptional regulator,,
GCF_000987875.1|WP_000012391.1,1,Singleton,,hypothetical protein,,
GCF_000987875.1|WP_000014505.1,1,Singleton,,DNA-binding protein,,
GCF_000987875.1|WP_000016209.1,1,Singleton,,helix-turn-helix transcriptional regulator,DNA binding|0003677||IEA,GO:0003677
GCF_000987875.1|WP_000019300.1,1,Singleton,,ETEC_3214 family protein,,
GCF_000987875.1|WP_000020242.1,1,Singleton,,3-hydroxy-fatty acyl-ACP dehydratase,,
GCF_000987875.1|WP_000021652.1,2,Accessory,,hypothetical protein,,
GCF_000987875.1|WP_000021850.1,1,Singleton,,hypothetical protein,,
GCF_000987875.1|WP_000022949.1,1,Singleton,,hypothetical protein,,
GCF_000987875.1|WP_000025002.1,1,Singleton,,hypothetical protein,,
GCF_000987875.1|WP_000028685.1,1,Singleton,,hypothetical protein,,
GCF_000987875.1|WP_000033880.1,1,Singleton,,hypothetical protein,,
GCF_000987875.1|WP_000039786.1,1,Singleton,,inverse autotransporter beta domain-containing protein,,
GCF_000987875.1|WP_000039876.1,1,Singleton,,DUF262 domain-containing protein,,
GCF_000987875.1|WP_000042170.1,2,Accessory,,DUF4054 domain-containing protein,,
GCF_000987875.1|WP_000045627.1,1,Singleton,,hypothetical protein,,
GCF_000987875.1|WP_000045904.1,1,Singleton,,glycosyltransferase,glycosyltransferase activity|0016757||IEA,GO:0016757
GCF_000987875.1|WP_000046933.1,2,Accessory,,DUF3383 family protein,,
GCF_000987875.1|WP_000049950.1,2,Accessory,,DUF2612 domain-containing protein,,
GCF_000987875.1|WP_000051355.1,1,Singleton,,hypothetical protein,,
GCF_000987875.1|WP_000051491.1,1,Singleton,,hypothetical protein,,
GCF_000987875.1|WP_000051843.1,1,Singleton,,hypothetical protein,,
GCF_000987875.1|WP_000056168.1,1,Singleton,mzaC,MZA anti-phage system associated Z1 domain-containing protein MzaC,,GO:0051607
GCF_000987875.1|WP_000061531.1,1,Singleton,,helix-turn-helix domain-containing protein,DNA binding|0003677||IEA,GO:0003677
GCF_000987875.1|WP_000063156.1,2,Accessory,,BrnA antitoxin family protein,,
GCF_000987875.1|WP_000063839.1,1,Singleton,,RecT family recombinase,DNA binding|0003677||IEA,"GO:0006310,GO:0003677"
GCF_000987875.1|WP_000065377.1,2,Accessory,,DUF2528 family protein,,
GCF_000987875.1|WP_000069884.1,2,Accessory,,phage neck terminator protein,,
GCF_000987875.1|WP_000078920.1,3,Accessory,,Hok/Gef family protein,,GO:0016020
GCF_000987875.1|WP_000081745.1,2,Accessory,,hypothetical protein,,
GCF_000987875.1|WP_000086422.1,1,Singleton,,DnaT-like ssDNA-binding domain-containing protein,,
GCF_000987875.1|WP_000086751.1,1,Singleton,,hypothetical protein,,
GCF_000987875.1|WP_000089318.1,1,Singleton,,RbtT/DalT/CsbX family MFS transporter,transmembrane transporter activity|0022857||IEA,"GO:0055085,GO:0022857,GO:0016020"
GCF_000987875.1|WP_000090998.1,1,Singleton,,phage tail tube protein,,
GCF_000987875.1|WP_000104350.1,2,Accessory,,phage holin family protein,,"GO:0005886,GO:0016020"
GCF_000987875.1|WP_000105682.1,1,Singleton,,autotransporter strand-loop-strand O-heptosyltransferase,glycosyltransferase activity|0016757||IEA,GO:0016757
GCF_000987875.1|WP_000107474.1,1,Singleton,,aldose 1-epimerase family protein,,
GCF_000987875.1|WP_000108562.1,1,Singleton,,tail fiber protein,,"GO:0019062,GO:0046718"
GCF_000987875.1|WP_000109249.1,2,Accessory,,DUF3277 family protein,,
GCF_000987875.1|WP_000114854.1,1,Singleton,,CaiF/GrlA family transcriptional regulator,,GO:0006351
GCF_000987875.1|WP_000115638.1,1,Singleton,,glycosyltransferase family 2 protein,glycosyltransferase activity|0016757||IEA,"GO:0006486,GO:0016757"
GCF_000987875.1|WP_000116719.1,2,Accessory,sctI,type III secretion system inner rod subunit SctI,,
GCF_000987875.1|WP_000119841.1,1,Singleton,,hypothetical protein,,
GCF_000987875.1|WP_000122958.1,1,Singleton,,hypothetical protein,,
GCF_000987875.1|WP_000124171.1,2,Accessory,,hypothetical protein,,
GCF_000987875.1|WP_000126105.1,1,Singleton,,hypothetical protein,,
GCF_000987875.1|WP_000132059.1,1,Singleton,,acyl carrier protein,,GO:0006633
GCF_000987875.1|WP_000133160.1,1,Singleton,,hypothetical protein,,
GCF_000987875.1|WP_000139044.1,11,Core,hemX,uroporphyrinogen-III C-methyltransferase,,
GCF_000987875.1|WP_000140405.1,1,Singleton,ybtA,yersiniabactin transcriptional regulator YbtA,,
GCF_000987875.1|WP_000148192.1,1,Singleton,,hypothetical protein,,
GCF_000987875.1|WP_000153280.1,3,Accessory,,phage N-6-adenine-methyltransferase,"DNA binding|0003677||IEA,site-specific DNA-methyltransferase (adenine-specific) activity|0009007||IEA","GO:0009307,GO:0003677,GO:0009007"
GCF_000987875.1|WP_000153674.1,2,Accessory,,MarR family transcriptional regulator,DNA-binding transcription factor activity|0003700||IEA,"GO:0006355,GO:0003700"
GCF_000987875.1|WP_000158971.1,2,Accessory,,hypothetical protein,,
GCF_000987875.1|WP_000163452.1,1,Singleton,,MT-A70 family methyltransferase,,
GCF_000987875.1|WP_000179263.1,1,Singleton,,hypothetical protein,,
GCF_000987875.1|WP_000180166.1,1,Singleton,,MMPL family transporter,,GO:0016020
GCF_000987875.1|WP_000181940.1,1,Singleton,,hypothetical protein,,
GCF_000987875.1|WP_000184969.1,1,Singleton,,phage head morphogenesis protein,,
GCF_000987875.1|WP_000188903.1,1,Singleton,,hypothetical protein,,
GCF_000987875.1|WP_000194281.1,1,Singleton,ybtT,yersiniabactin biosynthesis thioesterase YbtT,,
GCF_000987875.1|WP_000198986.1,1,Singleton,,LacI family DNA-binding transcriptional regulator,"DNA binding|0003677||IEA,DNA-binding transcription factor activity|0003700||IEA","GO:0006351,GO:0006355,GO:0003677,GO:0003700"
GCF_000987875.1|WP_000200451.1,1,Singleton,,hypothetical protein,,
GCF_000987875.1|WP_000206747.1,1,Singleton,,hypothetical protein,,
GCF_000987875.1|WP_000207019.1,1,Singleton,,phage holin family protein,,
GCF_000987875.1|WP_000208227.1,1,Singleton,,hypothetical protein,,
GCF_000987875.1|WP_000210155.1,2,Accessory,,LexA family transcriptional regulator,,
GCF_000987875.1|WP_000210399.1,1,Singleton,mzaB,MZA anti-phage system associated ATPase MzaB,,GO:0051607
GCF_000987875.1|WP_000210446.1,1,Singleton,,hypothetical protein,,
GCF_000987875.1|WP_000211268.1,2,Accessory,,plasmid partitioning/stability family protein,,
GCF_000987875.1|WP_000213605.1,1,Singleton,,hypothetical protein,,
GCF_000987875.1|WP_000224835.1,1,Singleton,,hypothetical protein,,
GCF_000987875.1|WP_000236492.1,1,Singleton,,hypothetical protein,,
GCF_000987875.1|WP_000248953.1,1,Singleton,,restriction endonuclease subunit S,DNA binding|0003677||IEA,"GO:0006304,GO:0003677"
GCF_000987875.1|WP_000251941.1,1,Singleton,mzaD,MZA anti-phage system associated PD-(D/E)XK motif protein MzaD,,GO:0051607
GCF_000987875.1|WP_000256718.1,1,Singleton,,hypothetical protein,,
GCF_000987875.1|WP_000256735.1,1,Singleton,,hypothetical protein,,
GCF_000987875.1|WP_000258199.1,2,Accessory,,ProQ/FINO family protein,,
GCF_000987875.1|WP_000263650.1,1,Singleton,,hypothetical protein,,
GCF_000987875.1|WP_000268716.1,1,Singleton,,major capsid protein,,
GCF_000987875.1|WP_000273201.1,1,Singleton,,methyltransferase,O-methyltransferase activity|0008171||IEA,GO:0008171
GCF_000987875.1|WP_000276886.1,3,Accessory,,Cro/CI family transcriptional regulator,,
GCF_000987875.1|WP_000280683.1,1,Singleton,,hypothetical protein,,
GCF_000987875.1|WP_000281082.1,1,Singleton,,hypothetical protein,,
GCF_000987875.1|WP_000281555.1,1,Singleton,,helix-turn-helix transcriptional regulator,"DNA binding|0003677||IEA,DNA-binding transcription factor activity|0003700||IEA","GO:0006355,GO:0003677,GO:0003700"
GCF_000987875.1|WP_000284450.1,1,Singleton,,plasmid pRiA4b ORF-3 family protein,,
GCF_000987875.1|WP_000287502.1,1,Singleton,,peptidoglycan DD-metalloendopeptidase family protein,,
GCF_000987875.1|WP_000290346.1,1,Singleton,,membrane protein,,
GCF_000987875.1|WP_000290450.1,4,Accessory,,phage major tail tube protein,structural molecule activity|0005198||IEA,"GO:0016032,GO:0005198,GO:0044423"
GCF_000987875.1|WP_000312945.1,1,Singleton,,VRR-NUC domain-containing protein,,
GCF_000987875.1|WP_000332264.1,1,Singleton,,tyrosine-type recombinase/integrase,site-specific recombinase activity|0009009||IEA,"GO:0006310,GO:0009009"
GCF_000987875.1|WP_000333495.1,3,Accessory,,GpE family phage tail protein,,
GCF_000987875.1|WP_000334867.1,1,Singleton,,hypothetical protein,,
GCF_000987875.1|WP_000337197.1,1,Singleton,,virion core protein%2C T7 gp14 family,,
GCF_000987875.1|WP_000343747.1,1,Singleton,,IS256-like element IS1414 family transposase,transposase activity|0004803||IEA,"GO:0006313,GO:0004803"
GCF_000987875.1|WP_000345434.1,2,Accessory,,sulfite exporter TauE/SafE family protein,,"GO:0006810,GO:0016020"
GCF_000987875.1|WP_000350265.1,10,Accessory,rbsK,ribokinase,ribokinase activity|0004747||IEA,"GO:0006014,GO:0004747"
GCF_000987875.1|WP_000355476.1,1,Singleton,,LEM-3-like GIY-YIG domain-containing protein,,
GCF_000987875.1|WP_000356349.1,2,Accessory,,phage virion morphogenesis protein,structural molecule activity|0005198||IEA,"GO:0016032,GO:0005198,GO:0044423"
GCF_000987875.1|WP_000360015.1,1,Singleton,,hypothetical protein,,
GCF_000987875.1|WP_000366614.1,1,Singleton,,McrB family protein,"ATP binding|0005524||IEA,ATP hydrolysis activity|0016887||IEA","GO:0005524,GO:0016887"
GCF_000987875.1|WP_000369498.1,1,Singleton,irp1,yersiniabactin polyketide synthase HMWP1,,
GCF_000987875.1|WP_000372937.1,2,Accessory,kil,host cell division inhibitory peptide Kil,,
GCF_000987875.1|WP_000383554.1,1,Singleton,,YmfQ family protein,,
GCF_000987875.1|WP_000386643.1,2,Accessory,,phage protein NinX family protein,,
GCF_000987875.1|WP_000388778.1,2,Accessory,ymfT,YdaS family helix-turn-helix protein,,
GCF_000987875.1|WP_000390070.1,1,Singleton,,hypothetical protein,,
GCF_000987875.1|WP_000392424.1,1,Singleton,,hypothetical protein,,
GCF_000987875.1|WP_000402895.1,1,Singleton,,hypothetical protein,,
GCF_000987875.1|WP_000403785.1,2,Accessory,,hypothetical protein,,
GCF_000987875.1|WP_000412539.1,1,Singleton,,hypothetical protein,,
GCF_000987875.1|WP_000413229.1,1,Singleton,,hypothetical protein,,
GCF_000987875.1|WP_000415817.1,1,Singleton,,hypothetical protein,,
GCF_000987875.1|WP_000419015.1,1,Singleton,mzaE,MZA anti-phage system associated AIPR family protein MzaE,,GO:0051607
GCF_000987875.1|WP_000424489.1,1,Singleton,gp10,capsid staple protein,,
GCF_000987875.1|WP_000424732.1,2,Accessory,,phage GP46 family protein,,
GCF_000987875.1|WP_000434627.1,1,Singleton,leoA,toxin secretory dynamin-like GTPase LeoA,,
GCF_000987875.1|WP_000438163.1,1,Singleton,,DEAD/DEAH box helicase family protein,"DNA binding|0003677||IEA,ATP binding|0005524||IEA,hydrolase activity|0016787||IEA","GO:0003677,GO:0005524,GO:0016787"
GCF_000987875.1|WP_000451762.1,1,Singleton,,hypothetical protein,,
GCF_000987875.1|WP_000458584.1,1,Singleton,,Panacea domain-containing protein,,
GCF_000987875.1|WP_000462045.1,1,Singleton,,hypothetical protein,,
GCF_000987875.1|WP_000472086.1,1,Singleton,,hypothetical protein,,
GCF_000987875.1|WP_000476150.1,1,Singleton,,DUF4222 domain-containing protein,,
GCF_000987875.1|WP_000488107.1,2,Accessory,,ogr/Delta-like zinc finger family protein,,
GCF_000987875.1|WP_000488333.1,1,Singleton,,hypothetical protein,,
GCF_000987875.1|WP_000497757.1,1,Singleton,,DUF2635 domain-containing protein,,
GCF_000987875.1|WP_000514277.1,2,Accessory,,DUF4754 family protein,,
GCF_000987875.1|WP_000515818.1,1,Singleton,,helix-turn-helix transcriptional regulator,"DNA binding|0003677||IEA,DNA-binding transcription factor activity|0003700||IEA","GO:0006355,GO:0003677,GO:0003700"
GCF_000987875.1|WP_000539505.1,1,Singleton,wzy,O78 family O-antigen polymerase,,
GCF_000987875.1|WP_000551021.1,1,Singleton,,hypothetical protein,,
GCF_000987875.1|WP_000554685.1,1,Singleton,,hypothetical protein,,
GCF_000987875.1|WP_000555092.1,1,Singleton,mzaA,MZA anti-phage system associated sigma-70 family RNA polymerase sigma factor MzaA,"DNA-binding transcription factor activity|0003700||IEA,sigma factor activity|0016987||IEA","GO:0006355,GO:0051607,GO:0003700,GO:0016987"
GCF_000987875.1|WP_000567466.1,1,Singleton,,helix-turn-helix domain-containing protein,DNA binding|0003677||IEA,GO:0003677
GCF_000987875.1|WP_000581512.1,2,Accessory,,IrmA family protein,,
GCF_000987875.1|WP_000588338.1,1,Singleton,,hypothetical protein,,
GCF_000987875.1|WP_000597696.1,1,Singleton,,DUF3261 domain-containing protein,,
GCF_000987875.1|WP_000599410.1,2,Accessory,,hypothetical protein,,
GCF_000987875.1|WP_000600822.1,1,Singleton,,hypothetical protein,,
GCF_000987875.1|WP_000613809.1,6,Accessory,,terminase large subunit domain-containing protein,,
GCF_000987875.1|WP_000623034.1,1,Singleton,irp2,yersiniabactin non-ribosomal peptide synthetase HMWP2,non-ribosomal peptide synthetase activity|1904091||IEA,GO:1904091
GCF_000987875.1|WP_000625349.1,3,Accessory,,terminase large subunit domain-containing protein,,
GCF_000987875.1|WP_000627061.1,1,Singleton,,Bbp16 family capsid cement protein,,
GCF_000987875.1|WP_000627733.1,1,Singleton,,type I restriction-modification system subunit M,"DNA binding|0003677||IEA,methyltransferase activity|0008168||IEA,S-adenosyl-L-methionine binding|1904047||IEA","GO:0009307,GO:0003677,GO:0008168,GO:1904047"
GCF_000987875.1|WP_000637723.1,2,Accessory,,DUF4406 domain-containing protein,,
GCF_000987875.1|WP_000637738.1,1,Singleton,,DUF2514 domain-containing protein,,
GCF_000987875.1|WP_000640254.1,1,Singleton,,restriction endonuclease,,
GCF_000987875.1|WP_000651450.1,1,Singleton,,GrlR family regulatory protein,,
GCF_000987875.1|WP_000658303.1,1,Singleton,,sce7726 family protein,,
GCF_000987875.1|WP_000661047.1,1,Singleton,,phage tail assembly protein,,GO:0098003
GCF_000987875.1|WP_000665308.1,2,Accessory,,tail protein,,
GCF_000987875.1|WP_000668950.1,1,Singleton,,N-6 DNA methylase,"DNA binding|0003677||IEA,N-methyltransferase activity|0008170||IEA","GO:0003677,GO:0008170"
GCF_000987875.1|WP_000670565.1,1,Singleton,,LolA family protein,,
GCF_000987875.1|WP_000675390.1,1,Singleton,,helix-turn-helix transcriptional regulator,"DNA binding|0003677||IEA,DNA-binding transcription factor activity|0003700||IEA","GO:0006355,GO:0003677,GO:0003700"
GCF_000987875.1|WP_000676503.1,1,Singleton,,hypothetical protein,,
GCF_000987875.1|WP_000677831.1,1,Singleton,,relaxase/mobilization nuclease domain-containing protein,,
GCF_000987875.1|WP_000678612.1,1,Singleton,,hypothetical protein,,
GCF_000987875.1|WP_000679479.1,1,Singleton,,hypothetical protein,,
GCF_000987875.1|WP_000680585.1,1,Singleton,,hypothetical protein,,
GCF_000987875.1|WP_000686494.1,4,Accessory,,plasmid segregation protein ParM,nucleotide binding|0000166||IEA,"GO:0030541,GO:0000166"
GCF_000987875.1|WP_000694952.1,1,Singleton,copM,CopM family metallochaperone,metallochaperone activity|0016530||IEA,"GO:0055070,GO:0016530"
GCF_000987875.1|WP_000702407.1,1,Singleton,,phage head closure protein,structural molecule activity|0005198||IEA,"GO:0019068,GO:0005198,GO:0044423"
GCF_000987875.1|WP_000703040.1,1,Singleton,ybtS,yersiniabactin biosynthesis salicylate synthase Irp9/YbtS,,
GCF_000987875.1|WP_000705928.1,1,Singleton,,PTS sugar transporter subunit IIB,protein-N(PI)-phosphohistidine-sugar phosphotransferase activity|0008982||IEA,"GO:0008643,GO:0009401,GO:0008982"
GCF_000987875.1|WP_000707067.1,1,Singleton,,AAA family ATPase,"ATP binding|0005524||IEA,ATP hydrolysis activity|0016887||IEA","GO:0005524,GO:0016887"
GCF_000987875.1|WP_000708681.1,1,Singleton,,hypothetical protein,,
GCF_000987875.1|WP_000708858.1,1,Singleton,,hypothetical protein,,
GCF_000987875.1|WP_000710653.1,1,Singleton,,DUF726 domain-containing protein,,
GCF_000987875.1|WP_000714422.1,1,Singleton,,beta family protein,,
GCF_000987875.1|WP_000722269.1,1,Singleton,,glycosyltransferase,glycosyltransferase activity|0016757||IEA,"GO:0006486,GO:0016757"
GCF_000987875.1|WP_000729826.1,1,Singleton,,hypothetical protein,,
GCF_000987875.1|WP_000736904.1,2,Accessory,,recombination protein NinB,,
GCF_000987875.1|WP_000738066.1,1,Singleton,,hypothetical protein,,
GCF_000987875.1|WP_000747951.1,1,Singleton,,Cro/CI family transcriptional regulator,,
GCF_000987875.1|WP_000753060.1,1,Singleton,,hypothetical protein,,
GCF_000987875.1|WP_000758228.1,1,Singleton,,DUF411 domain-containing protein,,
GCF_000987875.1|WP_000763708.1,3,Accessory,,DUF4055 domain-containing protein,,
GCF_000987875.1|WP_000766102.1,1,Singleton,,phage major capsid protein,structural molecule activity|0005198||IEA,"GO:0019068,GO:0005198,GO:0044423"
GCF_000987875.1|WP_000769004.1,1,Singleton,,DUF2815 family protein,,
GCF_000987875.1|WP_000770125.1,1,Singleton,,sel1 repeat family protein,,
GCF_000987875.1|WP_000774665.1,1,Singleton,,phage tail tape measure protein,structural molecule activity|0005198||IEA,"GO:0016032,GO:0005198"
GCF_000987875.1|WP_000779287.1,1,Singleton,,phage tail terminator protein,,
GCF_000987875.1|WP_000779566.1,1,Singleton,,hypothetical protein,,
GCF_000987875.1|WP_000780535.1,2,Accessory,,DUF2570 domain-containing protein,,
GCF_000987875.1|WP_000784545.1,1,Singleton,fyuA,siderophore yersiniabactin receptor FyuA,,
GCF_000987875.1|WP_000785312.1,1,Singleton,,baseplate J/gp47 family protein,,
GCF_000987875.1|WP_000786770.1,1,Singleton,,helix-turn-helix domain-containing protein,DNA binding|0003677||IEA,GO:0003677
GCF_000987875.1|WP_000790483.1,1,Singleton,silE,silver-binding protein SilE,metal ion binding|0046872||IEA,GO:0046872
GCF_000987875.1|WP_000796272.1,2,Accessory,,type III secretion system needle complex protein,,
GCF_000987875.1|WP_000801965.1,1,Singleton,,hypothetical protein,,
GCF_000987875.1|WP_000805233.1,1,Singleton,,MarR family transcriptional regulator,"DNA binding|0003677||IEA,DNA-binding transcription factor activity|0003700||IEA","GO:0006355,GO:0003677,GO:0003700"
GCF_000987875.1|WP_000805520.1,1,Singleton,,hypothetical protein,,
GCF_000987875.1|WP_000807199.1,1,Singleton,,phage tail tape measure protein,structural molecule activity|0005198||IEA,"GO:0016032,GO:0005198"
GCF_000987875.1|WP_000809341.1,1,Singleton,,LuxR C-terminal-related transcriptional regulator,,GO:0006355
GCF_000987875.1|WP_000813455.1,1,Singleton,,hypothetical protein,,
GCF_000987875.1|WP_000821231.1,1,Singleton,,hypothetical protein,,
GCF_000987875.1|WP_000833174.1,1,Singleton,,hypothetical protein,,
GCF_000987875.1|WP_000833651.1,1,Singleton,,DUF3927 family protein,,
GCF_000987875.1|WP_000836290.1,1,Singleton,,helix-turn-helix domain-containing protein,,
GCF_000987875.1|WP_000838376.1,1,Singleton,,hypothetical protein,,
GCF_000987875.1|WP_000840197.1,6,Accessory,,phage tail tape measure protein,structural molecule activity|0005198||IEA,"GO:0016032,GO:0005198,GO:0044423"
GCF_000987875.1|WP_000840619.1,3,Accessory,,phage tail tape measure protein,structural molecule activity|0005198||IEA,"GO:0016032,GO:0005198,GO:0044423"
GCF_000987875.1|WP_000843494.1,1,Singleton,,DUF2933 domain-containing protein,,
GCF_000987875.1|WP_000848749.1,2,Accessory,ymfK,LexA family protein,DNA binding|0003677||IEA,"GO:0045892,GO:0003677"
GCF_000987875.1|WP_000852155.1,1,Singleton,,portal protein,,
GCF_000987875.1|WP_000853397.1,2,Accessory,,phage tail tape measure protein,structural molecule activity|0005198||IEA,"GO:0016032,GO:0005198"
GCF_000987875.1|WP_000859350.1,1,Singleton,,hypothetical protein,,
GCF_000987875.1|WP_000864897.1,5,Accessory,,tail protein X,,
GCF_000987875.1|WP_000872050.1,1,Singleton,,hypothetical protein,,
GCF_000987875.1|WP_000875105.1,1,Singleton,,ImmA/IrrE family metallo-endopeptidase,,
GCF_000987875.1|WP_000875230.1,2,Accessory,,EscJ/YscJ/HrcJ family type III secretion inner membrane ring protein,,
GCF_000987875.1|WP_000879785.1,3,Accessory,,hypothetical protein,,
GCF_000987875.1|WP_000887617.1,2,Accessory,,KAP family NTPase,,
GCF_000987875.1|WP_000900553.1,2,Accessory,,SopA family protein,,
GCF_000987875.1|WP_000902356.1,1,Singleton,,hypothetical protein,,
GCF_000987875.1|WP_000912573.1,2,Accessory,,DUF2713 family protein,,
GCF_000987875.1|WP_000920578.1,2,Accessory,,phage tail protein,,
GCF_000987875.1|WP_000923139.1,1,Singleton,,phage portal protein,structural molecule activity|0005198||IEA,"GO:0019068,GO:0005198,GO:0044423"
GCF_000987875.1|WP_000924830.1,1,Singleton,,head-tail connector protein,,GO:0016032
GCF_000987875.1|WP_000929187.1,2,Accessory,,phage terminase small subunit P27 family,,
GCF_000987875.1|WP_000930891.1,1,Singleton,,acyl-CoA thioesterase,"hydrolase activity|0016787||IEA,thiolester hydrolase activity|0016790||IEA","GO:0016787,GO:0016790"
GCF_000987875.1|WP_000939408.1,2,Accessory,,hypothetical protein,,
GCF_000987875.1|WP_000950576.1,2,Accessory,,phage holin family protein,,
GCF_000987875.1|WP_000954400.1,1,Singleton,,ash family protein,,
GCF_000987875.1|WP_000958491.1,1,Singleton,,helix-turn-helix transcriptional regulator,"DNA binding|0003677||IEA,DNA-binding transcription factor activity|0003700||IEA","GO:0006355,GO:0003677,GO:0003700"
GCF_000987875.1|WP_000976825.1,4,Accessory,,DUF5983 family protein,,
GCF_000987875.1|WP_000978019.1,1,Singleton,,WavE lipopolysaccharide synthesis family protein,,
GCF_000987875.1|WP_000978828.1,2,Accessory,,RHS element protein dsORF-h1,,
GCF_000987875.1|WP_000979956.1,2,Accessory,,phage tail protein,,
GCF_000987875.1|WP_000982861.1,1,Singleton,ybtU,yersiniabactin biosynthesis oxidoreductase YbtU,,
GCF_000987875.1|WP_000985161.1,2,Accessory,,hypothetical protein,,
GCF_000987875.1|WP_000987941.1,1,Singleton,,hypothetical protein,,
GCF_000987875.1|WP_000998068.1,5,Accessory,tnpC,IS66 family transposase,transposase activity|0004803||IEA,GO:0004803
GCF_000987875.1|WP_000998251.1,4,Accessory,,type I restriction-modification system subunit M,"DNA binding|0003677||IEA,site-specific DNA-methyltransferase (adenine-specific) activity|0009007||IEA","GO:0009307,GO:0003677,GO:0009007"
GCF_000987875.1|WP_000998349.1,9,Accessory,fucP,L-fucose:H+ symporter permease,"fucose transmembrane transporter activity|0015150||IEA,fucose:proton symporter activity|0015535||IEA","GO:0015756,GO:0015150,GO:0015535"
GCF_000987875.1|WP_000999526.1,2,Accessory,,phage baseplate assembly protein,,
GCF_000987875.1|WP_001005132.1,1,Singleton,,hypothetical protein,,
GCF_000987875.1|WP_001005232.1,11,Core,dalD,D-arabinitol 4-dehydrogenase,D-arabinitol 4-dehydrogenase activity|0047813||IEA,"GO:0051161,GO:0047813"
GCF_000987875.1|WP_001007341.1,2,Accessory,,phage baseplate plug family protein,,
GCF_000987875.1|WP_001009043.1,1,Singleton,,hypothetical protein,,
GCF_000987875.1|WP_001013295.1,2,Accessory,,putative zinc ribbon protein,,
GCF_000987875.1|WP_001013349.1,1,Singleton,,hypothetical protein,,
GCF_000987875.1|WP_001016801.1,1,Singleton,,SDR family oxidoreductase,oxidoreductase activity|0016491||IEA,GO:0016491
GCF_000987875.1|WP_001018558.1,1,Singleton,,hypothetical protein,,
GCF_000987875.1|WP_001019190.1,1,Singleton,,hypothetical protein,,
GCF_000987875.1|WP_001019362.1,2,Accessory,,antA/AntB antirepressor family protein,,
GCF_000987875.1|WP_001021551.1,2,Accessory,,glycosyltransferase,glycosyltransferase activity|0016757||IEA,GO:0016757
GCF_000987875.1|WP_001024678.1,1,Singleton,,hypothetical protein,,
GCF_000987875.1|WP_001026781.1,2,Accessory,,serine acetyltransferase,,
GCF_000987875.1|WP_001030845.1,9,Accessory,,sugar-binding transcriptional regulator,"DNA binding|0003677||IEA,carbohydrate binding|0030246||IEA","GO:0006355,GO:0003677,GO:0030246"
GCF_000987875.1|WP_001034307.1,1,Singleton,,Eco57I restriction-modification methylase domain-containing protein,"DNA binding|0003677||IEA,catalytic activity|0003824||IEA","GO:0006304,GO:0003677,GO:0003824"
GCF_000987875.1|WP_001040697.1,1,Singleton,,STY1053 family phage-associated protein,,
GCF_000987875.1|WP_001041560.1,1,Singleton,,type I restriction-modification system subunit M N-terminal domain-containing protein,,
GCF_000987875.1|WP_001045641.1,4,Accessory,tibA,autotransporter adhesin/invasin glycoprotein TibA,,
GCF_000987875.1|WP_001051770.1,1,Singleton,,hypothetical protein,,
GCF_000987875.1|WP_001059592.1,1,Singleton,,DNA-binding protein,,
GCF_000987875.1|WP_001061106.1,1,Singleton,,tyrosine-type recombinase/integrase,DNA binding|0003677||IEA,"GO:0006310,GO:0015074,GO:0003677"
GCF_000987875.1|WP_001062150.1,1,Singleton,,hypothetical protein,,
GCF_000987875.1|WP_001064134.1,1,Singleton,,hypothetical protein,,
GCF_000987875.1|WP_001065741.1,1,Singleton,,hypothetical protein,,
GCF_000987875.1|WP_001066173.1,1,Singleton,,super-infection exclusion protein B,,
GCF_000987875.1|WP_001067212.1,1,Singleton,,DUF6387 family protein,,
GCF_000987875.1|WP_001075801.1,1,Singleton,,glycoside hydrolase family 19 protein,hydrolase activity|0016787||IEA,GO:0016787
GCF_000987875.1|WP_001077065.1,1,Singleton,,acyl-CoA synthetase,,
GCF_000987875.1|WP_001077332.1,1,Singleton,,type I restriction endonuclease subunit R,"DNA binding|0003677||IEA,helicase activity|0004386||IEA,ATP binding|0005524||IEA,type I site-specific deoxyribonuclease activity|0009035||IEA,ATP hydrolysis activity|0016887||IEA","GO:0009307,GO:0003677,GO:0004386,GO:0005524,GO:0009035,GO:0016887"
GCF_000987875.1|WP_001078959.1,1,Singleton,,hypothetical protein,,
GCF_000987875.1|WP_001088812.1,11,Core,ybtE,yersiniabactin biosynthesis salycil-AMP ligase YbtE,,
GCF_000987875.1|WP_001091671.1,1,Singleton,,PD-(D/E)XK nuclease-like domain-containing protein,,
GCF_000987875.1|WP_001093358.1,1,Singleton,,BRO-N domain-containing protein,DNA binding|0003677||IEA,GO:0003677
GCF_000987875.1|WP_001093922.1,1,Singleton,,pyocin activator PrtN family protein,,
GCF_000987875.1|WP_001097566.1,1,Singleton,,hypothetical protein,,
GCF_000987875.1|WP_001102261.1,1,Singleton,,hypothetical protein,,
GCF_000987875.1|WP_001112736.1,1,Singleton,,hypothetical protein,,
GCF_000987875.1|WP_001113513.1,1,Singleton,,DUF2800 domain-containing protein,,
GCF_000987875.1|WP_001117825.1,1,Singleton,,M15 family metallopeptidase,,
GCF_000987875.1|WP_001119729.1,7,Accessory,,DUF905 family protein,,
GCF_000987875.1|WP_001120496.1,2,Accessory,,phage holin%2C lambda family,,GO:0019835
GCF_000987875.1|WP_001121920.1,1,Singleton,,tyrosine-type recombinase/integrase,site-specific recombinase activity|0009009||IEA,"GO:0006310,GO:0009009"
GCF_000987875.1|WP_001128526.1,1,Singleton,,competence protein CoiA,,
GCF_000987875.1|WP_001129702.1,1,Singleton,,hypothetical protein,,
GCF_000987875.1|WP_001130793.1,2,Accessory,,hypothetical protein,,
GCF_000987875.1|WP_001135203.1,2,Accessory,,HNH endonuclease,"nucleic acid binding|0003676||IEA,endonuclease activity|0004519||IEA,zinc ion binding|0008270||IEA","GO:0003676,GO:0004519,GO:0008270"
GCF_000987875.1|WP_001138287.1,1,Singleton,,hypothetical protein,,
GCF_000987875.1|WP_001138327.1,1,Singleton,,tyrosine-type recombinase/integrase,,
GCF_000987875.1|WP_001142484.1,2,Accessory,,hypothetical protein,,
GCF_000987875.1|WP_001143617.1,1,Singleton,,hypothetical protein,,
GCF_000987875.1|WP_001147906.1,1,Singleton,,hypothetical protein,,
GCF_000987875.1|WP_001148680.1,1,Singleton,,phosphopantetheine-binding protein,,
GCF_000987875.1|WP_001159678.1,1,Singleton,dsr1,anti-phage defense-associated sirtuin Dsr1,,
GCF_000987875.1|WP_001164127.1,1,Singleton,,tail fiber assembly protein,,GO:0098004
GCF_000987875.1|WP_001171280.1,1,Singleton,,hypothetical protein,,
GCF_000987875.1|WP_001172377.1,1,Singleton,,site-specific integrase,DNA binding|0003677||IEA,"GO:0006310,GO:0015074,GO:0003677"
GCF_000987875.1|WP_001174014.1,1,Singleton,,hypothetical protein,,
GCF_000987875.1|WP_001177650.1,1,Singleton,,lambda phage CII family protein,,
GCF_000987875.1|WP_001180114.1,1,Singleton,,phospholipase D-like domain-containing protein,,
GCF_000987875.1|WP_001181620.1,2,Accessory,lysC,Rz1-like lysis system protein LysC,,
GCF_000987875.1|WP_001188253.1,1,Singleton,,hypothetical protein,,
GCF_000987875.1|WP_001191674.1,1,Singleton,,helix-turn-helix domain-containing protein,DNA binding|0003677||IEA,GO:0003677
GCF_000987875.1|WP_001198620.1,1,Singleton,,hypothetical protein,,
GCF_000987875.1|WP_001198861.1,2,Accessory,,protease FtsH-inhibitory lysogeny factor CIII,,
GCF_000987875.1|WP_001211180.1,11,Core,pcoS,copper resistance membrane spanning protein PcoS,,
GCF_000987875.1|WP_001213770.1,1,Singleton,,DNA cytosine methyltransferase,methyltransferase activity|0008168||IEA,GO:0008168
GCF_000987875.1|WP_001218277.1,2,Accessory,,tyrosine-type recombinase/integrase,DNA binding|0003677||IEA,"GO:0006310,GO:0015074,GO:0003677"
GCF_000987875.1|WP_001221604.1,1,Singleton,,zinc-ribbon domain-containing protein,,
GCF_000987875.1|WP_001224659.1,1,Singleton,,DUF7167 family protein,,
GCF_000987875.1|WP_001227531.1,2,Accessory,,hypothetical protein,,
GCF_000987875.1|WP_001229290.1,2,Accessory,,HNH endonuclease,"nucleic acid binding|0003676||IEA,endonuclease activity|0004519||IEA,zinc ion binding|0008270||IEA","GO:0003676,GO:0004519,GO:0008270"
GCF_000987875.1|WP_001231257.1,1,Singleton,,DUF1064 domain-containing protein,,
GCF_000987875.1|WP_001248445.1,1,Singleton,,hypothetical protein,,
GCF_000987875.1|WP_001248831.1,1,Singleton,wzx,O78 family O-antigen flippase,,
GCF_000987875.1|WP_001254215.1,2,Accessory,,NinE family protein,,
GCF_000987875.1|WP_001255892.1,1,Singleton,,PD-(D/E)XK nuclease family protein,,
GCF_000987875.1|WP_001259082.1,1,Singleton,,phage baseplate assembly protein V,structural molecule activity|0005198||IEA,"GO:0019068,GO:0005198,GO:0044423"
GCF_000987875.1|WP_001262336.1,2,Accessory,,hypothetical protein,,
GCF_000987875.1|WP_001262655.1,2,Accessory,,GPO family capsid scaffolding protein,,GO:0019069
GCF_000987875.1|WP_001270633.1,2,Accessory,,hypothetical protein,,
GCF_000987875.1|WP_001274214.1,2,Accessory,,hypothetical protein,,
GCF_000987875.1|WP_001275998.1,1,Singleton,,putative holin,,
GCF_000987875.1|WP_001277856.1,1,Singleton,,restriction endonuclease subunit S,DNA binding|0003677||IEA,"GO:0006304,GO:0003677"
GCF_000987875.1|WP_001280452.1,2,Accessory,,EutP/PduV family microcompartment system protein,ATP binding|0005524||IEA,"GO:0006576,GO:0005524"
GCF_000987875.1|WP_001282459.1,1,Singleton,,hypothetical protein,,
GCF_000987875.1|WP_001283044.1,1,Singleton,,hypothetical protein,,
GCF_000987875.1|WP_001283169.1,1,Singleton,,phage holin family protein,,
GCF_000987875.1|WP_001285947.1,1,Singleton,leoB,dynamin-like protein LeoB,,
GCF_000987875.1|WP_001286281.1,1,Singleton,ybtX,yersiniabactin-associated zinc MFS transporter YbtX,,
GCF_000987875.1|WP_001287796.1,2,Accessory,,DUF4222 domain-containing protein,,
GCF_000987875.1|WP_001288046.1,1,Singleton,,hypothetical protein,,
GCF_000987875.1|WP_001288450.1,2,Accessory,,hypothetical protein,,
GCF_000987875.1|WP_001288821.1,1,Singleton,,hypothetical protein,,
GCF_000987875.1|WP_001290570.1,1,Singleton,,M48 family metallopeptidase,"peptidase activity|0008233||IEA,metallopeptidase activity|0008237||IEA,zinc ion binding|0008270||IEA,hydrolase activity|0016787||IEA,metal ion binding|0046872||IEA","GO:0006508,GO:0008233,GO:0008237,GO:0008270,GO:0016787,GO:0046872"
GCF_000987875.1|WP_001291105.1,2,Accessory,,ParB/Srx family N-terminal domain-containing protein,,
GCF_000987875.1|WP_001293588.1,1,Singleton,,AAA domain-containing protein,,
GCF_000987875.1|WP_001297643.1,2,Accessory,,BrnT family toxin,,
GCF_000987875.1|WP_001297666.1,1,Singleton,,hypothetical protein,,
GCF_000987875.1|WP_001300279.1,6,Accessory,,phage integrase,,
GCF_000987875.1|WP_001304548.1,1,Singleton,,hypothetical protein,,
GCF_000987875.1|WP_001304725.1,1,Singleton,,hypothetical protein,,
GCF_000987875.1|WP_001312809.1,1,Singleton,,hypothetical protein,,
GCF_000987875.1|WP_001317036.1,3,Accessory,,phage minor head protein,,
GCF_000987875.1|WP_001327954.1,11,Core,ybtP,yersiniabactin ABC transporter ATP-binding/permease protein YbtP,,
GCF_000987875.1|WP_001333284.1,1,Singleton,,hypothetical protein,,
GCF_000987875.1|WP_001344215.1,1,Singleton,,hypothetical protein,,
GCF_000987875.1|WP_001350102.1,1,Singleton,,beta-ketoacyl-[acyl-carrier-protein] synthase family protein,,
GCF_000987875.1|WP_001350104.1,1,Singleton,,hypothetical protein,,
GCF_000987875.1|WP_001350105.1,1,Singleton,,lysophospholipid acyltransferase family protein,,
GCF_000987875.1|WP_001350106.1,1,Singleton,,beta-ketoacyl synthase chain length factor,,
GCF_000987875.1|WP_001358311.1,1,Singleton,,hypothetical protein,,
GCF_000987875.1|WP_001363070.1,1,Singleton,,hypothetical protein,,
GCF_000987875.1|WP_001368802.1,1,Singleton,hisL,his operon leader peptide,,GO:0000105
GCF_000987875.1|WP_001387651.1,1,Singleton,,recombinase family protein,"DNA strand exchange activity|0000150||IEA,DNA binding|0003677||IEA","GO:0006310,GO:0015074,GO:0000150,GO:0003677"
GCF_000987875.1|WP_001387733.1,1,Singleton,,hypothetical protein,,
GCF_000987875.1|WP_001387734.1,2,Accessory,,hypothetical protein,,
GCF_000987875.1|WP_001390632.1,1,Singleton,,transposase,"DNA binding|0003677||IEA,transposase activity|0004803||IEA","GO:0006313,GO:0003677,GO:0004803"
GCF_000987875.1|WP_001405000.1,1,Singleton,,hypothetical protein,,
GCF_000987875.1|WP_001406039.1,1,Singleton,,replication protein P,,GO:0006270
GCF_000987875.1|WP_001407729.1,1,Singleton,tssB,type VI secretion system contractile sheath small subunit,,GO:0033103
GCF_000987875.1|WP_001420344.1,1,Singleton,,LexA family protein,DNA binding|0003677||IEA,"GO:0045892,GO:0003677"
GCF_000987875.1|WP_001433668.1,1,Singleton,,hypothetical protein,,
GCF_000987875.1|WP_001514621.1,1,Singleton,silP,Ag(+)-translocating P-type ATPase SilP,,
GCF_000987875.1|WP_001520086.1,1,Singleton,,VapE domain-containing protein,,
GCF_000987875.1|WP_001542448.1,1,Singleton,,hypothetical protein,,
GCF_000987875.1|WP_001573251.1,1,Singleton,,hypothetical protein,,
GCF_000987875.1|WP_001598196.1,1,Singleton,,IS110 family transposase,transposase activity|0004803||IEA,GO:0004803
GCF_000987875.1|WP_001673482.1,1,Singleton,,hypothetical protein,,
GCF_000987875.1|WP_007666384.1,2,Accessory,,hypothetical protein,,
GCF_000987875.1|WP_008322898.1,1,Singleton,,tyrosine-type recombinase/integrase,site-specific recombinase activity|0009009||IEA,"GO:0006310,GO:0009009"
GCF_000987875.1|WP_014639829.1,5,Accessory,tnpA,IS66-like element accessory protein TnpA,,
GCF_000987875.1|WP_014639837.1,1,Singleton,,DNA circularization protein,,
GCF_000987875.1|WP_014639840.1,1,Singleton,,DUF5906 domain-containing protein,,
GCF_000987875.1|WP_014639900.1,10,Accessory,ycjS,Gfo/Idh/MocA family protein,"nucleotide binding|0000166||IEA,catalytic activity|0003824||IEA","GO:0000166,GO:0003824"
GCF_000987875.1|WP_014639927.1,1,Singleton,,hypothetical protein,,
GCF_000987875.1|WP_014639930.1,1,Singleton,,hypothetical protein,,
GCF_000987875.1|WP_014639948.1,1,Singleton,istA,IS21-like element IS100 family transposase,transposase activity|0004803||IEA,"GO:0006313,GO:0004803"
GCF_000987875.1|WP_014639990.1,1,Singleton,,hypothetical protein,,
GCF_000987875.1|WP_014639992.1,1,Singleton,,hypothetical protein,,
GCF_000987875.1|WP_014640011.1,1,Singleton,istB,IS21-like element IS100kyp family helper ATPase IstB,,
GCF_000987875.1|WP_014640033.1,1,Singleton,leoC,dynamin-like protein LeoC,,
GCF_000987875.1|WP_014640052.1,1,Singleton,,hypothetical protein,,
GCF_000987875.1|WP_014640085.1,1,Singleton,,phage N-6-adenine-methyltransferase,"DNA binding|0003677||IEA,site-specific DNA-methyltransferase (adenine-specific) activity|0009007||IEA","GO:0009307,GO:0003677,GO:0009007"
GCF_000987875.1|WP_024185625.1,6,Accessory,,prophage tail fiber N-terminal domain-containing protein,,
GCF_000987875.1|WP_024185651.1,1,Singleton,,PerC family transcriptional regulator,,
GCF_000987875.1|WP_024185664.1,5,Accessory,,Ag43/Cah family autotransporter adhesin,,
GCF_000987875.1|WP_024185670.1,8,Accessory,,DUF968 domain-containing protein,,
GCF_000987875.1|WP_032162305.1,1,Singleton,,hypothetical protein,,
GCF_000987875.1|WP_052604443.1,1,Singleton,,hypothetical protein,,
GCF_000987875.1|WP_064721323.1,1,Singleton,,hypothetical protein,,
GCF_000987875.1|WP_071593530.1,3,Accessory,,DUF4222 domain-containing protein,,
GCF_000987875.1|WP_071594060.1,1,Singleton,,gp53-like domain-containing protein,,
GCF_000987875.1|WP_071595684.1,1,Singleton,,hypothetical protein,,
GCF_000987875.1|WP_077634916.1,1,Singleton,,PTS ascorbate transporter subunit IIC,,
GCF_000987875.1|WP_077634926.1,1,Singleton,,copper resistance protein B,,
GCF_000987875.1|WP_077634929.1,6,Accessory,,phage baseplate assembly protein V,metal ion binding|0046872||IEA,"GO:0098003,GO:0046872,GO:0098025"
GCF_000987875.1|WP_085948622.1,10,Accessory,,antiterminator Q family protein,DNA binding|0003677||IEA,"GO:0060567,GO:0003677"
GCF_000987875.1|WP_097738121.1,1,Singleton,lysC,Rz1-like lysis system protein LysC,,
GCF_000987875.1|WP_122985688.1,2,Accessory,,helix-turn-helix domain-containing protein,DNA binding|0003677||IEA,GO:0003677
GCF_000987875.1|WP_151327001.1,1,Singleton,,IS3 family transposase,transposase activity|0004803||IEA,GO:0004803
GCF_000987875.1|WP_155105375.1,1,Singleton,,helix-turn-helix domain-containing protein,"DNA binding|0003677||IEA,DNA-binding transcription factor activity|0003700||IEA","GO:0006355,GO:0003677,GO:0003700"
GCF_000987875.1|WP_155522400.1,1,Singleton,,hypothetical protein,,
GCF_000987875.1|WP_162485313.1,1,Singleton,,hypothetical protein,,
GCF_000987875.1|WP_166427843.1,1,Singleton,,terminase small subunit,,
GCF_000987875.1|WP_166427847.1,1,Singleton,,LysR family transcriptional regulator,"DNA binding|0003677||IEA,DNA-binding transcription factor activity|0003700||IEA","GO:0006355,GO:0003677,GO:0003700"
GCF_000987875.1|WP_225090931.1,1,Singleton,,DUF4365 domain-containing protein,,
GCF_000987875.1|WP_225389441.1,1,Singleton,,hypothetical protein,,
GCF_000987875.1|WP_229018405.1,1,Singleton,,hypothetical protein,,
GCF_000987875.1|WP_229692861.1,1,Singleton,pcoD,copper resistance inner membrane protein PcoD,,
GCF_000987875.1|WP_233324324.1,1,Singleton,,gp53-like domain-containing protein,,
GCF_000987875.1|WP_244422763.1,2,Accessory,,hypothetical protein,,
GCF_000987875.1|WP_244422771.1,1,Singleton,,EAL domain-containing protein,,
GCF_000987875.1|WP_244422776.1,1,Singleton,,hypothetical protein,,
GCF_000987875.1|WP_244422777.1,2,Accessory,,contractile injection system protein%2C VgrG/Pvc8 family,,
GCF_000987875.1|WP_306296727.1,1,Singleton,,ash family protein,,
GCF_000987875.1|WP_308011014.1,1,Singleton,,hypothetical protein,,
GCF_000987875.1|WP_418886026.1,7,Accessory,,hypothetical protein,,
GCF_000987875.1|WP_419180840.1,1,Singleton,lysC,Rz1-like lysis system protein LysC,,
