strain,genome,family,gene,product,go_function,ontology_term
ST540,GCF_000597845.1,GCF_000597845.1|WP_000013026.1,,hypothetical protein,,
ST540,GCF_000597845.1,GCF_000597845.1|WP_000018329.1,,aminoglycoside O-phosphotransferase APH(3')-Ia,,
ST540,GCF_000597845.1,GCF_000597845.1|WP_000025034.1,wzt,O9 family O-antigen export ABC transporter ATP-binding subunit,,
ST540,GCF_000597845.1,GCF_000597845.1|WP_000058717.1,,DMT family transporter,transmembrane transporter activity|0022857||IEA,"GO:0055085,GO:0022857,GO:0016020"
ST540,GCF_000597845.1,GCF_000597845.1|WP_000105636.1,merA,mercury(II) reductase,"mercury (II) reductase (NADP+) activity|0016152||IEA,mercury ion binding|0045340||IEA,flavin adenine dinucleotide binding|0050660||IEA,NADP binding|0050661||IEA","GO:0046689,GO:0050787,GO:0016152,GO:0045340,GO:0050660,GO:0050661"
ST540,GCF_000597845.1,GCF_000597845.1|WP_000164043.1,tetR(A),tetracycline resistance transcriptional repressor TetR(A),,
ST540,GCF_000597845.1,GCF_000597845.1|WP_000166961.1,,hypothetical protein,,
ST540,GCF_000597845.1,GCF_000597845.1|WP_000179845.1,,DNA-binding domain-containing protein,,
ST540,GCF_000597845.1,GCF_000597845.1|WP_000215657.1,,hypothetical protein,,
ST540,GCF_000597845.1,GCF_000597845.1|WP_000227281.1,,hypothetical protein,,
ST540,GCF_000597845.1,GCF_000597845.1|WP_000239529.1,,hypothetical protein,,
ST540,GCF_000597845.1,GCF_000597845.1|WP_000240537.1,repC,replication protein C%2C IncQ-type,,
ST540,GCF_000597845.1,GCF_000597845.1|WP_000246636.1,,SMODS domain-containing nucleotidyltransferase,,
ST540,GCF_000597845.1,GCF_000597845.1|WP_000340829.1,,plasmid partitioning/stability family protein,,
ST540,GCF_000597845.1,GCF_000597845.1|WP_000350635.1,,AAA family ATPase,,
ST540,GCF_000597845.1,GCF_000597845.1|WP_000357056.1,,hypothetical protein,,
ST540,GCF_000597845.1,GCF_000597845.1|WP_000371325.1,,DUF4329 domain-containing protein,,
ST540,GCF_000597845.1,GCF_000597845.1|WP_000480968.1,,aminoglycoside O-phosphotransferase APH(6)-Id,,
ST540,GCF_000597845.1,GCF_000597845.1|WP_000506882.1,,DUF4236 domain-containing protein,,
ST540,GCF_000597845.1,GCF_000597845.1|WP_000545983.1,,DUF3800 domain-containing protein,,
ST540,GCF_000597845.1,GCF_000597845.1|WP_000547787.1,wbdA,polymannosyl GlcNAc-diphospho-ditrans%2Coctacis-undecaprenol 2%2C3-alpha-mannosylpolymerase WbdA,,
ST540,GCF_000597845.1,GCF_000597845.1|WP_000594911.1,,AbiJ-NTD4 domain-containing protein,,
ST540,GCF_000597845.1,GCF_000597845.1|WP_000638547.1,,protease FtsH-inhibitory lysogeny factor CIII,,
ST540,GCF_000597845.1,GCF_000597845.1|WP_000639434.1,,hypothetical protein,,
ST540,GCF_000597845.1,GCF_000597845.1|WP_000642771.1,,hypothetical protein,,
ST540,GCF_000597845.1,GCF_000597845.1|WP_000687870.1,,helix-turn-helix domain-containing protein,DNA binding|0003677||IEA,GO:0003677
ST540,GCF_000597845.1,GCF_000597845.1|WP_000719051.1,,DUF2164 domain-containing protein,,
ST540,GCF_000597845.1,GCF_000597845.1|WP_000720960.1,ynfN,protein YnfN,,
ST540,GCF_000597845.1,GCF_000597845.1|WP_000725700.1,,STY1053 family phage-associated protein,,
ST540,GCF_000597845.1,GCF_000597845.1|WP_000732292.1,merP,mercury resistance system periplasmic binding protein MerP,mercury ion binding|0045340||IEA,"GO:0046689,GO:0045340,GO:0042597"
ST540,GCF_000597845.1,GCF_000597845.1|WP_000804064.1,tet(A),tetracycline efflux MFS transporter Tet(A),tetracycline transmembrane transporter activity|0008493||IEA,"GO:0015904,GO:0008493"
ST540,GCF_000597845.1,GCF_000597845.1|WP_000880559.1,,helicase RepA family protein,,
ST540,GCF_000597845.1,GCF_000597845.1|WP_000911982.1,,HEAT repeat domain-containing protein,protein binding|0005515||IEA,GO:0005515
ST540,GCF_000597845.1,GCF_000597845.1|WP_000950963.1,,protein NinF,,
ST540,GCF_000597845.1,GCF_000597845.1|WP_000991832.1,,S-4TM family putative pore-forming effector,,
ST540,GCF_000597845.1,GCF_000597845.1|WP_000993386.1,merE,broad-spectrum mercury transporter MerE,,
ST540,GCF_000597845.1,GCF_000597845.1|WP_001001273.1,,anti-CBASS protein Acb1 family protein,,
ST540,GCF_000597845.1,GCF_000597845.1|WP_001082319.1,aph(3'')-Ib,aminoglycoside O-phosphotransferase APH(3'')-Ib,,
ST540,GCF_000597845.1,GCF_000597845.1|WP_001104448.1,,phosphatase PAP2 family protein,,
ST540,GCF_000597845.1,GCF_000597845.1|WP_001138014.1,,Tn3-like element TnAs1 family transposase,transposase activity|0004803||IEA,"GO:0006313,GO:0004803"
ST540,GCF_000597845.1,GCF_000597845.1|WP_001161724.1,,fimbrial protein,,"GO:0007155,GO:0009289"
ST540,GCF_000597845.1,GCF_000597845.1|WP_001243355.1,kil,host cell division inhibitory peptide Kil,,
ST540,GCF_000597845.1,GCF_000597845.1|WP_001261287.1,vapB,type II toxin-antitoxin system VapB family antitoxin,,
ST540,GCF_000597845.1,GCF_000597845.1|WP_001262765.1,,GmrSD restriction endonuclease domain-containing protein,,
ST540,GCF_000597845.1,GCF_000597845.1|WP_001277456.1,merD,mercury resistance co-regulator MerD,DNA binding|0003677||IEA,"GO:0006355,GO:0045892,GO:0046689,GO:0003677"
ST540,GCF_000597845.1,GCF_000597845.1|WP_001294663.1,,mercuric transport protein MerT,,
ST540,GCF_000597845.1,GCF_000597845.1|WP_001299721.1,,hypothetical protein,,
ST540,GCF_000597845.1,GCF_000597845.1|WP_001300294.1,,EAL domain-containing protein,,
ST540,GCF_000597845.1,GCF_000597845.1|WP_001310941.1,wzm,O9 family O-antigen export ABC transporter permease subunit,,
ST540,GCF_000597845.1,GCF_000597845.1|WP_001324699.1,,TnsD family Tn7-like transposition protein,,
ST540,GCF_000597845.1,GCF_000597845.1|WP_001340589.1,merC,organomercurial transporter MerC,,
ST540,GCF_000597845.1,GCF_000597845.1|WP_001351729.1,,cysteine hydrolase family protein,hydrolase activity|0016787||IEA,GO:0016787
ST540,GCF_000597845.1,GCF_000597845.1|WP_001454499.1,,conjugal transfer protein TrbD,,
ST540,GCF_000597845.1,GCF_000597845.1|WP_001505085.1,,hypothetical protein,,
ST540,GCF_000597845.1,GCF_000597845.1|WP_001505086.1,,IS6-like element IS26 family transposase,transposase activity|0004803||IEA,"GO:0006313,GO:0004803"
ST540,GCF_000597845.1,GCF_000597845.1|WP_001548452.1,,Cro/CI family transcriptional regulator,DNA binding|0003677||IEA,"GO:0006355,GO:0003677"
ST540,GCF_000597845.1,GCF_000597845.1|WP_001548453.1,,CII family transcriptional regulator,DNA binding|0003677||IEA,"GO:0006355,GO:0003677"
ST540,GCF_000597845.1,GCF_000597845.1|WP_001741958.1,,hypothetical protein,,
ST540,GCF_000597845.1,GCF_000597845.1|WP_001774176.1,,hypothetical protein,,
ST540,GCF_000597845.1,GCF_000597845.1|WP_002435181.1,,ATP-binding protein,"ATP binding|0005524||IEA,ATP hydrolysis activity|0016887||IEA","GO:0005524,GO:0016887"
ST540,GCF_000597845.1,GCF_000597845.1|WP_004218030.1,,hypothetical protein,,
ST540,GCF_000597845.1,GCF_000597845.1|WP_004884204.1,,terminase large subunit domain-containing protein,,
ST540,GCF_000597845.1,GCF_000597845.1|WP_012542609.1,,HP1 family phage holin,,
ST540,GCF_000597845.1,GCF_000597845.1|WP_013023899.1,,abortive infection family protein,,
ST540,GCF_000597845.1,GCF_000597845.1|WP_015980176.1,,hypothetical protein,,
ST540,GCF_000597845.1,GCF_000597845.1|WP_016244976.1,,ATP-dependent Clp protease proteolytic subunit,,
ST540,GCF_000597845.1,GCF_000597845.1|WP_016529276.1,gamL,host nuclease inhibitor GamL,,
ST540,GCF_000597845.1,GCF_000597845.1|WP_017898838.1,,hypothetical protein,,
ST540,GCF_000597845.1,GCF_000597845.1|WP_019704100.1,,hypothetical protein,,
ST540,GCF_000597845.1,GCF_000597845.1|WP_019725100.1,,hypothetical protein,,
ST540,GCF_000597845.1,GCF_000597845.1|WP_021312714.1,,PBSX family phage terminase large subunit,,
ST540,GCF_000597845.1,GCF_000597845.1|WP_021518661.1,,NUDIX hydrolase,"hydrolase activity%2C acting on acid anhydrides|0016817||IEA,metal ion binding|0046872||IEA","GO:0009132,GO:0016817,GO:0046872"
ST540,GCF_000597845.1,GCF_000597845.1|WP_021518663.1,,hypothetical protein,,
ST540,GCF_000597845.1,GCF_000597845.1|WP_021518664.1,,hypothetical protein,,
ST540,GCF_000597845.1,GCF_000597845.1|WP_021518667.1,,hypothetical protein,,
ST540,GCF_000597845.1,GCF_000597845.1|WP_021518669.1,,hypothetical protein,,
ST540,GCF_000597845.1,GCF_000597845.1|WP_021536850.1,,type I restriction endonuclease subunit R,"DNA binding|0003677||IEA,helicase activity|0004386||IEA,ATP binding|0005524||IEA,type I site-specific deoxyribonuclease activity|0009035||IEA,ATP hydrolysis activity|0016887||IEA","GO:0009307,GO:0003677,GO:0004386,GO:0005524,GO:0009035,GO:0016887"
ST540,GCF_000597845.1,GCF_000597845.1|WP_021536851.1,,restriction endonuclease subunit S,DNA binding|0003677||IEA,"GO:0006304,GO:0003677"
ST540,GCF_000597845.1,GCF_000597845.1|WP_021571900.1,,glycosyltransferase family 4 protein,glycosyltransferase activity|0016757||IEA,"GO:0006486,GO:0016757"
ST540,GCF_000597845.1,GCF_000597845.1|WP_021571902.1,,methyltransferase domain-containing protein,,
ST540,GCF_000597845.1,GCF_000597845.1|WP_021571916.1,,capsule assembly Wzi family protein,,
ST540,GCF_000597845.1,GCF_000597845.1|WP_025269760.1,,hypothetical protein,,
ST540,GCF_000597845.1,GCF_000597845.1|WP_025269761.1,,ubiquitin-activating E1 FCCH domain-containing protein,,
ST540,GCF_000597845.1,GCF_000597845.1|WP_025269762.1,,hypothetical protein,,
ST540,GCF_000597845.1,GCF_000597845.1|WP_025269763.1,,hypothetical protein,,
ST540,GCF_000597845.1,GCF_000597845.1|WP_025269764.1,,hypothetical protein,,
ST540,GCF_000597845.1,GCF_000597845.1|WP_025269765.1,,hypothetical protein,,
ST540,GCF_000597845.1,GCF_000597845.1|WP_025269766.1,,hypothetical protein,,
ST540,GCF_000597845.1,GCF_000597845.1|WP_025269767.1,,hypothetical protein,,
ST540,GCF_000597845.1,GCF_000597845.1|WP_025269768.1,,hypothetical protein,,
ST540,GCF_000597845.1,GCF_000597845.1|WP_025269769.1,,hypothetical protein,,
ST540,GCF_000597845.1,GCF_000597845.1|WP_025269770.1,,hypothetical protein,,
ST540,GCF_000597845.1,GCF_000597845.1|WP_025269771.1,,hypothetical protein,,
ST540,GCF_000597845.1,GCF_000597845.1|WP_025269772.1,,hypothetical protein,,
ST540,GCF_000597845.1,GCF_000597845.1|WP_025269777.1,,DnaB-like helicase C-terminal domain-containing protein,"DNA helicase activity|0003678||IEA,ATP binding|0005524||IEA","GO:0006260,GO:0003678,GO:0005524"
ST540,GCF_000597845.1,GCF_000597845.1|WP_025269778.1,,hypothetical protein,,
ST540,GCF_000597845.1,GCF_000597845.1|WP_025269780.1,,hypothetical protein,,
ST540,GCF_000597845.1,GCF_000597845.1|WP_025269781.1,,Rad52/Rad22 family DNA repair protein,,
ST540,GCF_000597845.1,GCF_000597845.1|WP_025269783.1,,phage anti-RecBCD protein,,
ST540,GCF_000597845.1,GCF_000597845.1|WP_025269784.1,,hypothetical protein,,
ST540,GCF_000597845.1,GCF_000597845.1|WP_025269785.1,,hypothetical protein,,
ST540,GCF_000597845.1,GCF_000597845.1|WP_025269786.1,,hypothetical protein,,
ST540,GCF_000597845.1,GCF_000597845.1|WP_025269809.1,,hypothetical protein,,
ST540,GCF_000597845.1,GCF_000597845.1|WP_025269839.1,,hypothetical protein,,
ST540,GCF_000597845.1,GCF_000597845.1|WP_025269843.1,,hypothetical protein,,
ST540,GCF_000597845.1,GCF_000597845.1|WP_025269855.1,,PAS domain-containing protein,protein binding|0005515||IEA,"GO:0007165,GO:0005515"
ST540,GCF_000597845.1,GCF_000597845.1|WP_025269858.1,traC,type IV secretion system protein TraC,,
ST540,GCF_000597845.1,GCF_000597845.1|WP_025269861.1,trbA,conjugal transfer protein TrbA,,
ST540,GCF_000597845.1,GCF_000597845.1|WP_025269918.1,,Wzz/FepE/Etk N-terminal domain-containing protein,,"GO:0009103,GO:0016020"
ST540,GCF_000597845.1,GCF_000597845.1|WP_025269934.1,,glycine-rich domain-containing protein,,
ST540,GCF_000597845.1,GCF_000597845.1|WP_025269936.1,,hypothetical protein,,
ST540,GCF_000597845.1,GCF_000597845.1|WP_025269939.1,,hypothetical protein,,
ST540,GCF_000597845.1,GCF_000597845.1|WP_025269952.1,,hypothetical protein,,
ST540,GCF_000597845.1,GCF_000597845.1|WP_025269957.1,,phage head morphogenesis protein,,
ST540,GCF_000597845.1,GCF_000597845.1|WP_025269962.1,,antiterminator Q family protein,DNA binding|0003677||IEA,"GO:0060567,GO:0003677"
ST540,GCF_000597845.1,GCF_000597845.1|WP_025269963.1,,recombination protein NinG,,
ST540,GCF_000597845.1,GCF_000597845.1|WP_025269964.1,,hypothetical protein,,
ST540,GCF_000597845.1,GCF_000597845.1|WP_025269966.1,,hypothetical protein,,
ST540,GCF_000597845.1,GCF_000597845.1|WP_025269967.1,,hypothetical protein,,
ST540,GCF_000597845.1,GCF_000597845.1|WP_025269973.1,,replication protein,,
ST540,GCF_000597845.1,GCF_000597845.1|WP_025269975.1,,DUF6932 family protein,,
ST540,GCF_000597845.1,GCF_000597845.1|WP_025269976.1,,hypothetical protein,,
ST540,GCF_000597845.1,GCF_000597845.1|WP_025269979.1,bet,phage recombination protein Bet,,GO:0006310
ST540,GCF_000597845.1,GCF_000597845.1|WP_025269980.1,,lambda exonuclease family protein,"exonuclease activity|0004527||IEA,metal ion binding|0046872||IEA","GO:0004527,GO:0046872"
ST540,GCF_000597845.1,GCF_000597845.1|WP_025269982.1,,hypothetical protein,,
ST540,GCF_000597845.1,GCF_000597845.1|WP_025269998.1,,DUF1367 family protein,,
ST540,GCF_000597845.1,GCF_000597845.1|WP_025270003.1,,hypothetical protein,,
ST540,GCF_000597845.1,GCF_000597845.1|WP_025270004.1,,hypothetical protein,,
ST540,GCF_000597845.1,GCF_000597845.1|WP_025270009.1,,J domain-containing protein,protein binding|0005515||IEA,"GO:0006457,GO:0005515"
ST540,GCF_000597845.1,GCF_000597845.1|WP_025270021.1,,phage terminase large subunit family protein,ATP hydrolysis activity|0016887||IEA,GO:0016887
ST540,GCF_000597845.1,GCF_000597845.1|WP_025270048.1,,polymorphic toxin type 34 domain-containing protein,,
ST540,GCF_000597845.1,GCF_000597845.1|WP_025297252.1,,DUF551 domain-containing protein,,
ST540,GCF_000597845.1,GCF_000597845.1|WP_038427684.1,,hypothetical protein,,
ST540,GCF_000597845.1,GCF_000597845.1|WP_042336691.1,,hypothetical protein,,
ST540,GCF_000597845.1,GCF_000597845.1|WP_061583830.1,,surface exclusion protein,,
ST540,GCF_000597845.1,GCF_000597845.1|WP_071781657.1,,hypothetical protein,,
ST540,GCF_000597845.1,GCF_000597845.1|WP_071826091.1,,IS1 family transposase,,GO:0006313
ST540,GCF_000597845.1,GCF_000597845.1|WP_122998581.1,lysC,Rz1-like lysis system protein LysC,,
ST540,GCF_000597845.1,GCF_000597845.1|WP_140414703.1,,hypothetical protein,,
ST540,GCF_000597845.1,GCF_000597845.1|WP_161953880.1,,hypothetical protein,,
ST540,GCF_000597845.1,GCF_000597845.1|WP_164686900.1,,hypothetical protein,,
ST540,GCF_000597845.1,GCF_000597845.1|WP_225104008.1,,glycine-rich domain-containing protein,,
ST540,GCF_000597845.1,GCF_000597845.1|WP_225376421.1,,type II toxin-antitoxin system ParD family antitoxin,,
ST540,GCF_000597845.1,GCF_000597845.1|WP_244437905.1,,hypothetical protein,,
ST540,GCF_000597845.1,GCF_000597845.1|WP_244437906.1,,hypothetical protein,,
ST540,GCF_000597845.1,GCF_000597845.1|WP_244437916.1,,TolB family protein,protein binding|0005515||IEA,"GO:0005515,GO:0030288"
ST540,GCF_000597845.1,GCF_000597845.1|WP_259652481.1,,hypothetical protein,,
ST540,GCF_000597845.1,GCF_000597845.1|WP_276323152.1,,hypothetical protein,,
ST540,GCF_000597845.1,GCF_000597845.1|WP_306293294.1,,replication protein RepA,,
ST540,GCF_000597845.1,GCF_000597845.1|WP_306293295.1,tap,RepA leader peptide Tap,,"GO:0006276,GO:0031556"
ST2747,GCF_000599665.1,GCF_000599665.1|WP_000002800.1,,hypothetical protein,,
ST2747,GCF_000599665.1,GCF_000599665.1|WP_000016656.1,,O-methyltransferase,,
ST2747,GCF_000599665.1,GCF_000599665.1|WP_000020040.1,hutX,heme utilization cystosolic carrier protein HutX,,
ST2747,GCF_000599665.1,GCF_000599665.1|WP_000022311.1,,AIPR family protein,,
ST2747,GCF_000599665.1,GCF_000599665.1|WP_000041756.1,,hypothetical protein,,
ST2747,GCF_000599665.1,GCF_000599665.1|WP_000051061.1,,hypothetical protein,,
ST2747,GCF_000599665.1,GCF_000599665.1|WP_000059872.1,,adhesion domain-containing protein,,
ST2747,GCF_000599665.1,GCF_000599665.1|WP_000061477.1,,type I restriction endonuclease,"DNA binding|0003677||IEA,endonuclease activity|0004519||IEA","GO:0006304,GO:0003677,GO:0004519"
ST2747,GCF_000599665.1,GCF_000599665.1|WP_000067534.1,,site-specific integrase,DNA binding|0003677||IEA,"GO:0006310,GO:0015074,GO:0003677"
ST2747,GCF_000599665.1,GCF_000599665.1|WP_000088867.1,vasI,type VI secretion system-associated protein VasI,,
ST2747,GCF_000599665.1,GCF_000599665.1|WP_000096174.1,,hypothetical protein,,
ST2747,GCF_000599665.1,GCF_000599665.1|WP_000104482.1,,GlxA family transcriptional regulator,"DNA binding|0003677||IEA,DNA-binding transcription factor activity|0003700||IEA","GO:0006355,GO:0003677,GO:0003700"
ST2747,GCF_000599665.1,GCF_000599665.1|WP_000107690.1,,hypothetical protein,,
ST2747,GCF_000599665.1,GCF_000599665.1|WP_000123123.1,,phage holin family protein,,
ST2747,GCF_000599665.1,GCF_000599665.1|WP_000124159.1,,hypothetical protein,,
ST2747,GCF_000599665.1,GCF_000599665.1|WP_000132937.1,,head processing protein,,
ST2747,GCF_000599665.1,GCF_000599665.1|WP_000138556.1,,ATP-binding protein,,
ST2747,GCF_000599665.1,GCF_000599665.1|WP_000170155.1,,3-hydroxybenzoate 6-monooxygenase,FAD binding|0071949||IEA,GO:0071949
ST2747,GCF_000599665.1,GCF_000599665.1|WP_000182337.1,,NADH-dependent flavin oxidoreductase,,
ST2747,GCF_000599665.1,GCF_000599665.1|WP_000197506.1,,Imm57 family immunity protein,,
ST2747,GCF_000599665.1,GCF_000599665.1|WP_000202113.1,,TetR/AcrR family transcriptional regulator,"DNA binding|0003677||IEA,DNA-binding transcription factor activity|0003700||IEA","GO:0006355,GO:0003677,GO:0003700"
ST2747,GCF_000599665.1,GCF_000599665.1|WP_000209797.1,,carboxymuconolactone decarboxylase family protein,peroxiredoxin activity|0051920||IEA,GO:0051920
ST2747,GCF_000599665.1,GCF_000599665.1|WP_000212025.1,,hypothetical protein,,
ST2747,GCF_000599665.1,GCF_000599665.1|WP_000217670.1,,hypothetical protein,,
ST2747,GCF_000599665.1,GCF_000599665.1|WP_000224043.1,,hypothetical protein,,
ST2747,GCF_000599665.1,GCF_000599665.1|WP_000234830.1,,DUF3927 family protein,,
ST2747,GCF_000599665.1,GCF_000599665.1|WP_000236740.1,,GGDEF domain-containing protein,,
ST2747,GCF_000599665.1,GCF_000599665.1|WP_000260286.1,,hypothetical protein,,
ST2747,GCF_000599665.1,GCF_000599665.1|WP_000301062.1,,TOBE domain-containing protein,,GO:0015689
ST2747,GCF_000599665.1,GCF_000599665.1|WP_000301065.1,,hypothetical protein,,
ST2747,GCF_000599665.1,GCF_000599665.1|WP_000336812.1,,hypothetical protein,,
ST2747,GCF_000599665.1,GCF_000599665.1|WP_000365809.1,,nucleotidyl transferase AbiEii/AbiGii toxin family protein,,
ST2747,GCF_000599665.1,GCF_000599665.1|WP_000369322.1,,pentapeptide repeat-containing protein,,
ST2747,GCF_000599665.1,GCF_000599665.1|WP_000404121.1,,hypothetical protein,,
ST2747,GCF_000599665.1,GCF_000599665.1|WP_000484111.1,,hypothetical protein,,
ST2747,GCF_000599665.1,GCF_000599665.1|WP_000494465.1,,hypothetical protein,,
ST2747,GCF_000599665.1,GCF_000599665.1|WP_000499746.1,,type II toxin-antitoxin system HicB family antitoxin,,
ST2747,GCF_000599665.1,GCF_000599665.1|WP_000502112.1,tnpA,IS200/IS605 family transposase,transposase activity|0004803||IEA,GO:0004803
ST2747,GCF_000599665.1,GCF_000599665.1|WP_000511502.1,dsbI,protein-disulfide oxidoreductase DsbI,,
ST2747,GCF_000599665.1,GCF_000599665.1|WP_000523980.1,,hypothetical protein,,
ST2747,GCF_000599665.1,GCF_000599665.1|WP_000535202.1,,baseplate protein,,
ST2747,GCF_000599665.1,GCF_000599665.1|WP_000542385.1,,hypothetical protein,,
ST2747,GCF_000599665.1,GCF_000599665.1|WP_000548273.1,,hypothetical protein,,
ST2747,GCF_000599665.1,GCF_000599665.1|WP_000576818.1,modD,ModD protein,nicotinate-nucleotide diphosphorylase (carboxylating) activity|0004514||IEA,GO:0004514
ST2747,GCF_000599665.1,GCF_000599665.1|WP_000580776.1,,hypothetical protein,,
ST2747,GCF_000599665.1,GCF_000599665.1|WP_000611666.1,,phage repressor protein C1,,
ST2747,GCF_000599665.1,GCF_000599665.1|WP_000613115.1,,hypothetical protein,,
ST2747,GCF_000599665.1,GCF_000599665.1|WP_000660217.1,,MFS transporter,transmembrane transporter activity|0022857||IEA,"GO:0055085,GO:0022857"
ST2747,GCF_000599665.1,GCF_000599665.1|WP_000660977.1,,Dam family site-specific DNA-(adenine-N6)-methyltransferase,site-specific DNA-methyltransferase (adenine-specific) activity|0009007||IEA,"GO:0009307,GO:0009007"
ST2747,GCF_000599665.1,GCF_000599665.1|WP_000684845.1,,hypothetical protein,,
ST2747,GCF_000599665.1,GCF_000599665.1|WP_000691857.1,,MBL fold metallo-hydrolase,"hydrolase activity|0016787||IEA,metal ion binding|0046872||IEA","GO:0016787,GO:0046872"
ST2747,GCF_000599665.1,GCF_000599665.1|WP_000694679.1,sctC,type III secretion system outer membrane ring subunit SctC,,GO:0009306
ST2747,GCF_000599665.1,GCF_000599665.1|WP_000759930.1,,fimbrial protein,,"GO:0007155,GO:0009289"
ST2747,GCF_000599665.1,GCF_000599665.1|WP_000769435.1,,DUF4304 domain-containing protein,,
ST2747,GCF_000599665.1,GCF_000599665.1|WP_000781176.1,maiA,maleylacetoacetate isomerase,maleylacetoacetate isomerase activity|0016034||IEA,"GO:0006559,GO:0006572,GO:0016034,GO:0005737"
ST2747,GCF_000599665.1,GCF_000599665.1|WP_000804518.1,,hypothetical protein,,
ST2747,GCF_000599665.1,GCF_000599665.1|WP_000806622.1,,SinI family autotransporter-associated protein,,
ST2747,GCF_000599665.1,GCF_000599665.1|WP_000833473.1,,type II toxin-antitoxin system HicA family toxin,mRNA binding|0003729||IEA,GO:0003729
ST2747,GCF_000599665.1,GCF_000599665.1|WP_000840931.1,,hypothetical protein,,
ST2747,GCF_000599665.1,GCF_000599665.1|WP_000848790.1,,DUF1471 domain-containing protein,,
ST2747,GCF_000599665.1,GCF_000599665.1|WP_000861664.1,,hypothetical protein,,
ST2747,GCF_000599665.1,GCF_000599665.1|WP_000874156.1,,hypothetical protein,,
ST2747,GCF_000599665.1,GCF_000599665.1|WP_000887652.1,,phage holin family protein,,
ST2747,GCF_000599665.1,GCF_000599665.1|WP_000896806.1,,hypothetical protein,,
ST2747,GCF_000599665.1,GCF_000599665.1|WP_000900641.1,,tellurite resistance TerB family protein,,
ST2747,GCF_000599665.1,GCF_000599665.1|WP_000904003.1,,class I SAM-dependent methyltransferase,"methyltransferase activity|0008168||IEA,S-adenosyl-L-methionine binding|1904047||IEA","GO:0008168,GO:1904047"
ST2747,GCF_000599665.1,GCF_000599665.1|WP_000943607.1,,VRR-NUC domain-containing protein,,
ST2747,GCF_000599665.1,GCF_000599665.1|WP_001000710.1,,hypothetical protein,,
ST2747,GCF_000599665.1,GCF_000599665.1|WP_001001643.1,,hypothetical protein,,
ST2747,GCF_000599665.1,GCF_000599665.1|WP_001004422.1,,RecT family recombinase,DNA binding|0003677||IEA,"GO:0006310,GO:0003677"
ST2747,GCF_000599665.1,GCF_000599665.1|WP_001005162.1,,hypothetical protein,,
ST2747,GCF_000599665.1,GCF_000599665.1|WP_001031303.1,,phage tail assembly protein,,GO:0098003
ST2747,GCF_000599665.1,GCF_000599665.1|WP_001036747.1,,winged helix-turn-helix domain-containing protein,,
ST2747,GCF_000599665.1,GCF_000599665.1|WP_001038643.1,,hypothetical protein,,
ST2747,GCF_000599665.1,GCF_000599665.1|WP_001052917.1,,glycosyltransferase family 25 protein,,
ST2747,GCF_000599665.1,GCF_000599665.1|WP_001077735.1,,hypothetical protein,,
ST2747,GCF_000599665.1,GCF_000599665.1|WP_001080149.1,tssJ,type VI secretion system lipoprotein TssJ,,GO:0033103
ST2747,GCF_000599665.1,GCF_000599665.1|WP_001100703.1,,DNA cytosine methyltransferase,"DNA binding|0003677||IEA,DNA (cytosine-5-)-methyltransferase activity|0003886||IEA,methyltransferase activity|0008168||IEA,S-adenosyl-L-methionine binding|1904047||IEA","GO:0006304,GO:0003677,GO:0003886,GO:0008168,GO:1904047"
ST2747,GCF_000599665.1,GCF_000599665.1|WP_001113717.1,tagH,type VI secretion system-associated FHA domain protein TagH,,GO:0033103
ST2747,GCF_000599665.1,GCF_000599665.1|WP_001138434.1,,PLP-dependent aminotransferase family protein,pyridoxal phosphate binding|0030170||IEA,GO:0030170
ST2747,GCF_000599665.1,GCF_000599665.1|WP_001139678.1,,hypothetical protein,,
ST2747,GCF_000599665.1,GCF_000599665.1|WP_001154687.1,,GIY-YIG nuclease family protein,nuclease activity|0004518||IEA,GO:0004518
ST2747,GCF_000599665.1,GCF_000599665.1|WP_001165936.1,,hypothetical protein,,
ST2747,GCF_000599665.1,GCF_000599665.1|WP_001177864.1,,hypothetical protein,,
ST2747,GCF_000599665.1,GCF_000599665.1|WP_001183326.1,,NACHT domain-containing protein,"ATP binding|0005524||IEA,ATP hydrolysis activity|0016887||IEA","GO:0005524,GO:0016887"
ST2747,GCF_000599665.1,GCF_000599665.1|WP_001198665.1,,hypothetical protein,,
ST2747,GCF_000599665.1,GCF_000599665.1|WP_001240537.1,tssA,type VI secretion system protein TssA,,
ST2747,GCF_000599665.1,GCF_000599665.1|WP_001277954.1,,DUF5405 family protein,,
ST2747,GCF_000599665.1,GCF_000599665.1|WP_001281116.1,,hypothetical protein,,
ST2747,GCF_000599665.1,GCF_000599665.1|WP_001284719.1,,EscU/YscU/HrcU family type III secretion system export apparatus switch protein,,
ST2747,GCF_000599665.1,GCF_000599665.1|WP_001287361.1,yldA,small membrane protein YldA,,
ST2747,GCF_000599665.1,GCF_000599665.1|WP_001305821.1,,GhoT/OrtT family toxin,,
ST2747,GCF_000599665.1,GCF_000599665.1|WP_001305988.1,,iron-siderophore ABC transporter substrate-binding protein,"ATP binding|0005524||IEA,ATPase-coupled transmembrane transporter activity|0042626||IEA,ABC-type transporter activity|0140359||IEA","GO:0015891,GO:0005524,GO:0042626,GO:0140359"
ST2747,GCF_000599665.1,GCF_000599665.1|WP_001306384.1,,helix-turn-helix domain-containing protein,DNA binding|0003677||IEA,GO:0003677
ST2747,GCF_000599665.1,GCF_000599665.1|WP_001312049.1,,hypothetical protein,,
ST2747,GCF_000599665.1,GCF_000599665.1|WP_001314460.1,,hypothetical protein,,
ST2747,GCF_000599665.1,GCF_000599665.1|WP_001326317.1,,hypothetical protein,,
ST2747,GCF_000599665.1,GCF_000599665.1|WP_001326849.1,,late promoter-activating protein,,
ST2747,GCF_000599665.1,GCF_000599665.1|WP_001328192.1,shuT,heme ABC transporter substrate-binding protein ShuT,,
ST2747,GCF_000599665.1,GCF_000599665.1|WP_001339231.1,,hypothetical protein,,
ST2747,GCF_000599665.1,GCF_000599665.1|WP_001361632.1,,hypothetical protein,,
ST2747,GCF_000599665.1,GCF_000599665.1|WP_001365039.1,,host cell division inhibitor Icd-like protein,,
ST2747,GCF_000599665.1,GCF_000599665.1|WP_001370340.1,,hypothetical protein,,
ST2747,GCF_000599665.1,GCF_000599665.1|WP_001387312.1,,type I restriction-modification system subunit M,"DNA binding|0003677||IEA,N-methyltransferase activity|0008170||IEA","GO:0003677,GO:0008170"
ST2747,GCF_000599665.1,GCF_000599665.1|WP_001389735.1,sinH,intimin-like inverse autotransporter SinH,,
ST2747,GCF_000599665.1,GCF_000599665.1|WP_001396581.1,,hypothetical protein,,
ST2747,GCF_000599665.1,GCF_000599665.1|WP_001445370.1,,hypothetical protein,,
ST2747,GCF_000599665.1,GCF_000599665.1|WP_001470211.1,,hypothetical protein,,
ST2747,GCF_000599665.1,GCF_000599665.1|WP_001513324.1,,hypothetical protein,,
ST2747,GCF_000599665.1,GCF_000599665.1|WP_001513538.1,,hypothetical protein,,
ST2747,GCF_000599665.1,GCF_000599665.1|WP_001521690.1,,hypothetical protein,,
ST2747,GCF_000599665.1,GCF_000599665.1|WP_001521714.1,,ShET2/EspL2 family type III secretion system effector toxin,,
ST2747,GCF_000599665.1,GCF_000599665.1|WP_001521869.1,,hypothetical protein,,
ST2747,GCF_000599665.1,GCF_000599665.1|WP_001521910.1,,RNA-directed DNA polymerase,,
ST2747,GCF_000599665.1,GCF_000599665.1|WP_001522501.1,,hypothetical protein,,
ST2747,GCF_000599665.1,GCF_000599665.1|WP_001550661.1,,type IV toxin-antitoxin system AbiEi family antitoxin domain-containing protein,,
ST2747,GCF_000599665.1,GCF_000599665.1|WP_001550750.1,,YadA family autotransporter adhesin,,
ST2747,GCF_000599665.1,GCF_000599665.1|WP_001558852.1,glmS,methylaspartate mutase subunit S,methylaspartate mutase activity|0050097||IEA,GO:0050097
ST2747,GCF_000599665.1,GCF_000599665.1|WP_001559743.1,,hypothetical protein,,
ST2747,GCF_000599665.1,GCF_000599665.1|WP_001577621.1,dptF,DNA phosphorothioation-dependent restriction protein DptF,,GO:0009307
ST2747,GCF_000599665.1,GCF_000599665.1|WP_001577623.1,dptG,DNA phosphorothioation-dependent restriction protein DptG,,GO:0009307
ST2747,GCF_000599665.1,GCF_000599665.1|WP_001577624.1,dptH,DNA phosphorothioation-dependent restriction protein DptH,,GO:0009307
ST2747,GCF_000599665.1,GCF_000599665.1|WP_001577625.1,dndE,DNA sulfur modification protein DndE,,
ST2747,GCF_000599665.1,GCF_000599665.1|WP_001577626.1,dndD,DNA sulfur modification protein DndD,,
ST2747,GCF_000599665.1,GCF_000599665.1|WP_001577627.1,dndC,DNA phosphorothioation system sulfurtransferase DndC,,
ST2747,GCF_000599665.1,GCF_000599665.1|WP_001577629.1,zorA1,type I Zorya anti-phage system protein ZorA1,,
ST2747,GCF_000599665.1,GCF_000599665.1|WP_001577630.1,zorB1,type I Zorya anti-phage system protein ZorB1,,GO:0051607
ST2747,GCF_000599665.1,GCF_000599665.1|WP_001577631.1,zorC,type I Zorya anti-phage system protein ZorC,,GO:0051607
ST2747,GCF_000599665.1,GCF_000599665.1|WP_001577632.1,zorD,type I Zorya anti-phage system protein ZorD,,GO:0051607
ST2747,GCF_000599665.1,GCF_000599665.1|WP_001578001.1,glmL,methylaspartate mutase accessory protein GlmL,,
ST2747,GCF_000599665.1,GCF_000599665.1|WP_001578542.1,,helix-turn-helix domain-containing protein,,
ST2747,GCF_000599665.1,GCF_000599665.1|WP_001586827.1,,hypothetical protein,,
ST2747,GCF_000599665.1,GCF_000599665.1|WP_001589605.1,,restriction endonuclease subunit S,DNA binding|0003677||IEA,"GO:0006304,GO:0003677"
ST2747,GCF_000599665.1,GCF_000599665.1|WP_001589606.1,hsdR,EcoAI/FtnUII family type I restriction enzme subunit R,"DNA helicase activity|0003678||IEA,restriction endodeoxyribonuclease activity|0015666||IEA","GO:0009307,GO:0003678,GO:0015666"
ST2747,GCF_000599665.1,GCF_000599665.1|WP_001590410.1,,LysR family transcriptional regulator,"DNA binding|0003677||IEA,DNA-binding transcription factor activity|0003700||IEA","GO:0006355,GO:0003677,GO:0003700"
ST2747,GCF_000599665.1,GCF_000599665.1|WP_001592860.1,chuY,anaerobilin reductase,,
ST2747,GCF_000599665.1,GCF_000599665.1|WP_001615627.1,,hypothetical protein,,
ST2747,GCF_000599665.1,GCF_000599665.1|WP_001672356.1,,MBL fold metallo-hydrolase,"hydrolase activity|0016787||IEA,metal ion binding|0046872||IEA","GO:0016787,GO:0046872"
ST2747,GCF_000599665.1,GCF_000599665.1|WP_015974270.1,,hypothetical protein,,
ST2747,GCF_000599665.1,GCF_000599665.1|WP_016246567.1,,hypothetical protein,,
ST2747,GCF_000599665.1,GCF_000599665.1|WP_021521050.1,,hypothetical protein,,
ST2747,GCF_000599665.1,GCF_000599665.1|WP_021547149.1,,hypothetical protein,,
ST2747,GCF_000599665.1,GCF_000599665.1|WP_021552210.1,dndB,DNA sulfur modification protein DndB,,
ST2747,GCF_000599665.1,GCF_000599665.1|WP_023278421.1,lysB,Rz-like lysis system protein LysB,,
ST2747,GCF_000599665.1,GCF_000599665.1|WP_023351539.1,,hypothetical protein,,
ST2747,GCF_000599665.1,GCF_000599665.1|WP_024174129.1,,hypothetical protein,,
ST2747,GCF_000599665.1,GCF_000599665.1|WP_024187336.1,,hypothetical protein,,
ST2747,GCF_000599665.1,GCF_000599665.1|WP_024229285.1,,SRPBCC family protein,,
ST2747,GCF_000599665.1,GCF_000599665.1|WP_024230068.1,,hypothetical protein,,
ST2747,GCF_000599665.1,GCF_000599665.1|WP_024230069.1,,hypothetical protein,,
ST2747,GCF_000599665.1,GCF_000599665.1|WP_025210084.1,,hypothetical protein,,
ST2747,GCF_000599665.1,GCF_000599665.1|WP_025210085.1,,bifunctional metallophosphatase/5'-nucleotidase,"nucleotide binding|0000166||IEA,5'-nucleotidase activity|0008253||IEA,phosphoric ester hydrolase activity|0042578||IEA,metal ion binding|0046872||IEA","GO:0009166,GO:0000166,GO:0008253,GO:0042578,GO:0046872"
ST2747,GCF_000599665.1,GCF_000599665.1|WP_025210098.1,,mannose/fructose/sorbose PTS transporter subunit IIA,phosphotransferase activity%2C alcohol group as acceptor|0016773||IEA,"GO:0008643,GO:0016773,GO:0005737"
ST2747,GCF_000599665.1,GCF_000599665.1|WP_025210099.1,,sugar-binding transcriptional regulator,"DNA binding|0003677||IEA,carbohydrate binding|0030246||IEA","GO:0006355,GO:0003677,GO:0030246"
ST2747,GCF_000599665.1,GCF_000599665.1|WP_025210149.1,,pentapeptide repeat-containing protein,,
ST2747,GCF_000599665.1,GCF_000599665.1|WP_025210152.1,,hypothetical protein,,
ST2747,GCF_000599665.1,GCF_000599665.1|WP_025210166.1,,sulfite exporter TauE/SafE family protein,,GO:0016020
ST2747,GCF_000599665.1,GCF_000599665.1|WP_025210167.1,,oxidoreductase,,
ST2747,GCF_000599665.1,GCF_000599665.1|WP_025210168.1,,aldo/keto reductase,oxidoreductase activity|0016491||IEA,GO:0016491
ST2747,GCF_000599665.1,GCF_000599665.1|WP_025210171.1,,sulfatase family protein,"sulfuric ester hydrolase activity|0008484||IEA,metal ion binding|0046872||IEA","GO:0008484,GO:0046872"
ST2747,GCF_000599665.1,GCF_000599665.1|WP_025210172.1,,IS1/IS1595 family N-terminal zinc-binding domain-containing protein,"DNA binding|0003677||IEA,transposase activity|0004803||IEA","GO:0006310,GO:0015074,GO:0032196,GO:0003677,GO:0004803"
ST2747,GCF_000599665.1,GCF_000599665.1|WP_025210209.1,tssG,type VI secretion system baseplate subunit TssG,,GO:0033103
ST2747,GCF_000599665.1,GCF_000599665.1|WP_025210210.1,tssF,type VI secretion system baseplate subunit TssF,,GO:0033103
ST2747,GCF_000599665.1,GCF_000599665.1|WP_025210211.1,tssE,type VI secretion system baseplate subunit TssE,,GO:0033103
ST2747,GCF_000599665.1,GCF_000599665.1|WP_025210216.1,prfH,peptide chain release factor H,translation release factor activity|0003747||IEA,"GO:0006415,GO:0003747"
ST2747,GCF_000599665.1,GCF_000599665.1|WP_025210244.1,,hypothetical protein,,
ST2747,GCF_000599665.1,GCF_000599665.1|WP_025210250.1,,pentapeptide repeat-containing protein,,
ST2747,GCF_000599665.1,GCF_000599665.1|WP_025210259.1,,TolC family outer membrane protein,,
ST2747,GCF_000599665.1,GCF_000599665.1|WP_025210260.1,,type I secretion system permease/ATPase,"ATP binding|0005524||IEA,ATP hydrolysis activity|0016887||IEA,ATPase-coupled lipid transmembrane transporter activity|0034040||IEA,ABC-type transporter activity|0140359||IEA","GO:0030253,GO:0005524,GO:0016887,GO:0034040,GO:0140359,GO:0030256"
ST2747,GCF_000599665.1,GCF_000599665.1|WP_025210261.1,,hypothetical protein,,
ST2747,GCF_000599665.1,GCF_000599665.1|WP_025210280.1,,RHS repeat-associated core domain-containing protein,,
ST2747,GCF_000599665.1,GCF_000599665.1|WP_025210321.1,,hypothetical protein,,
ST2747,GCF_000599665.1,GCF_000599665.1|WP_025210322.1,espX2,type III secretion system effector EspX2,,
ST2747,GCF_000599665.1,GCF_000599665.1|WP_025210401.1,,hypothetical protein,,
ST2747,GCF_000599665.1,GCF_000599665.1|WP_025210402.1,,TonB-dependent receptor plug domain-containing protein,channel activity|0015267||IEA,"GO:0015891,GO:0055085,GO:0015267,GO:0009279,GO:0016020"
ST2747,GCF_000599665.1,GCF_000599665.1|WP_025210414.1,,hypothetical protein,,
ST2747,GCF_000599665.1,GCF_000599665.1|WP_025210431.1,,lytic transglycosylase domain-containing protein,,
ST2747,GCF_000599665.1,GCF_000599665.1|WP_025210432.1,,bleomycin hydrolase,,
ST2747,GCF_000599665.1,GCF_000599665.1|WP_025210433.1,,hypothetical protein,,
ST2747,GCF_000599665.1,GCF_000599665.1|WP_025210434.1,,hypothetical protein,,
ST2747,GCF_000599665.1,GCF_000599665.1|WP_025210438.1,,hypothetical protein,,
ST2747,GCF_000599665.1,GCF_000599665.1|WP_025210439.1,,phage protein DarA,,
ST2747,GCF_000599665.1,GCF_000599665.1|WP_025210440.1,,hypothetical protein,,
ST2747,GCF_000599665.1,GCF_000599665.1|WP_025210441.1,,hypothetical protein,,
ST2747,GCF_000599665.1,GCF_000599665.1|WP_025210442.1,,DUF2829 domain-containing protein,,
ST2747,GCF_000599665.1,GCF_000599665.1|WP_025210446.1,,hypothetical protein,,
ST2747,GCF_000599665.1,GCF_000599665.1|WP_025210448.1,,EAL domain-containing protein,,
ST2747,GCF_000599665.1,GCF_000599665.1|WP_025210451.1,,hypothetical protein,,
ST2747,GCF_000599665.1,GCF_000599665.1|WP_025210452.1,,DUF968 domain-containing protein,,
ST2747,GCF_000599665.1,GCF_000599665.1|WP_025210458.1,,hypothetical protein,,
ST2747,GCF_000599665.1,GCF_000599665.1|WP_025210462.1,,hypothetical protein,,
ST2747,GCF_000599665.1,GCF_000599665.1|WP_025210465.1,,hypothetical protein,,
ST2747,GCF_000599665.1,GCF_000599665.1|WP_025210466.1,,hypothetical protein,,
ST2747,GCF_000599665.1,GCF_000599665.1|WP_025210467.1,,hypothetical protein,,
ST2747,GCF_000599665.1,GCF_000599665.1|WP_025210468.1,,hypothetical protein,,
ST2747,GCF_000599665.1,GCF_000599665.1|WP_025210470.1,,hypothetical protein,,
ST2747,GCF_000599665.1,GCF_000599665.1|WP_025210473.1,,MarR family transcriptional regulator,"DNA binding|0003677||IEA,DNA-binding transcription factor activity|0003700||IEA","GO:0006355,GO:0003677,GO:0003700"
ST2747,GCF_000599665.1,GCF_000599665.1|WP_025210474.1,,phage antirepressor KilAC domain-containing protein,DNA binding|0003677||IEA,GO:0003677
ST2747,GCF_000599665.1,GCF_000599665.1|WP_025210476.1,,phage antirepressor KilAC domain-containing protein,DNA binding|0003677||IEA,GO:0003677
ST2747,GCF_000599665.1,GCF_000599665.1|WP_025210478.1,,tail fiber domain-containing protein,,"GO:0019062,GO:0046718,GO:0098024"
ST2747,GCF_000599665.1,GCF_000599665.1|WP_025210496.1,,hypothetical protein,,
ST2747,GCF_000599665.1,GCF_000599665.1|WP_025210504.1,,carboxymuconolactone decarboxylase family protein,peroxiredoxin activity|0051920||IEA,GO:0051920
ST2747,GCF_000599665.1,GCF_000599665.1|WP_025210505.1,,putative quinol monooxygenase,"monooxygenase activity|0004497||IEA,oxidoreductase activity|0016491||IEA","GO:0017000,GO:0004497,GO:0016491"
ST2747,GCF_000599665.1,GCF_000599665.1|WP_025210595.1,,tetratricopeptide repeat protein,protein binding|0005515||IEA,GO:0005515
ST2747,GCF_000599665.1,GCF_000599665.1|WP_025210597.1,,hypothetical protein,,
ST2747,GCF_000599665.1,GCF_000599665.1|WP_025210608.1,,phosphomannomutase,,
ST2747,GCF_000599665.1,GCF_000599665.1|WP_025210609.1,,glycosyltransferase family 2 protein,glycosyltransferase activity|0016757||IEA,"GO:0006486,GO:0016757"
ST2747,GCF_000599665.1,GCF_000599665.1|WP_025210615.1,,hypothetical protein,,
ST2747,GCF_000599665.1,GCF_000599665.1|WP_025210641.1,,phage tail tape measure protein,structural molecule activity|0005198||IEA,"GO:0016032,GO:0005198"
ST2747,GCF_000599665.1,GCF_000599665.1|WP_025210643.1,,hypothetical protein,,
ST2747,GCF_000599665.1,GCF_000599665.1|WP_025210649.1,,adenylate/guanylate cyclase domain-containing protein,"nucleotide binding|0000166||IEA,cyclase activity|0009975||IEA,nucleotidyltransferase activity|0016779||IEA,lyase activity|0016829||IEA,metal ion binding|0046872||IEA","GO:0007165,GO:0009190,GO:0035556,GO:0000166,GO:0009975,GO:0016779,GO:0016829,GO:0046872"
ST2747,GCF_000599665.1,GCF_000599665.1|WP_025210650.1,,Pycsar system effector family protein,,
ST2747,GCF_000599665.1,GCF_000599665.1|WP_025210653.1,,DNZ54_00345 family protein,,
ST2747,GCF_000599665.1,GCF_000599665.1|WP_025210657.1,,replication endonuclease,endonuclease activity|0004519||IEA,"GO:0006260,GO:0004519"
ST2747,GCF_000599665.1,GCF_000599665.1|WP_025210671.1,gtdA,gentisate 1%2C2-dioxygenase,gentisate 1%2C2-dioxygenase activity|0047922||IEA,GO:0047922
ST2747,GCF_000599665.1,GCF_000599665.1|WP_025210672.1,,LysR substrate-binding domain-containing protein,,
ST2747,GCF_000599665.1,GCF_000599665.1|WP_025210724.1,,phage head-binding domain-containing protein,,
ST2747,GCF_000599665.1,GCF_000599665.1|WP_025210791.1,,hypothetical protein,,
ST2747,GCF_000599665.1,GCF_000599665.1|WP_025210828.1,,YopN/LcrE/InvE/MxiC type III secretion system gatekeeper,,
ST2747,GCF_000599665.1,GCF_000599665.1|WP_025210830.1,,helix-turn-helix domain-containing protein,"DNA-binding transcription factor activity|0003700||IEA,sequence-specific DNA binding|0043565||IEA","GO:0006355,GO:0003700,GO:0043565"
ST2747,GCF_000599665.1,GCF_000599665.1|WP_025210847.1,,prohibitin family protein,,"GO:0005743,GO:0016020,GO:0035632"
ST2747,GCF_000599665.1,GCF_000599665.1|WP_025210877.1,,MurR/RpiR family transcriptional regulator,"DNA binding|0003677||IEA,DNA-binding transcription factor activity|0003700||IEA","GO:0006355,GO:0003677,GO:0003700"
ST2747,GCF_000599665.1,GCF_000599665.1|WP_025210878.1,,TonB-dependent siderophore receptor,"channel activity|0015267||IEA,metal ion binding|0046872||IEA","GO:0015891,GO:0055085,GO:0015267,GO:0046872,GO:0009279,GO:0016020"
ST2747,GCF_000599665.1,GCF_000599665.1|WP_025210879.1,,aryl-sulfate sulfotransferase,,
ST2747,GCF_000599665.1,GCF_000599665.1|WP_025210925.1,,fimbrial protein,,"GO:0007155,GO:0009289"
ST2747,GCF_000599665.1,GCF_000599665.1|WP_025210929.1,,fimbrial protein,,"GO:0007155,GO:0009289"
ST2747,GCF_000599665.1,GCF_000599665.1|WP_025210952.1,chuS,hematinate-forming heme oxygenase ChuS,,
ST2747,GCF_000599665.1,GCF_000599665.1|WP_025210953.1,hutW,heme anaerobic degradation radical SAM methyltransferase ChuW/HutW,"catalytic activity|0003824||IEA,iron-sulfur cluster binding|0051536||IEA","GO:0003824,GO:0051536"
ST2747,GCF_000599665.1,GCF_000599665.1|WP_025210981.1,,Fic family protein,"magnesium ion binding|0000287||IEA,ATP binding|0005524||IEA,protein homodimerization activity|0042803||IEA","GO:0000287,GO:0005524,GO:0042803"
ST2747,GCF_000599665.1,GCF_000599665.1|WP_025211025.1,tssD,type VI secretion system tube protein TssD,,
ST2747,GCF_000599665.1,GCF_000599665.1|WP_025211033.1,,type 4 pilus major pilin,,
ST2747,GCF_000599665.1,GCF_000599665.1|WP_025211034.1,,prepilin peptidase,aspartic-type endopeptidase activity|0004190||IEA,"GO:0004190,GO:0016020"
ST2747,GCF_000599665.1,GCF_000599665.1|WP_025211037.1,,tyrosine-type recombinase/integrase,DNA binding|0003677||IEA,"GO:0006310,GO:0015074,GO:0003677"
ST2747,GCF_000599665.1,GCF_000599665.1|WP_025234902.1,,hypothetical protein,,
ST2747,GCF_000599665.1,GCF_000599665.1|WP_025234903.1,,hypothetical protein,,
ST2747,GCF_000599665.1,GCF_000599665.1|WP_025234904.1,,hypothetical protein,,
ST2747,GCF_000599665.1,GCF_000599665.1|WP_025234907.1,,N-6 DNA methylase,"DNA binding|0003677||IEA,N-methyltransferase activity|0008170||IEA","GO:0003677,GO:0008170"
ST2747,GCF_000599665.1,GCF_000599665.1|WP_025234908.1,,hypothetical protein,,
ST2747,GCF_000599665.1,GCF_000599665.1|WP_025234909.1,,hypothetical protein,,
ST2747,GCF_000599665.1,GCF_000599665.1|WP_025234917.1,,glycosyltransferase,,
ST2747,GCF_000599665.1,GCF_000599665.1|WP_025234918.1,,hypothetical protein,,
ST2747,GCF_000599665.1,GCF_000599665.1|WP_025234919.1,,glycosyltransferase,,
ST2747,GCF_000599665.1,GCF_000599665.1|WP_025234920.1,,hypothetical protein,,
ST2747,GCF_000599665.1,GCF_000599665.1|WP_025234922.1,,phage tail protein,,
ST2747,GCF_000599665.1,GCF_000599665.1|WP_025234929.1,,hypothetical protein,,
ST2747,GCF_000599665.1,GCF_000599665.1|WP_025234931.1,,type II secretion system F family protein,,
ST2747,GCF_000599665.1,GCF_000599665.1|WP_025234933.1,,hypothetical protein,,
ST2747,GCF_000599665.1,GCF_000599665.1|WP_025234936.1,,ATPase%2C T2SS/T4P/T4SS family,,
ST2747,GCF_000599665.1,GCF_000599665.1|WP_025234941.1,,hypothetical protein,,
ST2747,GCF_000599665.1,GCF_000599665.1|WP_025234945.1,pilV,shufflon system plasmid conjugative transfer pilus tip adhesin PilV,,
ST2747,GCF_000599665.1,GCF_000599665.1|WP_025234949.1,pilM,type IV pilus biogenesis protein PilM,,
ST2747,GCF_000599665.1,GCF_000599665.1|WP_025234951.1,pilO2,type 4b pilus protein PilO2,,
ST2747,GCF_000599665.1,GCF_000599665.1|WP_032157445.1,,hypothetical protein,,
ST2747,GCF_000599665.1,GCF_000599665.1|WP_032158978.1,,hypothetical protein,,
ST2747,GCF_000599665.1,GCF_000599665.1|WP_038428171.1,iatD,inverse autotransporter IatD,,
ST2747,GCF_000599665.1,GCF_000599665.1|WP_038428487.1,,transglycosylase SLT domain-containing protein,,
ST2747,GCF_000599665.1,GCF_000599665.1|WP_038428612.1,,hypothetical protein,,
ST2747,GCF_000599665.1,GCF_000599665.1|WP_038430334.1,traF,conjugal transfer protein TraF,,
ST2747,GCF_000599665.1,GCF_000599665.1|WP_051529561.1,pilP,type IV pilus biogenesis protein PilP,,GO:0009297
ST2747,GCF_000599665.1,GCF_000599665.1|WP_064734313.1,,hypothetical protein,,
ST2747,GCF_000599665.1,GCF_000599665.1|WP_071527722.1,,ash family protein,,
ST2747,GCF_000599665.1,GCF_000599665.1|WP_071847130.1,yidD,membrane protein insertion efficiency factor YidD,,
ST2747,GCF_000599665.1,GCF_000599665.1|WP_071849748.1,,host cell division inhibitor Icd-like protein,,
ST2747,GCF_000599665.1,GCF_000599665.1|WP_077768583.1,,DUF4387 family protein,,
ST2747,GCF_000599665.1,GCF_000599665.1|WP_089642612.1,,IS3 family transposase,transposase activity|0004803||IEA,GO:0004803
ST2747,GCF_000599665.1,GCF_000599665.1|WP_106359433.1,,GmrSD restriction endonuclease domain-containing protein,,
ST2747,GCF_000599665.1,GCF_000599665.1|WP_122987222.1,,type III secretion system needle length determinant%2C SpaN/EivJ family,,
ST2747,GCF_000599665.1,GCF_000599665.1|WP_128971871.1,,TcpQ domain-containing protein,,
ST2747,GCF_000599665.1,GCF_000599665.1|WP_144318948.1,,hypothetical protein,,
ST2747,GCF_000599665.1,GCF_000599665.1|WP_144318951.1,,acyltransferase family protein,acyltransferase activity%2C transferring groups other than amino-acyl groups|0016747||IEA,GO:0016747
ST2747,GCF_000599665.1,GCF_000599665.1|WP_144318952.1,,response regulator,,GO:0000160
ST2747,GCF_000599665.1,GCF_000599665.1|WP_144318953.1,,hypothetical protein,,
ST2747,GCF_000599665.1,GCF_000599665.1|WP_158413075.1,,hypothetical protein,,
ST2747,GCF_000599665.1,GCF_000599665.1|WP_162149578.1,,hypothetical protein,,
ST2747,GCF_000599665.1,GCF_000599665.1|WP_170998677.1,,hypothetical protein,,
ST2747,GCF_000599665.1,GCF_000599665.1|WP_198290423.1,,ester cyclase,,GO:0030638
ST2747,GCF_000599665.1,GCF_000599665.1|WP_200869267.1,,hypothetical protein,,
ST2747,GCF_000599665.1,GCF_000599665.1|WP_205412756.1,,ash family protein,,
ST2747,GCF_000599665.1,GCF_000599665.1|WP_223362157.1,,DUF4942 domain-containing protein,,
ST2747,GCF_000599665.1,GCF_000599665.1|WP_227534285.1,,CatB-related O-acetyltransferase,acyltransferase activity|0016746||IEA,"GO:0046677,GO:0016746"
ST2747,GCF_000599665.1,GCF_000599665.1|WP_228336805.1,lysC,Rz1-like lysis system protein LysC,,
ST2747,GCF_000599665.1,GCF_000599665.1|WP_244440552.1,,prepilin peptidase,aspartic-type endopeptidase activity|0004190||IEA,"GO:0004190,GO:0016020"
ST2747,GCF_000599665.1,GCF_000599665.1|WP_244440553.1,,adenylate/guanylate cyclase domain-containing protein,"nucleotide binding|0000166||IEA,cyclase activity|0009975||IEA,nucleotidyltransferase activity|0016779||IEA,lyase activity|0016829||IEA,metal ion binding|0046872||IEA","GO:0007165,GO:0009190,GO:0035556,GO:0000166,GO:0009975,GO:0016779,GO:0016829,GO:0046872"
ST2747,GCF_000599665.1,GCF_000599665.1|WP_244440555.1,,type 4 pilus major pilin,,
ST2747,GCF_000599665.1,GCF_000599665.1|WP_244440556.1,,hypothetical protein,,
ST2747,GCF_000599665.1,GCF_000599665.1|WP_244440558.1,,hypothetical protein,,
ST2747,GCF_000599665.1,GCF_000599665.1|WP_244440559.1,,hypothetical protein,,
ST2747,GCF_000599665.1,GCF_000599665.1|WP_244440560.1,,type 4 pilus major pilin,,
ST2747,GCF_000599665.1,GCF_000599665.1|WP_244440561.1,,hypothetical protein,,
ST2747,GCF_000599665.1,GCF_000599665.1|WP_244440562.1,,hypothetical protein,,
ST2747,GCF_000599665.1,GCF_000599665.1|WP_244440563.1,,laccase domain-containing protein,,
ST2747,GCF_000599665.1,GCF_000599665.1|WP_244440564.1,,laccase domain-containing protein,,
ST2747,GCF_000599665.1,GCF_000599665.1|WP_244440565.1,,hypothetical protein,,
ST2747,GCF_000599665.1,GCF_000599665.1|WP_244440568.1,,phage tail protein,,
ST2747,GCF_000599665.1,GCF_000599665.1|WP_244440575.1,,transposase,,
ST2747,GCF_000599665.1,GCF_000599665.1|WP_263855729.1,,hypothetical protein,,
ST2747,GCF_000599665.1,GCF_000599665.1|WP_280113839.1,,hypothetical protein,,
ST2747,GCF_000599665.1,GCF_000599665.1|WP_280113840.1,,winged helix-turn-helix domain-containing protein,DNA binding|0003677||IEA,"GO:0000160,GO:0006355,GO:0003677"
ST2747,GCF_000599665.1,GCF_000599665.1|WP_280113841.1,,hypothetical protein,,
ST2747,GCF_000599665.1,GCF_000599665.1|WP_280113842.1,traF,conjugal transfer protein TraF,,
ST2747,GCF_000599665.1,GCF_000599665.1|WP_348270232.1,,hypothetical protein,,
ST2747,GCF_000599665.1,GCF_000599665.1|WP_348270360.1,,hypothetical protein,,
ST2747,GCF_000599665.1,GCF_000599665.1|WP_416259109.1,,phage head spike fiber domain-containing protein,,
ST2747,GCF_000599665.1,GCF_000599665.1|WP_432263849.1,,hypothetical protein,,
ST2747,GCF_000599665.1,GCF_000599665.1|WP_432263850.1,,hypothetical protein,,
ST2747,GCF_000599665.1,GCF_000599665.1|WP_432263851.1,,fimbrial protein,,"GO:0007155,GO:0009289"
RM9387,GCF_000801165.1,GCF_000801165.1|WP_000004565.1,,TnsA endonuclease N-terminal domain-containing protein,,
RM9387,GCF_000801165.1,GCF_000801165.1|WP_000076670.1,,hypothetical protein,,
RM9387,GCF_000801165.1,GCF_000801165.1|WP_000079941.1,yacA,type II toxin-antitoxin system antitoxin YacA,,
RM9387,GCF_000801165.1,GCF_000801165.1|WP_000117616.1,,antirestriction protein ArdA,,
RM9387,GCF_000801165.1,GCF_000801165.1|WP_000131874.1,,TIGR02594 family protein,,
RM9387,GCF_000801165.1,GCF_000801165.1|WP_000139447.1,,replication protein P,,GO:0006270
RM9387,GCF_000801165.1,GCF_000801165.1|WP_000145212.1,,hypothetical protein,,
RM9387,GCF_000801165.1,GCF_000801165.1|WP_000148286.1,,helix-turn-helix transcriptional regulator,,
RM9387,GCF_000801165.1,GCF_000801165.1|WP_000192614.1,,hypothetical protein,,
RM9387,GCF_000801165.1,GCF_000801165.1|WP_000218849.1,,hypothetical protein,,
RM9387,GCF_000801165.1,GCF_000801165.1|WP_000224749.1,,ImmA/IrrE family metallo-endopeptidase,,
RM9387,GCF_000801165.1,GCF_000801165.1|WP_000273163.1,,DUF4224 domain-containing protein,,
RM9387,GCF_000801165.1,GCF_000801165.1|WP_000387403.1,,helix-turn-helix transcriptional regulator,"DNA binding|0003677||IEA,DNA-binding transcription factor activity|0003700||IEA","GO:0006355,GO:0003677,GO:0003700"
RM9387,GCF_000801165.1,GCF_000801165.1|WP_000421260.1,,type II toxin-antitoxin system RelE/ParE family toxin,toxin activity|0090729||IEA,"GO:0090729,GO:0110001"
RM9387,GCF_000801165.1,GCF_000801165.1|WP_000444666.1,,phage tail assembly protein,,GO:0098003
RM9387,GCF_000801165.1,GCF_000801165.1|WP_000642925.1,,hypothetical protein,,
RM9387,GCF_000801165.1,GCF_000801165.1|WP_000651125.1,,hypothetical protein,,
RM9387,GCF_000801165.1,GCF_000801165.1|WP_000785707.1,,hypothetical protein,,
RM9387,GCF_000801165.1,GCF_000801165.1|WP_000853106.1,,helix-turn-helix domain-containing protein,,
RM9387,GCF_000801165.1,GCF_000801165.1|WP_000860398.1,,ClpP-like prohead protease/major capsid protein fusion protein,serine-type endopeptidase activity|0004252||IEA,"GO:0019082,GO:0004252"
RM9387,GCF_000801165.1,GCF_000801165.1|WP_000916333.1,,hypothetical protein,,
RM9387,GCF_000801165.1,GCF_000801165.1|WP_000942525.1,,DNA cytosine methyltransferase,"DNA binding|0003677||IEA,DNA (cytosine-5-)-methyltransferase activity|0003886||IEA,methyltransferase activity|0008168||IEA,S-adenosyl-L-methionine binding|1904047||IEA","GO:0006304,GO:0003677,GO:0003886,GO:0008168,GO:1904047"
RM9387,GCF_000801165.1,GCF_000801165.1|WP_000943913.1,,hypothetical protein,,
RM9387,GCF_000801165.1,GCF_000801165.1|WP_000974855.1,,prophage tail fiber N-terminal domain-containing protein,,
RM9387,GCF_000801165.1,GCF_000801165.1|WP_000991478.1,,hypothetical protein,,
RM9387,GCF_000801165.1,GCF_000801165.1|WP_001025459.1,,hypothetical protein,,
RM9387,GCF_000801165.1,GCF_000801165.1|WP_001142000.1,,YlcI/YnfO family protein,,
RM9387,GCF_000801165.1,GCF_000801165.1|WP_001178089.1,,CopG family ribbon-helix-helix protein,,
RM9387,GCF_000801165.1,GCF_000801165.1|WP_001247860.1,,hypothetical protein,,
RM9387,GCF_000801165.1,GCF_000801165.1|WP_001278179.1,,phage tail protein,,
RM9387,GCF_000801165.1,GCF_000801165.1|WP_001287093.1,,phage late control protein,,
RM9387,GCF_000801165.1,GCF_000801165.1|WP_001294589.1,,putative holin,,
RM9387,GCF_000801165.1,GCF_000801165.1|WP_001301130.1,yldA,small membrane protein YldA,,
RM9387,GCF_000801165.1,GCF_000801165.1|WP_001308457.1,dinQ,damage-inducible type I toxin DinQ,,
RM9387,GCF_000801165.1,GCF_000801165.1|WP_001367167.1,,tyrosine-type recombinase/integrase,DNA binding|0003677||IEA,"GO:0006310,GO:0015074,GO:0003677"
RM9387,GCF_000801165.1,GCF_000801165.1|WP_001373171.1,,hypothetical protein,,
RM9387,GCF_000801165.1,GCF_000801165.1|WP_001384452.1,yacB,type II toxin-antitoxin system toxin YacB,,
RM9387,GCF_000801165.1,GCF_000801165.1|WP_001444700.1,,HNH endonuclease,"nucleic acid binding|0003676||IEA,endonuclease activity|0004519||IEA,zinc ion binding|0008270||IEA","GO:0003676,GO:0004519,GO:0008270"
RM9387,GCF_000801165.1,GCF_000801165.1|WP_001457151.1,,hypothetical protein,,
RM9387,GCF_000801165.1,GCF_000801165.1|WP_001458941.1,,hypothetical protein,,
RM9387,GCF_000801165.1,GCF_000801165.1|WP_001559300.1,,hypothetical protein,,
RM9387,GCF_000801165.1,GCF_000801165.1|WP_001559319.1,,hypothetical protein,,
RM9387,GCF_000801165.1,GCF_000801165.1|WP_001559328.1,,hypothetical protein,,
RM9387,GCF_000801165.1,GCF_000801165.1|WP_001567061.1,,P22AR C-terminal domain-containing protein,,
RM9387,GCF_000801165.1,GCF_000801165.1|WP_012138675.1,,hypothetical protein,,
RM9387,GCF_000801165.1,GCF_000801165.1|WP_012565126.1,gpW,gpW family head-tail joining protein,,GO:0019058
RM9387,GCF_000801165.1,GCF_000801165.1|WP_012605149.1,,hypothetical protein,,
RM9387,GCF_000801165.1,GCF_000801165.1|WP_012817901.1,,hypothetical protein,,
RM9387,GCF_000801165.1,GCF_000801165.1|WP_021560858.1,,hypothetical protein,,
RM9387,GCF_000801165.1,GCF_000801165.1|WP_023155453.1,,hypothetical protein,,
RM9387,GCF_000801165.1,GCF_000801165.1|WP_023155796.1,,Wadjet anti-phage system protein JetD domain-containing protein,,
RM9387,GCF_000801165.1,GCF_000801165.1|WP_024166640.1,,phosphorothioated DNA-binding restriction endonuclease,restriction endodeoxyribonuclease activity|0015666||IEA,"GO:0009307,GO:0015666"
RM9387,GCF_000801165.1,GCF_000801165.1|WP_024192804.1,,HlyD family secretion protein,,
RM9387,GCF_000801165.1,GCF_000801165.1|WP_028985345.1,,hypothetical protein,,
RM9387,GCF_000801165.1,GCF_000801165.1|WP_028985346.1,,hypothetical protein,,
RM9387,GCF_000801165.1,GCF_000801165.1|WP_032141712.1,,RHS repeat-associated core domain-containing protein,,
RM9387,GCF_000801165.1,GCF_000801165.1|WP_032141714.1,,hypothetical protein,,
RM9387,GCF_000801165.1,GCF_000801165.1|WP_032144652.1,,colicin V family bacteriocin,,
RM9387,GCF_000801165.1,GCF_000801165.1|WP_032145180.1,,hypothetical protein,,
RM9387,GCF_000801165.1,GCF_000801165.1|WP_032186128.1,,hypothetical protein,,
RM9387,GCF_000801165.1,GCF_000801165.1|WP_032186130.1,,transposase,,
RM9387,GCF_000801165.1,GCF_000801165.1|WP_032186133.1,,TrlF family AAA-like ATPase,,
RM9387,GCF_000801165.1,GCF_000801165.1|WP_032214561.1,,hypothetical protein,,
RM9387,GCF_000801165.1,GCF_000801165.1|WP_032291790.1,,hypothetical protein,,
RM9387,GCF_000801165.1,GCF_000801165.1|WP_033806466.1,pilO2,type 4b pilus protein PilO2,,
RM9387,GCF_000801165.1,GCF_000801165.1|WP_033812026.1,,hypothetical protein,,
RM9387,GCF_000801165.1,GCF_000801165.1|WP_039264342.1,,hypothetical protein,,
RM9387,GCF_000801165.1,GCF_000801165.1|WP_039264343.1,,hypothetical protein,,
RM9387,GCF_000801165.1,GCF_000801165.1|WP_039264344.1,,membrane protein,,
RM9387,GCF_000801165.1,GCF_000801165.1|WP_039264394.1,,DnaT-like ssDNA-binding domain-containing protein,,
RM9387,GCF_000801165.1,GCF_000801165.1|WP_039264426.1,,phage portal protein,structural molecule activity|0005198||IEA,"GO:0019068,GO:0005198,GO:0044423"
RM9387,GCF_000801165.1,GCF_000801165.1|WP_039264464.1,,phage major tail tube protein,,
RM9387,GCF_000801165.1,GCF_000801165.1|WP_039264465.1,,phage tail sheath C-terminal domain-containing protein,,
RM9387,GCF_000801165.1,GCF_000801165.1|WP_039264470.1,,hypothetical protein,,
RM9387,GCF_000801165.1,GCF_000801165.1|WP_039264472.1,,hypothetical protein,,
RM9387,GCF_000801165.1,GCF_000801165.1|WP_039264473.1,,head-tail joining protein,,GO:0019068
RM9387,GCF_000801165.1,GCF_000801165.1|WP_039264474.1,gpFI,DNA-packaging protein FI,,
RM9387,GCF_000801165.1,GCF_000801165.1|WP_039264476.1,,hypothetical protein,,
RM9387,GCF_000801165.1,GCF_000801165.1|WP_039264480.1,,hypothetical protein,,
RM9387,GCF_000801165.1,GCF_000801165.1|WP_039264481.1,,GIY-YIG nuclease family protein,nuclease activity|0004518||IEA,GO:0004518
RM9387,GCF_000801165.1,GCF_000801165.1|WP_039264482.1,,lysozyme inhibitor LprI family protein,,
RM9387,GCF_000801165.1,GCF_000801165.1|WP_039264483.1,,ORF6N domain-containing protein,,
RM9387,GCF_000801165.1,GCF_000801165.1|WP_039264484.1,,hypothetical protein,,
RM9387,GCF_000801165.1,GCF_000801165.1|WP_039264486.1,,hypothetical protein,,
RM9387,GCF_000801165.1,GCF_000801165.1|WP_039264487.1,,hypothetical protein,,
RM9387,GCF_000801165.1,GCF_000801165.1|WP_039264488.1,,toxin YdaT family protein,,
RM9387,GCF_000801165.1,GCF_000801165.1|WP_039264489.1,,DUF4224 domain-containing protein,,
RM9387,GCF_000801165.1,GCF_000801165.1|WP_039264586.1,,hypothetical protein,,
RM9387,GCF_000801165.1,GCF_000801165.1|WP_040116956.1,cvi,colicin V immunity protein,,
RM9387,GCF_000801165.1,GCF_000801165.1|WP_040116960.1,repA,plasmid replication initiator RepA,,GO:0006276
RM9387,GCF_000801165.1,GCF_000801165.1|WP_040116989.1,,hypothetical protein,,
RM9387,GCF_000801165.1,GCF_000801165.1|WP_052214792.1,,ISAs1 family transposase,transposase activity|0004803||IEA,GO:0004803
RM9387,GCF_000801165.1,GCF_000801165.1|WP_071791986.1,,hypothetical protein,,
RM9387,GCF_000801165.1,GCF_000801165.1|WP_071885013.1,,hypothetical protein,,
RM9387,GCF_000801165.1,GCF_000801165.1|WP_087614013.1,,hypothetical protein,,
RM9387,GCF_000801165.1,GCF_000801165.1|WP_106425492.1,,hypothetical protein,,
RM9387,GCF_000801165.1,GCF_000801165.1|WP_122996077.1,,hypothetical protein,,
RM9387,GCF_000801165.1,GCF_000801165.1|WP_140398125.1,,hypothetical protein,,
RM9387,GCF_000801165.1,GCF_000801165.1|WP_169124752.1,,hypothetical protein,,
RM9387,GCF_000801165.1,GCF_000801165.1|WP_179206415.1,,hypothetical protein,,
RM9387,GCF_000801165.1,GCF_000801165.1|WP_187292991.1,gpJ,TipJ family phage tail tip protein,,
RM9387,GCF_000801165.1,GCF_000801165.1|WP_187292994.1,,phage tail tip protein J-related protein,,
RM9387,GCF_000801165.1,GCF_000801165.1|WP_223718779.1,,terminase small subunit,,
RM9387,GCF_000801165.1,GCF_000801165.1|WP_224695425.1,,phage tail protein,,GO:0098024
RM9387,GCF_000801165.1,GCF_000801165.1|WP_224695433.1,,superinfection immunity protein,,
RM9387,GCF_000801165.1,GCF_000801165.1|WP_244462510.1,,phage tail tip protein J-related protein,,
RM9387,GCF_000801165.1,GCF_000801165.1|WP_244462511.1,,phage tail protein,,
RM9387,GCF_000801165.1,GCF_000801165.1|WP_244462513.1,,DUF1380 family protein,,
RM9387,GCF_000801165.1,GCF_000801165.1|WP_244462514.1,,DUF1380 family protein,,
RM9387,GCF_000801165.1,GCF_000801165.1|WP_306459307.1,,phage baseplate assembly protein V,metal ion binding|0046872||IEA,"GO:0098003,GO:0046872,GO:0098025"
RM9387,GCF_000801165.1,GCF_000801165.1|WP_430515483.1,gpJ,TipJ family phage tail tip protein,,
RM9387,GCF_000801165.1,GCF_000801165.1|WP_430515484.1,,phage tail tip protein,,
94-3024,GCF_000801185.2,GCF_000801185.2|WP_000005468.1,,hypothetical protein,,
94-3024,GCF_000801185.2,GCF_000801185.2|WP_000006271.1,dbpB,DGQHR domain-containing protein DpdB,,
94-3024,GCF_000801185.2,GCF_000801185.2|WP_000038919.1,,hypothetical protein,,
94-3024,GCF_000801185.2,GCF_000801185.2|WP_000040320.1,dpdA,tRNA-guanine transglycosylase DpdA,glycosyltransferase activity|0016757||IEA,"GO:0006400,GO:0016757"
94-3024,GCF_000801185.2,GCF_000801185.2|WP_000061147.1,,hypothetical protein,,
94-3024,GCF_000801185.2,GCF_000801185.2|WP_000078438.1,,MFS transporter,transmembrane transporter activity|0022857||IEA,"GO:0055085,GO:0022857"
94-3024,GCF_000801185.2,GCF_000801185.2|WP_000103621.1,,hypothetical protein,,
94-3024,GCF_000801185.2,GCF_000801185.2|WP_000113645.1,,phage terminase small subunit P27 family,,
94-3024,GCF_000801185.2,GCF_000801185.2|WP_000126663.1,,single-stranded DNA-binding protein,single-stranded DNA binding|0003697||IEA,"GO:0006260,GO:0003697"
94-3024,GCF_000801185.2,GCF_000801185.2|WP_000134113.1,,head-tail connector protein,,GO:0016032
94-3024,GCF_000801185.2,GCF_000801185.2|WP_000147364.1,,hypothetical protein,,
94-3024,GCF_000801185.2,GCF_000801185.2|WP_000174068.1,,hypothetical protein,,
94-3024,GCF_000801185.2,GCF_000801185.2|WP_000200503.1,,hypothetical protein,,
94-3024,GCF_000801185.2,GCF_000801185.2|WP_000202167.1,,DUF4123 domain-containing protein,,
94-3024,GCF_000801185.2,GCF_000801185.2|WP_000204742.1,rfaL,O-antigen ligase RfaL,,
94-3024,GCF_000801185.2,GCF_000801185.2|WP_000209422.1,dpdI,protein DpdI,,
94-3024,GCF_000801185.2,GCF_000801185.2|WP_000214990.1,,response regulator receiver domain,,
94-3024,GCF_000801185.2,GCF_000801185.2|WP_000220092.1,,hypothetical protein,,
94-3024,GCF_000801185.2,GCF_000801185.2|WP_000227812.1,,lipopolysaccharide N-acetylglucosaminyltransferase,,
94-3024,GCF_000801185.2,GCF_000801185.2|WP_000236763.1,,hypothetical protein,,
94-3024,GCF_000801185.2,GCF_000801185.2|WP_000256226.1,,AAA domain-containing protein,helicase activity|0004386||IEA,GO:0004386
94-3024,GCF_000801185.2,GCF_000801185.2|WP_000264514.1,,phospholipase effector Tle1 domain-containing protein,,
94-3024,GCF_000801185.2,GCF_000801185.2|WP_000267604.1,,phage portal protein,structural molecule activity|0005198||IEA,"GO:0019068,GO:0005198,GO:0044423"
94-3024,GCF_000801185.2,GCF_000801185.2|WP_000276887.1,,MucR family transcriptional regulator,"DNA binding|0003677||IEA,zinc ion binding|0008270||IEA","GO:0006355,GO:0003677,GO:0008270"
94-3024,GCF_000801185.2,GCF_000801185.2|WP_000287892.1,,YagK/YfjJ domain-containing protein,,
94-3024,GCF_000801185.2,GCF_000801185.2|WP_000323309.1,,hypothetical protein,,
94-3024,GCF_000801185.2,GCF_000801185.2|WP_000332368.1,dpdD,protein DpdD,,
94-3024,GCF_000801185.2,GCF_000801185.2|WP_000334995.1,,hypothetical protein,,
94-3024,GCF_000801185.2,GCF_000801185.2|WP_000399648.1,,IS110-like element IS621 family transposase,transposase activity|0004803||IEA,"GO:0006313,GO:0004803"
94-3024,GCF_000801185.2,GCF_000801185.2|WP_000410810.1,,RecQ family ATP-dependent DNA helicase,"DNA binding|0003677||IEA,ATP binding|0005524||IEA,ATP hydrolysis activity|0016887||IEA,3'-5' DNA helicase activity|0043138||IEA","GO:0006281,GO:0003677,GO:0005524,GO:0016887,GO:0043138"
94-3024,GCF_000801185.2,GCF_000801185.2|WP_000431483.1,dpdF,protein DpdF,nucleic acid binding|0003676||IEA,GO:0003676
94-3024,GCF_000801185.2,GCF_000801185.2|WP_000448925.1,,hypothetical protein,,
94-3024,GCF_000801185.2,GCF_000801185.2|WP_000500956.1,,hypothetical protein,,
94-3024,GCF_000801185.2,GCF_000801185.2|WP_000522561.1,,DUF3304 domain-containing protein,,
94-3024,GCF_000801185.2,GCF_000801185.2|WP_000526430.1,,hypothetical protein,,
94-3024,GCF_000801185.2,GCF_000801185.2|WP_000539306.1,,hypothetical protein,,
94-3024,GCF_000801185.2,GCF_000801185.2|WP_000543626.1,,hypothetical protein,,
94-3024,GCF_000801185.2,GCF_000801185.2|WP_000553979.1,,hypothetical protein,,
94-3024,GCF_000801185.2,GCF_000801185.2|WP_000559922.1,,hypothetical protein,,
94-3024,GCF_000801185.2,GCF_000801185.2|WP_000575285.1,dpdH,protein DpdH,,
94-3024,GCF_000801185.2,GCF_000801185.2|WP_000577254.1,,ATP-binding protein,,
94-3024,GCF_000801185.2,GCF_000801185.2|WP_000649041.1,,hypothetical protein,,
94-3024,GCF_000801185.2,GCF_000801185.2|WP_000675892.1,dpdJ,protein DpdJ,nucleic acid binding|0003676||IEA,GO:0003676
94-3024,GCF_000801185.2,GCF_000801185.2|WP_000690895.1,tssK,type VI secretion system baseplate subunit TssK,,GO:0033103
94-3024,GCF_000801185.2,GCF_000801185.2|WP_000712314.1,tssL,type VI secretion system protein TssL%2C short form,,
94-3024,GCF_000801185.2,GCF_000801185.2|WP_000737404.1,,hypothetical protein,,
94-3024,GCF_000801185.2,GCF_000801185.2|WP_000764083.1,,transglycosylase SLT domain-containing protein,,
94-3024,GCF_000801185.2,GCF_000801185.2|WP_000789404.1,,type VI secretion system-associated protein TagO,,
94-3024,GCF_000801185.2,GCF_000801185.2|WP_000794367.1,,BRO-N domain-containing protein,DNA binding|0003677||IEA,GO:0003677
94-3024,GCF_000801185.2,GCF_000801185.2|WP_000796959.1,,hypothetical protein,,
94-3024,GCF_000801185.2,GCF_000801185.2|WP_000798060.1,hyxB,outer membrane autotransporter HyxB,,
94-3024,GCF_000801185.2,GCF_000801185.2|WP_000836746.1,,glycoside hydrolase family 108 protein,hydrolase activity%2C hydrolyzing O-glycosyl compounds|0004553||IEA,GO:0004553
94-3024,GCF_000801185.2,GCF_000801185.2|WP_000846261.1,,aldose 1-epimerase,,
94-3024,GCF_000801185.2,GCF_000801185.2|WP_000859017.1,,HTH domain-containing protein,,
94-3024,GCF_000801185.2,GCF_000801185.2|WP_000867987.1,,CatB-related O-acetyltransferase,acyltransferase activity|0016746||IEA,"GO:0046677,GO:0016746"
94-3024,GCF_000801185.2,GCF_000801185.2|WP_000878014.1,,IS110 family transposase,transposase activity|0004803||IEA,GO:0004803
94-3024,GCF_000801185.2,GCF_000801185.2|WP_000953271.1,,helix-turn-helix transcriptional regulator,"DNA binding|0003677||IEA,DNA-binding transcription factor activity|0003700||IEA","GO:0006355,GO:0003677,GO:0003700"
94-3024,GCF_000801185.2,GCF_000801185.2|WP_000960006.1,,hypothetical protein,,
94-3024,GCF_000801185.2,GCF_000801185.2|WP_000977390.1,,DUF4198 domain-containing protein,,
94-3024,GCF_000801185.2,GCF_000801185.2|WP_000990552.1,,DUF3969 family protein,,
94-3024,GCF_000801185.2,GCF_000801185.2|WP_000997067.1,,Hcp family type VI secretion system effector,,GO:0033103
94-3024,GCF_000801185.2,GCF_000801185.2|WP_001018786.1,dpdG,protein DpdG,,
94-3024,GCF_000801185.2,GCF_000801185.2|WP_001032733.1,,hypothetical protein,,
94-3024,GCF_000801185.2,GCF_000801185.2|WP_001056888.1,,phage antirepressor N-terminal domain-containing protein,,
94-3024,GCF_000801185.2,GCF_000801185.2|WP_001065352.1,,hypothetical protein,,
94-3024,GCF_000801185.2,GCF_000801185.2|WP_001100987.1,,glycosyltransferase family 9 protein,glycosyltransferase activity|0016757||IEA,GO:0016757
94-3024,GCF_000801185.2,GCF_000801185.2|WP_001142405.1,,hypothetical protein,,
94-3024,GCF_000801185.2,GCF_000801185.2|WP_001145249.1,,hypothetical protein,,
94-3024,GCF_000801185.2,GCF_000801185.2|WP_001145905.1,,HNH endonuclease signature motif containing protein,"nucleic acid binding|0003676||IEA,endonuclease activity|0004519||IEA,zinc ion binding|0008270||IEA","GO:0003676,GO:0004519,GO:0008270"
94-3024,GCF_000801185.2,GCF_000801185.2|WP_001173927.1,,zinc ribbon domain-containing protein,zinc ion binding|0008270||IEA,GO:0008270
94-3024,GCF_000801185.2,GCF_000801185.2|WP_001189111.1,ltrA,group II intron reverse transcriptase/maturase,RNA-directed DNA polymerase activity|0003964||IEA,"GO:0000373,GO:0003964"
94-3024,GCF_000801185.2,GCF_000801185.2|WP_001200462.1,,AAA family ATPase,"ATP binding|0005524||IEA,ATP hydrolysis activity|0016887||IEA","GO:0005524,GO:0016887"
94-3024,GCF_000801185.2,GCF_000801185.2|WP_001246539.1,,OmpA family protein,"porin activity|0015288||IEA,peptidoglycan binding|0042834||IEA","GO:0015288,GO:0042834,GO:0009279"
94-3024,GCF_000801185.2,GCF_000801185.2|WP_001289967.1,,ead/Ea22-like family protein,,
94-3024,GCF_000801185.2,GCF_000801185.2|WP_001299026.1,,Bax inhibitor-1 family protein,,
94-3024,GCF_000801185.2,GCF_000801185.2|WP_001303900.1,,IS1-like element transposase,,
94-3024,GCF_000801185.2,GCF_000801185.2|WP_001306377.1,,hypothetical protein,,
94-3024,GCF_000801185.2,GCF_000801185.2|WP_001315275.1,hyxR,LuxR family transcriptional regulator HyxR,,
94-3024,GCF_000801185.2,GCF_000801185.2|WP_001315988.1,dpdE,protein DpdE,ATP binding|0005524||IEA,GO:0005524
94-3024,GCF_000801185.2,GCF_000801185.2|WP_001315991.1,,YagK/YfjJ domain-containing protein,,
94-3024,GCF_000801185.2,GCF_000801185.2|WP_001364171.1,,hypothetical protein,,
94-3024,GCF_000801185.2,GCF_000801185.2|WP_001364204.1,,hypothetical protein,,
94-3024,GCF_000801185.2,GCF_000801185.2|WP_001367978.1,,YagK/YfjJ domain-containing protein,,
94-3024,GCF_000801185.2,GCF_000801185.2|WP_001376509.1,,hypothetical protein,,
94-3024,GCF_000801185.2,GCF_000801185.2|WP_001390705.1,,helix-turn-helix domain-containing protein,DNA binding|0003677||IEA,GO:0003677
94-3024,GCF_000801185.2,GCF_000801185.2|WP_001391592.1,,IS1 family transposase,"DNA binding|0003677||IEA,transposase activity|0004803||IEA","GO:0006313,GO:0003677,GO:0004803"
94-3024,GCF_000801185.2,GCF_000801185.2|WP_001398805.1,,DNA-processing protein DprA,DNA/DNA annealing activity|1990814||IEA,"GO:0009294,GO:1990814"
94-3024,GCF_000801185.2,GCF_000801185.2|WP_001406334.1,hyxA,protein HyxA,,
94-3024,GCF_000801185.2,GCF_000801185.2|WP_001446456.1,,hypothetical protein,,
94-3024,GCF_000801185.2,GCF_000801185.2|WP_001578623.1,,hypothetical protein,,
94-3024,GCF_000801185.2,GCF_000801185.2|WP_001701050.1,,HNH endonuclease,"nucleic acid binding|0003676||IEA,endonuclease activity|0004519||IEA,zinc ion binding|0008270||IEA","GO:0003676,GO:0004519,GO:0008270"
94-3024,GCF_000801185.2,GCF_000801185.2|WP_001763232.1,,IS1 family transposase,"DNA binding|0003677||IEA,transposase activity|0004803||IEA","GO:0006313,GO:0003677,GO:0004803"
94-3024,GCF_000801185.2,GCF_000801185.2|WP_021293056.1,,recombinase family protein,,
94-3024,GCF_000801185.2,GCF_000801185.2|WP_021293058.1,,hypothetical protein,,
94-3024,GCF_000801185.2,GCF_000801185.2|WP_021293063.1,,hypothetical protein,,
94-3024,GCF_000801185.2,GCF_000801185.2|WP_021293090.1,,phage tail protein,,"GO:0019062,GO:0046718"
94-3024,GCF_000801185.2,GCF_000801185.2|WP_021293107.1,,hypothetical protein,,
94-3024,GCF_000801185.2,GCF_000801185.2|WP_021293110.1,,DUF927 domain-containing protein,,
94-3024,GCF_000801185.2,GCF_000801185.2|WP_021293132.1,,GmrSD restriction endonuclease domain-containing protein,,
94-3024,GCF_000801185.2,GCF_000801185.2|WP_021293137.1,,esterase-like activity of phytase family protein,,
94-3024,GCF_000801185.2,GCF_000801185.2|WP_021293226.1,,Rha family transcriptional regulator,,
94-3024,GCF_000801185.2,GCF_000801185.2|WP_021293227.1,,helix-turn-helix domain-containing protein,DNA binding|0003677||IEA,GO:0003677
94-3024,GCF_000801185.2,GCF_000801185.2|WP_021293344.1,,AAA domain-containing protein,,
94-3024,GCF_000801185.2,GCF_000801185.2|WP_021293345.1,,hypothetical protein,,
94-3024,GCF_000801185.2,GCF_000801185.2|WP_021293365.1,,hypothetical protein,,
94-3024,GCF_000801185.2,GCF_000801185.2|WP_021293378.1,,VasL domain-containing protein,,
94-3024,GCF_000801185.2,GCF_000801185.2|WP_021293394.1,,tyrosine-type recombinase/integrase,,
94-3024,GCF_000801185.2,GCF_000801185.2|WP_021293439.1,,SPFH domain-containing protein,,
94-3024,GCF_000801185.2,GCF_000801185.2|WP_021293440.1,,hypothetical protein,,
94-3024,GCF_000801185.2,GCF_000801185.2|WP_021293441.1,,hypothetical protein,,
94-3024,GCF_000801185.2,GCF_000801185.2|WP_021293442.1,,hypothetical protein,,
94-3024,GCF_000801185.2,GCF_000801185.2|WP_021293454.1,dpdK,phospholipase D-like domain-containing protein DpdK,,
94-3024,GCF_000801185.2,GCF_000801185.2|WP_021293489.1,,phage major capsid protein,structural molecule activity|0005198||IEA,"GO:0019068,GO:0005198,GO:0044423"
94-3024,GCF_000801185.2,GCF_000801185.2|WP_021293490.1,,hypothetical protein,,
94-3024,GCF_000801185.2,GCF_000801185.2|WP_021578710.1,,type VI secretion system Vgr family protein,,"GO:0033103,GO:0033104"
94-3024,GCF_000801185.2,GCF_000801185.2|WP_024177317.1,,3'-5' exonuclease,"ATP binding|0005524||IEA,hydrolase activity|0016787||IEA","GO:0005524,GO:0016787"
94-3024,GCF_000801185.2,GCF_000801185.2|WP_024190854.1,,helix-turn-helix domain-containing protein,DNA binding|0003677||IEA,GO:0003677
94-3024,GCF_000801185.2,GCF_000801185.2|WP_024199668.1,,hypothetical protein,,
94-3024,GCF_000801185.2,GCF_000801185.2|WP_024199692.1,,DUF5406 family protein,,
94-3024,GCF_000801185.2,GCF_000801185.2|WP_024199769.1,,hypothetical protein,,
94-3024,GCF_000801185.2,GCF_000801185.2|WP_032149715.1,,hypothetical protein,,
94-3024,GCF_000801185.2,GCF_000801185.2|WP_032150120.1,,hypothetical protein,,
94-3024,GCF_000801185.2,GCF_000801185.2|WP_032317051.1,,PAAR domain-containing protein,zinc ion binding|0008270||IEA,GO:0008270
94-3024,GCF_000801185.2,GCF_000801185.2|WP_032317171.1,,PAAR/RHS domain-containing protein,,
94-3024,GCF_000801185.2,GCF_000801185.2|WP_039259893.1,,hypothetical protein,,
94-3024,GCF_000801185.2,GCF_000801185.2|WP_039259895.1,,Rha family phage regulatory protein,,
94-3024,GCF_000801185.2,GCF_000801185.2|WP_040118366.1,,DotA/TraY family protein,,
94-3024,GCF_000801185.2,GCF_000801185.2|WP_040118372.1,,hypothetical protein,,
94-3024,GCF_000801185.2,GCF_000801185.2|WP_040118377.1,pilO2,type 4b pilus protein PilO2,,
94-3024,GCF_000801185.2,GCF_000801185.2|WP_071883250.1,,prepilin-type N-terminal cleavage/methylation domain-containing protein,,
94-3024,GCF_000801185.2,GCF_000801185.2|WP_129560323.1,,hypothetical protein,,
94-3024,GCF_000801185.2,GCF_000801185.2|WP_148935988.1,,conjugal transfer protein TraT,,
94-3024,GCF_000801185.2,GCF_000801185.2|WP_148936795.1,,hypothetical protein,,
94-3024,GCF_000801185.2,GCF_000801185.2|WP_157903494.1,,hypothetical protein,,
94-3024,GCF_000801185.2,GCF_000801185.2|WP_172968413.1,,hypothetical protein,,
94-3024,GCF_000801185.2,GCF_000801185.2|WP_187642537.1,,hypothetical protein,,
94-3024,GCF_000801185.2,GCF_000801185.2|WP_244469305.1,,hypothetical protein,,
94-3024,GCF_000801185.2,GCF_000801185.2|WP_249399658.1,,PAAR domain-containing protein,,
94-3024,GCF_000801185.2,GCF_000801185.2|WP_306292336.1,,arginase,,
94-3024,GCF_000801185.2,GCF_000801185.2|WP_306308498.1,,hypothetical protein,,
94-3024,GCF_000801185.2,GCF_000801185.2|WP_418886025.1,,hypothetical protein,,
94-3024,GCF_000801185.2,GCF_000801185.2|WP_418886155.1,lysC,Rz1-like lysis system protein LysC,,
C41(DE3),GCF_000830035.1,GCF_000830035.1|WP_000026224.1,,hypothetical protein,,
C41(DE3),GCF_000830035.1,GCF_000830035.1|WP_000172051.1,,hypothetical protein,,
C41(DE3),GCF_000830035.1,GCF_000830035.1|WP_000256575.1,,hypothetical protein,,
C41(DE3),GCF_000830035.1,GCF_000830035.1|WP_000889232.1,,hypothetical protein,,
C41(DE3),GCF_000830035.1,GCF_000830035.1|WP_001092355.1,,DNA-directed RNA polymerase,,
C41(DE3),GCF_000830035.1,GCF_000830035.1|WP_071842248.1,,hypothetical protein,,
BL21 (TaKaRa),GCF_000833145.1,GCF_000833145.1|WP_000002107.1,,ASCH domain-containing protein,RNA binding|0003723||IEA,GO:0003723
BL21 (TaKaRa),GCF_000833145.1,GCF_000833145.1|WP_000113283.1,,hypothetical protein,,
BL21 (TaKaRa),GCF_000833145.1,GCF_000833145.1|WP_000204789.1,,acyltransferase family protein,acyltransferase activity%2C transferring groups other than amino-acyl groups|0016747||IEA,GO:0016747
BL21 (TaKaRa),GCF_000833145.1,GCF_000833145.1|WP_000394418.1,,hypothetical protein,,
BL21 (TaKaRa),GCF_000833145.1,GCF_000833145.1|WP_000603805.1,,acyltransferase family protein,acyltransferase activity%2C transferring groups other than amino-acyl groups|0016747||IEA,GO:0016747
BL21 (TaKaRa),GCF_000833145.1,GCF_000833145.1|WP_000762846.1,,hypothetical protein,,
BL21 (TaKaRa),GCF_000833145.1,GCF_000833145.1|WP_001104982.1,,tail fiber assembly protein,,
BL21 (TaKaRa),GCF_000833145.1,GCF_000833145.1|WP_001305068.1,,hypothetical protein,,
BL21 (TaKaRa),GCF_000833145.1,GCF_000833145.1|WP_012775983.1,,hypothetical protein,,
BL21 (TaKaRa),GCF_000833145.1,GCF_000833145.1|WP_225089326.1,,hypothetical protein,,
USML2,GCF_000833635.2,GCF_000833635.2|WP_006250222.1,,IS4-like element ISVsa5 family transposase,transposase activity|0004803||IEA,"GO:0006313,GO:0004803"
USML2,GCF_000833635.2,GCF_000833635.2|WP_072042501.1,,hypothetical protein,,
K-12 RV308,GCF_000952955.1,GCF_000952955.1|WP_071829664.1,,cold shock domain-containing protein,nucleic acid binding|0003676||IEA,GO:0003676
K-12 HMS174,GCF_000953515.1,GCF_000953515.1|WP_000052882.1,yffP,protein YffP,,
K-12 HMS174,GCF_000953515.1,GCF_000953515.1|WP_000398186.1,yffO,protein YffO,,
K-12 HMS174,GCF_000953515.1,GCF_000953515.1|WP_000458337.1,yffL,protein YffL,,
K-12 HMS174,GCF_000953515.1,GCF_000953515.1|WP_000683389.1,yffN,protein YffN,,
K-12 HMS174,GCF_000953515.1,GCF_000953515.1|WP_000770705.1,yffQ,protein YffQ,,
K-12 HMS174,GCF_000953515.1,GCF_000953515.1|WP_000865921.1,yffR,protein YffR,,
K-12 HMS174,GCF_000953515.1,GCF_000953515.1|WP_001270762.1,,hypothetical protein,,
K-12 HMS174,GCF_000953515.1,GCF_000953515.1|WP_010723122.1,yffM,protein YffM,,
K-12 HMS174,GCF_000953515.1,GCF_000953515.1|WP_010723125.1,yffS,protein YffS,,
CI5,GCF_000971615.1,GCF_000971615.1|WP_000019009.1,,LysR family transcriptional regulator,"DNA binding|0003677||IEA,DNA-binding transcription factor activity|0003700||IEA","GO:0006355,GO:0003677,GO:0003700"
CI5,GCF_000971615.1,GCF_000971615.1|WP_000106442.1,,hypothetical protein,,
CI5,GCF_000971615.1,GCF_000971615.1|WP_000152739.1,,DUF6088 family protein,,
CI5,GCF_000971615.1,GCF_000971615.1|WP_000152800.1,,type VI secretion lipoprotein TssJ,,
CI5,GCF_000971615.1,GCF_000971615.1|WP_000166365.1,,hypothetical protein,,
CI5,GCF_000971615.1,GCF_000971615.1|WP_000171568.1,,HP1 family phage holin,,
CI5,GCF_000971615.1,GCF_000971615.1|WP_000185422.1,,helix-turn-helix domain-containing protein,DNA binding|0003677||IEA,GO:0003677
CI5,GCF_000971615.1,GCF_000971615.1|WP_000207842.1,,HNH endonuclease,"nucleic acid binding|0003676||IEA,endonuclease activity|0004519||IEA,zinc ion binding|0008270||IEA","GO:0003676,GO:0004519,GO:0008270"
CI5,GCF_000971615.1,GCF_000971615.1|WP_000243498.1,bfpA,type IV pilus major subunit protein BfpA,,
CI5,GCF_000971615.1,GCF_000971615.1|WP_000342497.1,,nucleotidyl transferase AbiEii/AbiGii toxin family protein,,
CI5,GCF_000971615.1,GCF_000971615.1|WP_000360581.1,,phage protein Gp27 family protein,,
CI5,GCF_000971615.1,GCF_000971615.1|WP_000362155.1,,hypothetical protein,,
CI5,GCF_000971615.1,GCF_000971615.1|WP_000371307.1,,DUF4145 domain-containing protein,,
CI5,GCF_000971615.1,GCF_000971615.1|WP_000391950.1,,transcriptional regulator,,
CI5,GCF_000971615.1,GCF_000971615.1|WP_000402944.1,,hypothetical protein,,
CI5,GCF_000971615.1,GCF_000971615.1|WP_000450723.1,,hypothetical protein,,
CI5,GCF_000971615.1,GCF_000971615.1|WP_000451345.1,,hypothetical protein,,
CI5,GCF_000971615.1,GCF_000971615.1|WP_000460900.1,,phage regulatory CII family protein,,
CI5,GCF_000971615.1,GCF_000971615.1|WP_000469794.1,,metal-dependent hydrolase,,
CI5,GCF_000971615.1,GCF_000971615.1|WP_000581650.1,,DUF4411 family protein,,
CI5,GCF_000971615.1,GCF_000971615.1|WP_000622057.1,,hypothetical protein,,
CI5,GCF_000971615.1,GCF_000971615.1|WP_000625667.1,,DUF2254 domain-containing protein,,
CI5,GCF_000971615.1,GCF_000971615.1|WP_000628099.1,traS,conjugal transfer entry exclusion protein TraS,,
CI5,GCF_000971615.1,GCF_000971615.1|WP_000702013.1,,esterase-like activity of phytase family protein,,
CI5,GCF_000971615.1,GCF_000971615.1|WP_000737725.1,,hypothetical protein,,
CI5,GCF_000971615.1,GCF_000971615.1|WP_000741702.1,,ImmA/IrrE family metallo-endopeptidase,,
CI5,GCF_000971615.1,GCF_000971615.1|WP_000763311.1,,GpE family phage tail protein,,
CI5,GCF_000971615.1,GCF_000971615.1|WP_000773311.1,,hypothetical protein,,
CI5,GCF_000971615.1,GCF_000971615.1|WP_000835433.1,,type I secretion system permease/ATPase,"ATP binding|0005524||IEA,ATP hydrolysis activity|0016887||IEA,ATPase-coupled lipid transmembrane transporter activity|0034040||IEA,ABC-type transporter activity|0140359||IEA","GO:0030253,GO:0005524,GO:0016887,GO:0034040,GO:0140359,GO:0030256"
CI5,GCF_000971615.1,GCF_000971615.1|WP_000852372.1,,Mor transcription activator family protein,,
CI5,GCF_000971615.1,GCF_000971615.1|WP_000872077.1,,hypothetical protein,,
CI5,GCF_000971615.1,GCF_000971615.1|WP_000930136.1,,hypothetical protein,,
CI5,GCF_000971615.1,GCF_000971615.1|WP_000993248.1,,hypothetical protein,,
CI5,GCF_000971615.1,GCF_000971615.1|WP_000996717.1,,DUF5347 domain-containing protein,,
CI5,GCF_000971615.1,GCF_000971615.1|WP_001039467.1,,hypothetical protein,,
CI5,GCF_000971615.1,GCF_000971615.1|WP_001060171.1,,DUF2608 domain-containing protein,,
CI5,GCF_000971615.1,GCF_000971615.1|WP_001066128.1,,hypothetical protein,,
CI5,GCF_000971615.1,GCF_000971615.1|WP_001072337.1,,helix-turn-helix transcriptional regulator,"DNA binding|0003677||IEA,DNA-binding transcription factor activity|0003700||IEA","GO:0006355,GO:0003677,GO:0003700"
CI5,GCF_000971615.1,GCF_000971615.1|WP_001132895.1,,type II toxin-antitoxin system Phd/YefM family antitoxin,"DNA binding|0003677||IEA,toxin sequestering activity|0097351||IEA","GO:0006355,GO:0045927,GO:0003677,GO:0097351,GO:0110001"
CI5,GCF_000971615.1,GCF_000971615.1|WP_001244228.1,,DUF2732 family protein,,
CI5,GCF_000971615.1,GCF_000971615.1|WP_001266279.1,,helix-turn-helix domain-containing protein,,
CI5,GCF_000971615.1,GCF_000971615.1|WP_001267006.1,,hypothetical protein,,
CI5,GCF_000971615.1,GCF_000971615.1|WP_001279080.1,,VpaChn25_0724 family phage protein,,
CI5,GCF_000971615.1,GCF_000971615.1|WP_001281013.1,,phage tail assembly protein,,GO:0098003
CI5,GCF_000971615.1,GCF_000971615.1|WP_001315863.1,,SIS domain-containing protein,carbohydrate derivative binding|0097367||IEA,"GO:1901135,GO:0097367"
CI5,GCF_000971615.1,GCF_000971615.1|WP_001317336.1,,porin,,
CI5,GCF_000971615.1,GCF_000971615.1|WP_001350183.1,,phage filamentation protein Fil family protein,,
CI5,GCF_000971615.1,GCF_000971615.1|WP_001365705.1,tap,RepA leader peptide Tap,,"GO:0006276,GO:0031556"
CI5,GCF_000971615.1,GCF_000971615.1|WP_001402047.1,,flagellar hook-length control protein FliK,,
CI5,GCF_000971615.1,GCF_000971615.1|WP_001402123.1,tssL,type VI secretion system protein TssL%2C long form,,"GO:0033103,GO:0033104"
CI5,GCF_000971615.1,GCF_000971615.1|WP_001518830.1,,hypothetical protein,,
CI5,GCF_000971615.1,GCF_000971615.1|WP_001575658.1,,helix-turn-helix domain-containing protein,DNA binding|0003677||IEA,GO:0003677
CI5,GCF_000971615.1,GCF_000971615.1|WP_016262936.1,,hypothetical protein,,
CI5,GCF_000971615.1,GCF_000971615.1|WP_021568783.1,,GntR family transcriptional regulator,"DNA binding|0003677||IEA,DNA-binding transcription factor activity|0003700||IEA","GO:0003677,GO:0003700"
CI5,GCF_000971615.1,GCF_000971615.1|WP_021572669.1,,hypothetical protein,,
CI5,GCF_000971615.1,GCF_000971615.1|WP_023155945.1,,DUF6387 family protein,,
CI5,GCF_000971615.1,GCF_000971615.1|WP_024189479.1,,hypothetical protein,,
CI5,GCF_000971615.1,GCF_000971615.1|WP_028131426.1,,carbohydrate kinase family protein,"ATP binding|0005524||IEA,kinase activity|0016301||IEA,phosphotransferase activity%2C alcohol group as acceptor|0016773||IEA,carbohydrate kinase activity|0019200||IEA","GO:0005975,GO:0016310,GO:0005524,GO:0016301,GO:0016773,GO:0019200,GO:0005829"
CI5,GCF_000971615.1,GCF_000971615.1|WP_032164298.1,,Com family DNA-binding transcriptional regulator,,
CI5,GCF_000971615.1,GCF_000971615.1|WP_032200197.1,,DNZ54_00345 family protein,,
CI5,GCF_000971615.1,GCF_000971615.1|WP_032201390.1,,hypothetical protein,,
CI5,GCF_000971615.1,GCF_000971615.1|WP_032217617.1,tssM,type VI secretion system membrane subunit TssM,,GO:0033103
CI5,GCF_000971615.1,GCF_000971615.1|WP_032217640.1,,transcriptional regulator,DNA binding|0003677||IEA,GO:0003677
CI5,GCF_000971615.1,GCF_000971615.1|WP_032246098.1,,PAAR domain-containing protein,zinc ion binding|0008270||IEA,GO:0008270
CI5,GCF_000971615.1,GCF_000971615.1|WP_032325769.1,,tyrosine-type recombinase/integrase,site-specific recombinase activity|0009009||IEA,"GO:0006310,GO:0009009"
CI5,GCF_000971615.1,GCF_000971615.1|WP_032325773.1,,hypothetical protein,,
CI5,GCF_000971615.1,GCF_000971615.1|WP_032325774.1,,ThiF family adenylyltransferase,ubiquitin-like modifier activating enzyme activity|0008641||IEA,GO:0008641
CI5,GCF_000971615.1,GCF_000971615.1|WP_033816661.1,,DUF2730 family protein,,
CI5,GCF_000971615.1,GCF_000971615.1|WP_034172990.1,,terminase small subunit,,
CI5,GCF_000971615.1,GCF_000971615.1|WP_034172997.1,,DUF826 domain-containing protein,,
CI5,GCF_000971615.1,GCF_000971615.1|WP_034173271.1,,helix-turn-helix domain-containing protein,"DNA binding|0003677||IEA,DNA-binding transcription factor activity|0003700||IEA","GO:0006355,GO:0003677,GO:0003700"
CI5,GCF_000971615.1,GCF_000971615.1|WP_042201934.1,,hypothetical protein,,
CI5,GCF_000971615.1,GCF_000971615.1|WP_042201937.1,,DUF4755 domain-containing protein,,
CI5,GCF_000971615.1,GCF_000971615.1|WP_042201948.1,,DUF3800 domain-containing protein,,
CI5,GCF_000971615.1,GCF_000971615.1|WP_042201950.1,,conjugal transfer protein TraD,,
CI5,GCF_000971615.1,GCF_000971615.1|WP_042202737.1,,hypothetical protein,,
CI5,GCF_000971615.1,GCF_000971615.1|WP_042202738.1,,hypothetical protein,,
CI5,GCF_000971615.1,GCF_000971615.1|WP_046201411.1,ltrA,group II intron reverse transcriptase/maturase,RNA-directed DNA polymerase activity|0003964||IEA,"GO:0000373,GO:0003964"
CI5,GCF_000971615.1,GCF_000971615.1|WP_046201419.1,,hypothetical protein,,
CI5,GCF_000971615.1,GCF_000971615.1|WP_046201420.1,,O-antigen polymerase,O antigen polymerase activity|0008755||IEA,"GO:0008755,GO:0016020"
CI5,GCF_000971615.1,GCF_000971615.1|WP_046201421.1,,glycosyltransferase family 2 protein,glycosyltransferase activity|0016757||IEA,GO:0016757
CI5,GCF_000971615.1,GCF_000971615.1|WP_046201422.1,,oligosaccharide flippase family protein,,GO:0016020
CI5,GCF_000971615.1,GCF_000971615.1|WP_046201424.1,,glycosyltransferase family 2 protein,glycosyltransferase activity|0016757||IEA,GO:0016757
CI5,GCF_000971615.1,GCF_000971615.1|WP_046201429.1,,DNA-binding protein,,
CI5,GCF_000971615.1,GCF_000971615.1|WP_046201430.1,,DUF6602 domain-containing protein,,
CI5,GCF_000971615.1,GCF_000971615.1|WP_046201431.1,,DUF4756 family protein,,
CI5,GCF_000971615.1,GCF_000971615.1|WP_046201432.1,,hypothetical protein,,
CI5,GCF_000971615.1,GCF_000971615.1|WP_046201433.1,,replication/maintenance protein RepL,,"GO:0006260,GO:0006276"
CI5,GCF_000971615.1,GCF_000971615.1|WP_046201434.1,,hypothetical protein,,
CI5,GCF_000971615.1,GCF_000971615.1|WP_046201435.1,,DUF4238 domain-containing protein,,
CI5,GCF_000971615.1,GCF_000971615.1|WP_046201436.1,,lipoprotein,,
CI5,GCF_000971615.1,GCF_000971615.1|WP_046201438.1,mobQ,MobQ family relaxase,,
CI5,GCF_000971615.1,GCF_000971615.1|WP_046201439.1,pilV,shufflon system plasmid conjugative transfer pilus tip adhesin PilV,,
CI5,GCF_000971615.1,GCF_000971615.1|WP_046201440.1,,hypothetical protein,,
CI5,GCF_000971615.1,GCF_000971615.1|WP_046201471.1,,Hok/Gef family protein,,GO:0016020
CI5,GCF_000971615.1,GCF_000971615.1|WP_046201483.1,,RusA family crossover junction endodeoxyribonuclease,,
CI5,GCF_000971615.1,GCF_000971615.1|WP_046201501.1,,phage tail tape measure protein,structural molecule activity|0005198||IEA,"GO:0016032,GO:0005198"
CI5,GCF_000971615.1,GCF_000971615.1|WP_046201542.1,,hypothetical protein,,
CI5,GCF_000971615.1,GCF_000971615.1|WP_046201544.1,,DNA primase family protein,,
CI5,GCF_000971615.1,GCF_000971615.1|WP_046201547.1,,hypothetical protein,,
CI5,GCF_000971615.1,GCF_000971615.1|WP_046201550.1,,hypothetical protein,,
CI5,GCF_000971615.1,GCF_000971615.1|WP_046201602.1,,hypothetical protein,,
CI5,GCF_000971615.1,GCF_000971615.1|WP_046201603.1,,hypothetical protein,,
CI5,GCF_000971615.1,GCF_000971615.1|WP_046201604.1,,DUF826 domain-containing protein,,
CI5,GCF_000971615.1,GCF_000971615.1|WP_046201607.1,,hypothetical protein,,
CI5,GCF_000971615.1,GCF_000971615.1|WP_046201609.1,,baseplate J/gp47 family protein,,
CI5,GCF_000971615.1,GCF_000971615.1|WP_046201613.1,,DNA circularization protein,,
CI5,GCF_000971615.1,GCF_000971615.1|WP_046201615.1,,phage tail assembly protein,,
CI5,GCF_000971615.1,GCF_000971615.1|WP_046201616.1,,phage tail tube protein,,
CI5,GCF_000971615.1,GCF_000971615.1|WP_046201618.1,,DUF2635 domain-containing protein,,
CI5,GCF_000971615.1,GCF_000971615.1|WP_046201622.1,,Mu-like prophage major head subunit gpT family protein,,
CI5,GCF_000971615.1,GCF_000971615.1|WP_046201624.1,,phage virion morphogenesis protein,structural molecule activity|0005198||IEA,"GO:0016032,GO:0005198,GO:0044423"
CI5,GCF_000971615.1,GCF_000971615.1|WP_046201630.1,,hypothetical protein,,
CI5,GCF_000971615.1,GCF_000971615.1|WP_046201633.1,,DNA-binding protein,,
CI5,GCF_000971615.1,GCF_000971615.1|WP_046201634.1,,hypothetical protein,,
CI5,GCF_000971615.1,GCF_000971615.1|WP_046201637.1,,host-nuclease inhibitor Gam family protein,,
CI5,GCF_000971615.1,GCF_000971615.1|WP_046201639.1,,hypothetical protein,,
CI5,GCF_000971615.1,GCF_000971615.1|WP_046201640.1,,hypothetical protein,,
CI5,GCF_000971615.1,GCF_000971615.1|WP_046201641.1,,AAA family ATPase,ATP hydrolysis activity|0016887||IEA,GO:0016887
CI5,GCF_000971615.1,GCF_000971615.1|WP_046201643.1,,hypothetical protein,,
CI5,GCF_000971615.1,GCF_000971615.1|WP_046201661.1,,hypothetical protein,,
CI5,GCF_000971615.1,GCF_000971615.1|WP_046201662.1,,hypothetical protein,,
CI5,GCF_000971615.1,GCF_000971615.1|WP_046201663.1,,hypothetical protein,,
CI5,GCF_000971615.1,GCF_000971615.1|WP_046201664.1,,hypothetical protein,,
CI5,GCF_000971615.1,GCF_000971615.1|WP_046201665.1,,hypothetical protein,,
CI5,GCF_000971615.1,GCF_000971615.1|WP_046201666.1,,hypothetical protein,,
CI5,GCF_000971615.1,GCF_000971615.1|WP_046201667.1,,gp16 family protein,,
CI5,GCF_000971615.1,GCF_000971615.1|WP_046201669.1,,hypothetical protein,,
CI5,GCF_000971615.1,GCF_000971615.1|WP_046201670.1,,TraR/DksA family transcriptional regulator,,
CI5,GCF_000971615.1,GCF_000971615.1|WP_046201671.1,,hypothetical protein,,
CI5,GCF_000971615.1,GCF_000971615.1|WP_046201672.1,,phage head morphogenesis protein,,
CI5,GCF_000971615.1,GCF_000971615.1|WP_046201673.1,,phage protease,,
CI5,GCF_000971615.1,GCF_000971615.1|WP_046201674.1,,HI1506-related protein,,
CI5,GCF_000971615.1,GCF_000971615.1|WP_046201675.1,,gp436 family protein,,
CI5,GCF_000971615.1,GCF_000971615.1|WP_046201676.1,,DUF1834 family protein,,
CI5,GCF_000971615.1,GCF_000971615.1|WP_046201679.1,,tape measure protein,,
CI5,GCF_000971615.1,GCF_000971615.1|WP_046201682.1,,YmfQ family protein,,
CI5,GCF_000971615.1,GCF_000971615.1|WP_046201687.1,,hypothetical protein,,
CI5,GCF_000971615.1,GCF_000971615.1|WP_046201688.1,,DNA cytosine methyltransferase,"DNA binding|0003677||IEA,DNA (cytosine-5-)-methyltransferase activity|0003886||IEA,methyltransferase activity|0008168||IEA,S-adenosyl-L-methionine binding|1904047||IEA","GO:0006304,GO:0003677,GO:0003886,GO:0008168,GO:1904047"
CI5,GCF_000971615.1,GCF_000971615.1|WP_046201689.1,,hypothetical protein,,
CI5,GCF_000971615.1,GCF_000971615.1|WP_046201709.1,,tail fiber assembly protein,,
CI5,GCF_000971615.1,GCF_000971615.1|WP_046201715.1,,DUF935 domain-containing protein,,
CI5,GCF_000971615.1,GCF_000971615.1|WP_046201717.1,tssK,type VI secretion system baseplate subunit TssK,,GO:0033103
CI5,GCF_000971615.1,GCF_000971615.1|WP_046201718.1,,DotU family type IV/VI secretion system protein,,
CI5,GCF_000971615.1,GCF_000971615.1|WP_046201719.1,,type VI secretion protein IcmF/TssM N-terminal domain-containing protein,,
CI5,GCF_000971615.1,GCF_000971615.1|WP_046201721.1,,VasL domain-containing protein,,
CI5,GCF_000971615.1,GCF_000971615.1|WP_046201722.1,,hypothetical protein,,
CI5,GCF_000971615.1,GCF_000971615.1|WP_046201729.1,,helix-turn-helix transcriptional regulator,"DNA binding|0003677||IEA,DNA-binding transcription factor activity|0003700||IEA","GO:0006355,GO:0003677,GO:0003700"
CI5,GCF_000971615.1,GCF_000971615.1|WP_046201731.1,,TolC family protein,efflux transmembrane transporter activity|0015562||IEA,"GO:0055085,GO:0015562"
CI5,GCF_000971615.1,GCF_000971615.1|WP_046201741.1,,hypothetical protein,,
CI5,GCF_000971615.1,GCF_000971615.1|WP_046201743.1,,cytochrome b562,"iron ion binding|0005506||IEA,electron transfer activity|0009055||IEA,heme binding|0020037||IEA","GO:0022900,GO:0005506,GO:0009055,GO:0020037,GO:0042597"
CI5,GCF_000971615.1,GCF_000971615.1|WP_046201747.1,,type II toxin-antitoxin system RelE/ParE family toxin,toxin activity|0090729||IEA,"GO:0090729,GO:0110001"
CI5,GCF_000971615.1,GCF_000971615.1|WP_046201748.1,,hypothetical protein,,
CI5,GCF_000971615.1,GCF_000971615.1|WP_046201757.1,trbF,F-type conjugal transfer protein TrbF,,
CI5,GCF_000971615.1,GCF_000971615.1|WP_046201769.1,,hypothetical protein,,
CI5,GCF_000971615.1,GCF_000971615.1|WP_046201770.1,,hypothetical protein,,
CI5,GCF_000971615.1,GCF_000971615.1|WP_046201772.1,,hypothetical protein,,
CI5,GCF_000971615.1,GCF_000971615.1|WP_046201782.1,,conjugal transfer protein TraJ,,
CI5,GCF_000971615.1,GCF_000971615.1|WP_046201786.1,,hypothetical protein,,
CI5,GCF_000971615.1,GCF_000971615.1|WP_046201802.1,,tyrosine-type recombinase/integrase,site-specific recombinase activity|0009009||IEA,"GO:0006310,GO:0009009"
CI5,GCF_000971615.1,GCF_000971615.1|WP_046201804.1,,GntR family transcriptional regulator,"DNA binding|0003677||IEA,DNA-binding transcription factor activity|0003700||IEA","GO:0003677,GO:0003700"
CI5,GCF_000971615.1,GCF_000971615.1|WP_046201806.1,,YhcH/YjgK/YiaL family protein,,
CI5,GCF_000971615.1,GCF_000971615.1|WP_046201807.1,,sugar kinase,carbohydrate kinase activity|0019200||IEA,"GO:0005975,GO:0019200,GO:0005829"
CI5,GCF_000971615.1,GCF_000971615.1|WP_046201808.1,,C-terminal binding protein,"chromatin binding|0003682||IEA,transcription corepressor activity|0003714||IEA,oxidoreductase activity%2C acting on the CH-OH group of donors%2C NAD or NADP as acceptor|0016616||IEA,NAD+ binding|0070403||IEA,DNA-binding transcription factor binding|0140297||IEA","GO:0006351,GO:0003682,GO:0003714,GO:0016616,GO:0070403,GO:0140297"
CI5,GCF_000971615.1,GCF_000971615.1|WP_046201809.1,,MFS transporter,transmembrane transporter activity|0022857||IEA,"GO:0055085,GO:0022857"
CI5,GCF_000971615.1,GCF_000971615.1|WP_046201812.1,,hypothetical protein,,
CI5,GCF_000971615.1,GCF_000971615.1|WP_046201820.1,,hypothetical protein,,
CI5,GCF_000971615.1,GCF_000971615.1|WP_046201825.1,,hypothetical protein,,
CI5,GCF_000971615.1,GCF_000971615.1|WP_046201826.1,,lysozyme family protein,,
CI5,GCF_000971615.1,GCF_000971615.1|WP_046201827.1,tssF,type VI secretion system baseplate subunit TssF,,GO:0033103
CI5,GCF_000971615.1,GCF_000971615.1|WP_052734126.1,,protein-export chaperone SecB,,
CI5,GCF_000971615.1,GCF_000971615.1|WP_052734129.1,,alpha/beta hydrolase,hydrolase activity|0016787||IEA,GO:0016787
CI5,GCF_000971615.1,GCF_000971615.1|WP_052734131.1,,hypothetical protein,,
CI5,GCF_000971615.1,GCF_000971615.1|WP_058153243.1,,hypothetical protein,,
CI5,GCF_000971615.1,GCF_000971615.1|WP_071790912.1,,hypothetical protein,,
CI5,GCF_000971615.1,GCF_000971615.1|WP_071886252.1,,hypothetical protein,,
CI5,GCF_000971615.1,GCF_000971615.1|WP_071886256.1,,phage filamentation protein Fil family protein,,
CI5,GCF_000971615.1,GCF_000971615.1|WP_071886274.1,,replication protein RepA,,
CI5,GCF_000971615.1,GCF_000971615.1|WP_071886277.1,,hypothetical protein,,
CI5,GCF_000971615.1,GCF_000971615.1|WP_071886281.1,,hypothetical protein,,
CI5,GCF_000971615.1,GCF_000971615.1|WP_072134538.1,,hypothetical protein,,
CI5,GCF_000971615.1,GCF_000971615.1|WP_077787734.1,,phage baseplate assembly protein V,structural molecule activity|0005198||IEA,"GO:0019068,GO:0005198,GO:0044423"
CI5,GCF_000971615.1,GCF_000971615.1|WP_077787746.1,,fimbrial protein,,"GO:0007155,GO:0009289"
CI5,GCF_000971615.1,GCF_000971615.1|WP_077787749.1,,sialate O-acetylesterase,,
CI5,GCF_000971615.1,GCF_000971615.1|WP_099355921.1,,type IV secretion protein Rhs,,
CI5,GCF_000971615.1,GCF_000971615.1|WP_135452264.1,,hypothetical protein,,
CI5,GCF_000971615.1,GCF_000971615.1|WP_139108876.1,,hypothetical protein,,
CI5,GCF_000971615.1,GCF_000971615.1|WP_139108877.1,,hypothetical protein,,
CI5,GCF_000971615.1,GCF_000971615.1|WP_139108882.1,,fimbrial protein,,"GO:0007155,GO:0009289"
CI5,GCF_000971615.1,GCF_000971615.1|WP_144405567.1,,hypothetical protein,,
CI5,GCF_000971615.1,GCF_000971615.1|WP_144405573.1,tssG,type VI secretion system baseplate subunit TssG,,GO:0033103
CI5,GCF_000971615.1,GCF_000971615.1|WP_200896486.1,,hypothetical protein,,
CI5,GCF_000971615.1,GCF_000971615.1|WP_211114082.1,,hypothetical protein,,
CI5,GCF_000971615.1,GCF_000971615.1|WP_225387439.1,lysC,Rz1-like lysis system protein LysC,,
CI5,GCF_000971615.1,GCF_000971615.1|WP_225877598.1,,PAAR domain-containing protein,,
CI5,GCF_000971615.1,GCF_000971615.1|WP_244468206.1,,hypothetical protein,,
CI5,GCF_000971615.1,GCF_000971615.1|WP_244468207.1,,group II intron maturase-specific domain-containing protein,,
CI5,GCF_000971615.1,GCF_000971615.1|WP_244468208.1,,hypothetical protein,,
CI5,GCF_000971615.1,GCF_000971615.1|WP_244468209.1,,hypothetical protein,,
CI5,GCF_000971615.1,GCF_000971615.1|WP_244468210.1,,bacteriophage T4 gp5 trimerisation domain-containing protein,,
CI5,GCF_000971615.1,GCF_000971615.1|WP_244468211.1,,hypothetical protein,,
CI5,GCF_000971615.1,GCF_000971615.1|WP_244468212.1,,DUF6931 family protein,,
CI5,GCF_000971615.1,GCF_000971615.1|WP_244468215.1,,Ig-like domain-containing protein,,
CI5,GCF_000971615.1,GCF_000971615.1|WP_244468216.1,,helix-turn-helix domain-containing protein,,
CI5,GCF_000971615.1,GCF_000971615.1|WP_244468220.1,,AvrPphF family type III effector,,
CI5,GCF_000971615.1,GCF_000971615.1|WP_348271000.1,,host cell division inhibitor Icd-like protein,,
CI5,GCF_000971615.1,GCF_000971615.1|WP_348271003.1,,PapB/FocB family fimbrial expression transcriptional regulator,,GO:0006355
CI5,GCF_000971615.1,GCF_000971615.1|WP_407981370.1,,hypothetical protein,,
CI5,GCF_000971615.1,GCF_000971615.1|WP_409071766.1,,PapB/FocB family fimbrial expression transcriptional regulator,,GO:0006355
CI5,GCF_000971615.1,GCF_000971615.1|WP_409071767.1,,hypothetical protein,,
CI5,GCF_000971615.1,GCF_000971615.1|WP_432276681.1,,Mu transposase C-terminal domain-containing protein,,
SEC470,GCF_000987875.1,GCF_000987875.1|WP_000005570.1,,McrC family protein,,
SEC470,GCF_000987875.1,GCF_000987875.1|WP_000008726.1,,hypothetical protein,,
SEC470,GCF_000987875.1,GCF_000987875.1|WP_000008820.1,,ANR family transcriptional regulator,,
SEC470,GCF_000987875.1,GCF_000987875.1|WP_000012391.1,,hypothetical protein,,
SEC470,GCF_000987875.1,GCF_000987875.1|WP_000014505.1,,DNA-binding protein,,
SEC470,GCF_000987875.1,GCF_000987875.1|WP_000016209.1,,helix-turn-helix transcriptional regulator,DNA binding|0003677||IEA,GO:0003677
SEC470,GCF_000987875.1,GCF_000987875.1|WP_000019300.1,,ETEC_3214 family protein,,
SEC470,GCF_000987875.1,GCF_000987875.1|WP_000020242.1,,3-hydroxy-fatty acyl-ACP dehydratase,,
SEC470,GCF_000987875.1,GCF_000987875.1|WP_000021850.1,,hypothetical protein,,
SEC470,GCF_000987875.1,GCF_000987875.1|WP_000022949.1,,hypothetical protein,,
SEC470,GCF_000987875.1,GCF_000987875.1|WP_000025002.1,,hypothetical protein,,
SEC470,GCF_000987875.1,GCF_000987875.1|WP_000028685.1,,hypothetical protein,,
SEC470,GCF_000987875.1,GCF_000987875.1|WP_000033880.1,,hypothetical protein,,
SEC470,GCF_000987875.1,GCF_000987875.1|WP_000039786.1,,inverse autotransporter beta domain-containing protein,,
SEC470,GCF_000987875.1,GCF_000987875.1|WP_000039876.1,,DUF262 domain-containing protein,,
SEC470,GCF_000987875.1,GCF_000987875.1|WP_000045627.1,,hypothetical protein,,
SEC470,GCF_000987875.1,GCF_000987875.1|WP_000045904.1,,glycosyltransferase,glycosyltransferase activity|0016757||IEA,GO:0016757
SEC470,GCF_000987875.1,GCF_000987875.1|WP_000051355.1,,hypothetical protein,,
SEC470,GCF_000987875.1,GCF_000987875.1|WP_000051491.1,,hypothetical protein,,
SEC470,GCF_000987875.1,GCF_000987875.1|WP_000051843.1,,hypothetical protein,,
SEC470,GCF_000987875.1,GCF_000987875.1|WP_000056168.1,mzaC,MZA anti-phage system associated Z1 domain-containing protein MzaC,,GO:0051607
SEC470,GCF_000987875.1,GCF_000987875.1|WP_000061531.1,,helix-turn-helix domain-containing protein,DNA binding|0003677||IEA,GO:0003677
SEC470,GCF_000987875.1,GCF_000987875.1|WP_000063839.1,,RecT family recombinase,DNA binding|0003677||IEA,"GO:0006310,GO:0003677"
SEC470,GCF_000987875.1,GCF_000987875.1|WP_000086422.1,,DnaT-like ssDNA-binding domain-containing protein,,
SEC470,GCF_000987875.1,GCF_000987875.1|WP_000086751.1,,hypothetical protein,,
SEC470,GCF_000987875.1,GCF_000987875.1|WP_000089318.1,,RbtT/DalT/CsbX family MFS transporter,transmembrane transporter activity|0022857||IEA,"GO:0055085,GO:0022857,GO:0016020"
SEC470,GCF_000987875.1,GCF_000987875.1|WP_000090998.1,,phage tail tube protein,,
SEC470,GCF_000987875.1,GCF_000987875.1|WP_000105682.1,,autotransporter strand-loop-strand O-heptosyltransferase,glycosyltransferase activity|0016757||IEA,GO:0016757
SEC470,GCF_000987875.1,GCF_000987875.1|WP_000107474.1,,aldose 1-epimerase family protein,,
SEC470,GCF_000987875.1,GCF_000987875.1|WP_000108562.1,,tail fiber protein,,"GO:0019062,GO:0046718"
SEC470,GCF_000987875.1,GCF_000987875.1|WP_000114854.1,,CaiF/GrlA family transcriptional regulator,,GO:0006351
SEC470,GCF_000987875.1,GCF_000987875.1|WP_000115638.1,,glycosyltransferase family 2 protein,glycosyltransferase activity|0016757||IEA,"GO:0006486,GO:0016757"
SEC470,GCF_000987875.1,GCF_000987875.1|WP_000119841.1,,hypothetical protein,,
SEC470,GCF_000987875.1,GCF_000987875.1|WP_000122958.1,,hypothetical protein,,
SEC470,GCF_000987875.1,GCF_000987875.1|WP_000126105.1,,hypothetical protein,,
SEC470,GCF_000987875.1,GCF_000987875.1|WP_000132059.1,,acyl carrier protein,,GO:0006633
SEC470,GCF_000987875.1,GCF_000987875.1|WP_000133160.1,,hypothetical protein,,
SEC470,GCF_000987875.1,GCF_000987875.1|WP_000140405.1,ybtA,yersiniabactin transcriptional regulator YbtA,,
SEC470,GCF_000987875.1,GCF_000987875.1|WP_000148192.1,,hypothetical protein,,
SEC470,GCF_000987875.1,GCF_000987875.1|WP_000163452.1,,MT-A70 family methyltransferase,,
SEC470,GCF_000987875.1,GCF_000987875.1|WP_000179263.1,,hypothetical protein,,
SEC470,GCF_000987875.1,GCF_000987875.1|WP_000180166.1,,MMPL family transporter,,GO:0016020
SEC470,GCF_000987875.1,GCF_000987875.1|WP_000181940.1,,hypothetical protein,,
SEC470,GCF_000987875.1,GCF_000987875.1|WP_000184969.1,,phage head morphogenesis protein,,
SEC470,GCF_000987875.1,GCF_000987875.1|WP_000188903.1,,hypothetical protein,,
SEC470,GCF_000987875.1,GCF_000987875.1|WP_000194281.1,ybtT,yersiniabactin biosynthesis thioesterase YbtT,,
SEC470,GCF_000987875.1,GCF_000987875.1|WP_000198986.1,,LacI family DNA-binding transcriptional regulator,"DNA binding|0003677||IEA,DNA-binding transcription factor activity|0003700||IEA","GO:0006351,GO:0006355,GO:0003677,GO:0003700"
SEC470,GCF_000987875.1,GCF_000987875.1|WP_000200451.1,,hypothetical protein,,
SEC470,GCF_000987875.1,GCF_000987875.1|WP_000206747.1,,hypothetical protein,,
SEC470,GCF_000987875.1,GCF_000987875.1|WP_000207019.1,,phage holin family protein,,
SEC470,GCF_000987875.1,GCF_000987875.1|WP_000208227.1,,hypothetical protein,,
SEC470,GCF_000987875.1,GCF_000987875.1|WP_000210399.1,mzaB,MZA anti-phage system associated ATPase MzaB,,GO:0051607
SEC470,GCF_000987875.1,GCF_000987875.1|WP_000210446.1,,hypothetical protein,,
SEC470,GCF_000987875.1,GCF_000987875.1|WP_000213605.1,,hypothetical protein,,
SEC470,GCF_000987875.1,GCF_000987875.1|WP_000224835.1,,hypothetical protein,,
SEC470,GCF_000987875.1,GCF_000987875.1|WP_000236492.1,,hypothetical protein,,
SEC470,GCF_000987875.1,GCF_000987875.1|WP_000248953.1,,restriction endonuclease subunit S,DNA binding|0003677||IEA,"GO:0006304,GO:0003677"
SEC470,GCF_000987875.1,GCF_000987875.1|WP_000251941.1,mzaD,MZA anti-phage system associated PD-(D/E)XK motif protein MzaD,,GO:0051607
SEC470,GCF_000987875.1,GCF_000987875.1|WP_000256718.1,,hypothetical protein,,
SEC470,GCF_000987875.1,GCF_000987875.1|WP_000256735.1,,hypothetical protein,,
SEC470,GCF_000987875.1,GCF_000987875.1|WP_000263650.1,,hypothetical protein,,
SEC470,GCF_000987875.1,GCF_000987875.1|WP_000268716.1,,major capsid protein,,
SEC470,GCF_000987875.1,GCF_000987875.1|WP_000273201.1,,methyltransferase,O-methyltransferase activity|0008171||IEA,GO:0008171
SEC470,GCF_000987875.1,GCF_000987875.1|WP_000280683.1,,hypothetical protein,,
SEC470,GCF_000987875.1,GCF_000987875.1|WP_000281082.1,,hypothetical protein,,
SEC470,GCF_000987875.1,GCF_000987875.1|WP_000281555.1,,helix-turn-helix transcriptional regulator,"DNA binding|0003677||IEA,DNA-binding transcription factor activity|0003700||IEA","GO:0006355,GO:0003677,GO:0003700"
SEC470,GCF_000987875.1,GCF_000987875.1|WP_000284450.1,,plasmid pRiA4b ORF-3 family protein,,
SEC470,GCF_000987875.1,GCF_000987875.1|WP_000287502.1,,peptidoglycan DD-metalloendopeptidase family protein,,
SEC470,GCF_000987875.1,GCF_000987875.1|WP_000290346.1,,membrane protein,,
SEC470,GCF_000987875.1,GCF_000987875.1|WP_000312945.1,,VRR-NUC domain-containing protein,,
SEC470,GCF_000987875.1,GCF_000987875.1|WP_000332264.1,,tyrosine-type recombinase/integrase,site-specific recombinase activity|0009009||IEA,"GO:0006310,GO:0009009"
SEC470,GCF_000987875.1,GCF_000987875.1|WP_000334867.1,,hypothetical protein,,
SEC470,GCF_000987875.1,GCF_000987875.1|WP_000337197.1,,virion core protein%2C T7 gp14 family,,
SEC470,GCF_000987875.1,GCF_000987875.1|WP_000343747.1,,IS256-like element IS1414 family transposase,transposase activity|0004803||IEA,"GO:0006313,GO:0004803"
SEC470,GCF_000987875.1,GCF_000987875.1|WP_000355476.1,,LEM-3-like GIY-YIG domain-containing protein,,
SEC470,GCF_000987875.1,GCF_000987875.1|WP_000360015.1,,hypothetical protein,,
SEC470,GCF_000987875.1,GCF_000987875.1|WP_000366614.1,,McrB family protein,"ATP binding|0005524||IEA,ATP hydrolysis activity|0016887||IEA","GO:0005524,GO:0016887"
SEC470,GCF_000987875.1,GCF_000987875.1|WP_000369498.1,irp1,yersiniabactin polyketide synthase HMWP1,,
SEC470,GCF_000987875.1,GCF_000987875.1|WP_000383554.1,,YmfQ family protein,,
SEC470,GCF_000987875.1,GCF_000987875.1|WP_000390070.1,,hypothetical protein,,
SEC470,GCF_000987875.1,GCF_000987875.1|WP_000392424.1,,hypothetical protein,,
SEC470,GCF_000987875.1,GCF_000987875.1|WP_000402895.1,,hypothetical protein,,
SEC470,GCF_000987875.1,GCF_000987875.1|WP_000412539.1,,hypothetical protein,,
SEC470,GCF_000987875.1,GCF_000987875.1|WP_000413229.1,,hypothetical protein,,
SEC470,GCF_000987875.1,GCF_000987875.1|WP_000415817.1,,hypothetical protein,,
SEC470,GCF_000987875.1,GCF_000987875.1|WP_000419015.1,mzaE,MZA anti-phage system associated AIPR family protein MzaE,,GO:0051607
SEC470,GCF_000987875.1,GCF_000987875.1|WP_000424489.1,gp10,capsid staple protein,,
SEC470,GCF_000987875.1,GCF_000987875.1|WP_000434627.1,leoA,toxin secretory dynamin-like GTPase LeoA,,
SEC470,GCF_000987875.1,GCF_000987875.1|WP_000438163.1,,DEAD/DEAH box helicase family protein,"DNA binding|0003677||IEA,ATP binding|0005524||IEA,hydrolase activity|0016787||IEA","GO:0003677,GO:0005524,GO:0016787"
SEC470,GCF_000987875.1,GCF_000987875.1|WP_000451762.1,,hypothetical protein,,
SEC470,GCF_000987875.1,GCF_000987875.1|WP_000458584.1,,Panacea domain-containing protein,,
SEC470,GCF_000987875.1,GCF_000987875.1|WP_000462045.1,,hypothetical protein,,
SEC470,GCF_000987875.1,GCF_000987875.1|WP_000472086.1,,hypothetical protein,,
SEC470,GCF_000987875.1,GCF_000987875.1|WP_000476150.1,,DUF4222 domain-containing protein,,
SEC470,GCF_000987875.1,GCF_000987875.1|WP_000488333.1,,hypothetical protein,,
SEC470,GCF_000987875.1,GCF_000987875.1|WP_000497757.1,,DUF2635 domain-containing protein,,
SEC470,GCF_000987875.1,GCF_000987875.1|WP_000515818.1,,helix-turn-helix transcriptional regulator,"DNA binding|0003677||IEA,DNA-binding transcription factor activity|0003700||IEA","GO:0006355,GO:0003677,GO:0003700"
SEC470,GCF_000987875.1,GCF_000987875.1|WP_000539505.1,wzy,O78 family O-antigen polymerase,,
SEC470,GCF_000987875.1,GCF_000987875.1|WP_000551021.1,,hypothetical protein,,
SEC470,GCF_000987875.1,GCF_000987875.1|WP_000554685.1,,hypothetical protein,,
SEC470,GCF_000987875.1,GCF_000987875.1|WP_000555092.1,mzaA,MZA anti-phage system associated sigma-70 family RNA polymerase sigma factor MzaA,"DNA-binding transcription factor activity|0003700||IEA,sigma factor activity|0016987||IEA","GO:0006355,GO:0051607,GO:0003700,GO:0016987"
SEC470,GCF_000987875.1,GCF_000987875.1|WP_000567466.1,,helix-turn-helix domain-containing protein,DNA binding|0003677||IEA,GO:0003677
SEC470,GCF_000987875.1,GCF_000987875.1|WP_000588338.1,,hypothetical protein,,
SEC470,GCF_000987875.1,GCF_000987875.1|WP_000597696.1,,DUF3261 domain-containing protein,,
SEC470,GCF_000987875.1,GCF_000987875.1|WP_000600822.1,,hypothetical protein,,
SEC470,GCF_000987875.1,GCF_000987875.1|WP_000623034.1,irp2,yersiniabactin non-ribosomal peptide synthetase HMWP2,non-ribosomal peptide synthetase activity|1904091||IEA,GO:1904091
SEC470,GCF_000987875.1,GCF_000987875.1|WP_000627061.1,,Bbp16 family capsid cement protein,,
SEC470,GCF_000987875.1,GCF_000987875.1|WP_000627733.1,,type I restriction-modification system subunit M,"DNA binding|0003677||IEA,methyltransferase activity|0008168||IEA,S-adenosyl-L-methionine binding|1904047||IEA","GO:0009307,GO:0003677,GO:0008168,GO:1904047"
SEC470,GCF_000987875.1,GCF_000987875.1|WP_000637738.1,,DUF2514 domain-containing protein,,
SEC470,GCF_000987875.1,GCF_000987875.1|WP_000640254.1,,restriction endonuclease,,
SEC470,GCF_000987875.1,GCF_000987875.1|WP_000651450.1,,GrlR family regulatory protein,,
SEC470,GCF_000987875.1,GCF_000987875.1|WP_000658303.1,,sce7726 family protein,,
SEC470,GCF_000987875.1,GCF_000987875.1|WP_000661047.1,,phage tail assembly protein,,GO:0098003
SEC470,GCF_000987875.1,GCF_000987875.1|WP_000668950.1,,N-6 DNA methylase,"DNA binding|0003677||IEA,N-methyltransferase activity|0008170||IEA","GO:0003677,GO:0008170"
SEC470,GCF_000987875.1,GCF_000987875.1|WP_000670565.1,,LolA family protein,,
SEC470,GCF_000987875.1,GCF_000987875.1|WP_000675390.1,,helix-turn-helix transcriptional regulator,"DNA binding|0003677||IEA,DNA-binding transcription factor activity|0003700||IEA","GO:0006355,GO:0003677,GO:0003700"
SEC470,GCF_000987875.1,GCF_000987875.1|WP_000676503.1,,hypothetical protein,,
SEC470,GCF_000987875.1,GCF_000987875.1|WP_000677831.1,,relaxase/mobilization nuclease domain-containing protein,,
SEC470,GCF_000987875.1,GCF_000987875.1|WP_000678612.1,,hypothetical protein,,
SEC470,GCF_000987875.1,GCF_000987875.1|WP_000679479.1,,hypothetical protein,,
SEC470,GCF_000987875.1,GCF_000987875.1|WP_000680585.1,,hypothetical protein,,
SEC470,GCF_000987875.1,GCF_000987875.1|WP_000694952.1,copM,CopM family metallochaperone,metallochaperone activity|0016530||IEA,"GO:0055070,GO:0016530"
SEC470,GCF_000987875.1,GCF_000987875.1|WP_000702407.1,,phage head closure protein,structural molecule activity|0005198||IEA,"GO:0019068,GO:0005198,GO:0044423"
SEC470,GCF_000987875.1,GCF_000987875.1|WP_000703040.1,ybtS,yersiniabactin biosynthesis salicylate synthase Irp9/YbtS,,
SEC470,GCF_000987875.1,GCF_000987875.1|WP_000705928.1,,PTS sugar transporter subunit IIB,protein-N(PI)-phosphohistidine-sugar phosphotransferase activity|0008982||IEA,"GO:0008643,GO:0009401,GO:0008982"
SEC470,GCF_000987875.1,GCF_000987875.1|WP_000707067.1,,AAA family ATPase,"ATP binding|0005524||IEA,ATP hydrolysis activity|0016887||IEA","GO:0005524,GO:0016887"
SEC470,GCF_000987875.1,GCF_000987875.1|WP_000708681.1,,hypothetical protein,,
SEC470,GCF_000987875.1,GCF_000987875.1|WP_000708858.1,,hypothetical protein,,
SEC470,GCF_000987875.1,GCF_000987875.1|WP_000710653.1,,DUF726 domain-containing protein,,
SEC470,GCF_000987875.1,GCF_000987875.1|WP_000714422.1,,beta family protein,,
SEC470,GCF_000987875.1,GCF_000987875.1|WP_000722269.1,,glycosyltransferase,glycosyltransferase activity|0016757||IEA,"GO:0006486,GO:0016757"
SEC470,GCF_000987875.1,GCF_000987875.1|WP_000729826.1,,hypothetical protein,,
SEC470,GCF_000987875.1,GCF_000987875.1|WP_000738066.1,,hypothetical protein,,
SEC470,GCF_000987875.1,GCF_000987875.1|WP_000747951.1,,Cro/CI family transcriptional regulator,,
SEC470,GCF_000987875.1,GCF_000987875.1|WP_000753060.1,,hypothetical protein,,
SEC470,GCF_000987875.1,GCF_000987875.1|WP_000758228.1,,DUF411 domain-containing protein,,
SEC470,GCF_000987875.1,GCF_000987875.1|WP_000766102.1,,phage major capsid protein,structural molecule activity|0005198||IEA,"GO:0019068,GO:0005198,GO:0044423"
SEC470,GCF_000987875.1,GCF_000987875.1|WP_000769004.1,,DUF2815 family protein,,
SEC470,GCF_000987875.1,GCF_000987875.1|WP_000770125.1,,sel1 repeat family protein,,
SEC470,GCF_000987875.1,GCF_000987875.1|WP_000774665.1,,phage tail tape measure protein,structural molecule activity|0005198||IEA,"GO:0016032,GO:0005198"
SEC470,GCF_000987875.1,GCF_000987875.1|WP_000779287.1,,phage tail terminator protein,,
SEC470,GCF_000987875.1,GCF_000987875.1|WP_000779566.1,,hypothetical protein,,
SEC470,GCF_000987875.1,GCF_000987875.1|WP_000784545.1,fyuA,siderophore yersiniabactin receptor FyuA,,
SEC470,GCF_000987875.1,GCF_000987875.1|WP_000785312.1,,baseplate J/gp47 family protein,,
SEC470,GCF_000987875.1,GCF_000987875.1|WP_000786770.1,,helix-turn-helix domain-containing protein,DNA binding|0003677||IEA,GO:0003677
SEC470,GCF_000987875.1,GCF_000987875.1|WP_000790483.1,silE,silver-binding protein SilE,metal ion binding|0046872||IEA,GO:0046872
SEC470,GCF_000987875.1,GCF_000987875.1|WP_000801965.1,,hypothetical protein,,
SEC470,GCF_000987875.1,GCF_000987875.1|WP_000805233.1,,MarR family transcriptional regulator,"DNA binding|0003677||IEA,DNA-binding transcription factor activity|0003700||IEA","GO:0006355,GO:0003677,GO:0003700"
SEC470,GCF_000987875.1,GCF_000987875.1|WP_000805520.1,,hypothetical protein,,
SEC470,GCF_000987875.1,GCF_000987875.1|WP_000807199.1,,phage tail tape measure protein,structural molecule activity|0005198||IEA,"GO:0016032,GO:0005198"
SEC470,GCF_000987875.1,GCF_000987875.1|WP_000809341.1,,LuxR C-terminal-related transcriptional regulator,,GO:0006355
SEC470,GCF_000987875.1,GCF_000987875.1|WP_000813455.1,,hypothetical protein,,
SEC470,GCF_000987875.1,GCF_000987875.1|WP_000821231.1,,hypothetical protein,,
SEC470,GCF_000987875.1,GCF_000987875.1|WP_000833174.1,,hypothetical protein,,
SEC470,GCF_000987875.1,GCF_000987875.1|WP_000833651.1,,DUF3927 family protein,,
SEC470,GCF_000987875.1,GCF_000987875.1|WP_000836290.1,,helix-turn-helix domain-containing protein,,
SEC470,GCF_000987875.1,GCF_000987875.1|WP_000838376.1,,hypothetical protein,,
SEC470,GCF_000987875.1,GCF_000987875.1|WP_000843494.1,,DUF2933 domain-containing protein,,
SEC470,GCF_000987875.1,GCF_000987875.1|WP_000852155.1,,portal protein,,
SEC470,GCF_000987875.1,GCF_000987875.1|WP_000859350.1,,hypothetical protein,,
SEC470,GCF_000987875.1,GCF_000987875.1|WP_000872050.1,,hypothetical protein,,
SEC470,GCF_000987875.1,GCF_000987875.1|WP_000875105.1,,ImmA/IrrE family metallo-endopeptidase,,
SEC470,GCF_000987875.1,GCF_000987875.1|WP_000902356.1,,hypothetical protein,,
SEC470,GCF_000987875.1,GCF_000987875.1|WP_000923139.1,,phage portal protein,structural molecule activity|0005198||IEA,"GO:0019068,GO:0005198,GO:0044423"
SEC470,GCF_000987875.1,GCF_000987875.1|WP_000924830.1,,head-tail connector protein,,GO:0016032
SEC470,GCF_000987875.1,GCF_000987875.1|WP_000930891.1,,acyl-CoA thioesterase,"hydrolase activity|0016787||IEA,thiolester hydrolase activity|0016790||IEA","GO:0016787,GO:0016790"
SEC470,GCF_000987875.1,GCF_000987875.1|WP_000954400.1,,ash family protein,,
SEC470,GCF_000987875.1,GCF_000987875.1|WP_000958491.1,,helix-turn-helix transcriptional regulator,"DNA binding|0003677||IEA,DNA-binding transcription factor activity|0003700||IEA","GO:0006355,GO:0003677,GO:0003700"
SEC470,GCF_000987875.1,GCF_000987875.1|WP_000978019.1,,WavE lipopolysaccharide synthesis family protein,,
SEC470,GCF_000987875.1,GCF_000987875.1|WP_000982861.1,ybtU,yersiniabactin biosynthesis oxidoreductase YbtU,,
SEC470,GCF_000987875.1,GCF_000987875.1|WP_000987941.1,,hypothetical protein,,
SEC470,GCF_000987875.1,GCF_000987875.1|WP_001005132.1,,hypothetical protein,,
SEC470,GCF_000987875.1,GCF_000987875.1|WP_001009043.1,,hypothetical protein,,
SEC470,GCF_000987875.1,GCF_000987875.1|WP_001013349.1,,hypothetical protein,,
SEC470,GCF_000987875.1,GCF_000987875.1|WP_001016801.1,,SDR family oxidoreductase,oxidoreductase activity|0016491||IEA,GO:0016491
SEC470,GCF_000987875.1,GCF_000987875.1|WP_001018558.1,,hypothetical protein,,
SEC470,GCF_000987875.1,GCF_000987875.1|WP_001019190.1,,hypothetical protein,,
SEC470,GCF_000987875.1,GCF_000987875.1|WP_001024678.1,,hypothetical protein,,
SEC470,GCF_000987875.1,GCF_000987875.1|WP_001034307.1,,Eco57I restriction-modification methylase domain-containing protein,"DNA binding|0003677||IEA,catalytic activity|0003824||IEA","GO:0006304,GO:0003677,GO:0003824"
SEC470,GCF_000987875.1,GCF_000987875.1|WP_001040697.1,,STY1053 family phage-associated protein,,
SEC470,GCF_000987875.1,GCF_000987875.1|WP_001041560.1,,type I restriction-modification system subunit M N-terminal domain-containing protein,,
SEC470,GCF_000987875.1,GCF_000987875.1|WP_001051770.1,,hypothetical protein,,
SEC470,GCF_000987875.1,GCF_000987875.1|WP_001059592.1,,DNA-binding protein,,
SEC470,GCF_000987875.1,GCF_000987875.1|WP_001061106.1,,tyrosine-type recombinase/integrase,DNA binding|0003677||IEA,"GO:0006310,GO:0015074,GO:0003677"
SEC470,GCF_000987875.1,GCF_000987875.1|WP_001062150.1,,hypothetical protein,,
SEC470,GCF_000987875.1,GCF_000987875.1|WP_001064134.1,,hypothetical protein,,
SEC470,GCF_000987875.1,GCF_000987875.1|WP_001065741.1,,hypothetical protein,,
SEC470,GCF_000987875.1,GCF_000987875.1|WP_001066173.1,,super-infection exclusion protein B,,
SEC470,GCF_000987875.1,GCF_000987875.1|WP_001067212.1,,DUF6387 family protein,,
SEC470,GCF_000987875.1,GCF_000987875.1|WP_001075801.1,,glycoside hydrolase family 19 protein,hydrolase activity|0016787||IEA,GO:0016787
SEC470,GCF_000987875.1,GCF_000987875.1|WP_001077065.1,,acyl-CoA synthetase,,
SEC470,GCF_000987875.1,GCF_000987875.1|WP_001077332.1,,type I restriction endonuclease subunit R,"DNA binding|0003677||IEA,helicase activity|0004386||IEA,ATP binding|0005524||IEA,type I site-specific deoxyribonuclease activity|0009035||IEA,ATP hydrolysis activity|0016887||IEA","GO:0009307,GO:0003677,GO:0004386,GO:0005524,GO:0009035,GO:0016887"
SEC470,GCF_000987875.1,GCF_000987875.1|WP_001078959.1,,hypothetical protein,,
SEC470,GCF_000987875.1,GCF_000987875.1|WP_001091671.1,,PD-(D/E)XK nuclease-like domain-containing protein,,
SEC470,GCF_000987875.1,GCF_000987875.1|WP_001093358.1,,BRO-N domain-containing protein,DNA binding|0003677||IEA,GO:0003677
SEC470,GCF_000987875.1,GCF_000987875.1|WP_001093922.1,,pyocin activator PrtN family protein,,
SEC470,GCF_000987875.1,GCF_000987875.1|WP_001097566.1,,hypothetical protein,,
SEC470,GCF_000987875.1,GCF_000987875.1|WP_001102261.1,,hypothetical protein,,
SEC470,GCF_000987875.1,GCF_000987875.1|WP_001112736.1,,hypothetical protein,,
SEC470,GCF_000987875.1,GCF_000987875.1|WP_001113513.1,,DUF2800 domain-containing protein,,
SEC470,GCF_000987875.1,GCF_000987875.1|WP_001117825.1,,M15 family metallopeptidase,,
SEC470,GCF_000987875.1,GCF_000987875.1|WP_001121920.1,,tyrosine-type recombinase/integrase,site-specific recombinase activity|0009009||IEA,"GO:0006310,GO:0009009"
SEC470,GCF_000987875.1,GCF_000987875.1|WP_001128526.1,,competence protein CoiA,,
SEC470,GCF_000987875.1,GCF_000987875.1|WP_001129702.1,,hypothetical protein,,
SEC470,GCF_000987875.1,GCF_000987875.1|WP_001138287.1,,hypothetical protein,,
SEC470,GCF_000987875.1,GCF_000987875.1|WP_001138327.1,,tyrosine-type recombinase/integrase,,
SEC470,GCF_000987875.1,GCF_000987875.1|WP_001143617.1,,hypothetical protein,,
SEC470,GCF_000987875.1,GCF_000987875.1|WP_001147906.1,,hypothetical protein,,
SEC470,GCF_000987875.1,GCF_000987875.1|WP_001148680.1,,phosphopantetheine-binding protein,,
SEC470,GCF_000987875.1,GCF_000987875.1|WP_001159678.1,dsr1,anti-phage defense-associated sirtuin Dsr1,,
SEC470,GCF_000987875.1,GCF_000987875.1|WP_001164127.1,,tail fiber assembly protein,,GO:0098004
SEC470,GCF_000987875.1,GCF_000987875.1|WP_001171280.1,,hypothetical protein,,
SEC470,GCF_000987875.1,GCF_000987875.1|WP_001172377.1,,site-specific integrase,DNA binding|0003677||IEA,"GO:0006310,GO:0015074,GO:0003677"
SEC470,GCF_000987875.1,GCF_000987875.1|WP_001174014.1,,hypothetical protein,,
SEC470,GCF_000987875.1,GCF_000987875.1|WP_001177650.1,,lambda phage CII family protein,,
SEC470,GCF_000987875.1,GCF_000987875.1|WP_001180114.1,,phospholipase D-like domain-containing protein,,
SEC470,GCF_000987875.1,GCF_000987875.1|WP_001188253.1,,hypothetical protein,,
SEC470,GCF_000987875.1,GCF_000987875.1|WP_001191674.1,,helix-turn-helix domain-containing protein,DNA binding|0003677||IEA,GO:0003677
SEC470,GCF_000987875.1,GCF_000987875.1|WP_001198620.1,,hypothetical protein,,
SEC470,GCF_000987875.1,GCF_000987875.1|WP_001213770.1,,DNA cytosine methyltransferase,methyltransferase activity|0008168||IEA,GO:0008168
SEC470,GCF_000987875.1,GCF_000987875.1|WP_001221604.1,,zinc-ribbon domain-containing protein,,
SEC470,GCF_000987875.1,GCF_000987875.1|WP_001224659.1,,DUF7167 family protein,,
SEC470,GCF_000987875.1,GCF_000987875.1|WP_001231257.1,,DUF1064 domain-containing protein,,
SEC470,GCF_000987875.1,GCF_000987875.1|WP_001248445.1,,hypothetical protein,,
SEC470,GCF_000987875.1,GCF_000987875.1|WP_001248831.1,wzx,O78 family O-antigen flippase,,
SEC470,GCF_000987875.1,GCF_000987875.1|WP_001255892.1,,PD-(D/E)XK nuclease family protein,,
SEC470,GCF_000987875.1,GCF_000987875.1|WP_001259082.1,,phage baseplate assembly protein V,structural molecule activity|0005198||IEA,"GO:0019068,GO:0005198,GO:0044423"
SEC470,GCF_000987875.1,GCF_000987875.1|WP_001275998.1,,putative holin,,
SEC470,GCF_000987875.1,GCF_000987875.1|WP_001277856.1,,restriction endonuclease subunit S,DNA binding|0003677||IEA,"GO:0006304,GO:0003677"
SEC470,GCF_000987875.1,GCF_000987875.1|WP_001282459.1,,hypothetical protein,,
SEC470,GCF_000987875.1,GCF_000987875.1|WP_001283044.1,,hypothetical protein,,
SEC470,GCF_000987875.1,GCF_000987875.1|WP_001283169.1,,phage holin family protein,,
SEC470,GCF_000987875.1,GCF_000987875.1|WP_001285947.1,leoB,dynamin-like protein LeoB,,
SEC470,GCF_000987875.1,GCF_000987875.1|WP_001286281.1,ybtX,yersiniabactin-associated zinc MFS transporter YbtX,,
SEC470,GCF_000987875.1,GCF_000987875.1|WP_001288046.1,,hypothetical protein,,
SEC470,GCF_000987875.1,GCF_000987875.1|WP_001288821.1,,hypothetical protein,,
SEC470,GCF_000987875.1,GCF_000987875.1|WP_001290570.1,,M48 family metallopeptidase,"peptidase activity|0008233||IEA,metallopeptidase activity|0008237||IEA,zinc ion binding|0008270||IEA,hydrolase activity|0016787||IEA,metal ion binding|0046872||IEA","GO:0006508,GO:0008233,GO:0008237,GO:0008270,GO:0016787,GO:0046872"
SEC470,GCF_000987875.1,GCF_000987875.1|WP_001293588.1,,AAA domain-containing protein,,
SEC470,GCF_000987875.1,GCF_000987875.1|WP_001297666.1,,hypothetical protein,,
SEC470,GCF_000987875.1,GCF_000987875.1|WP_001304548.1,,hypothetical protein,,
SEC470,GCF_000987875.1,GCF_000987875.1|WP_001304725.1,,hypothetical protein,,
SEC470,GCF_000987875.1,GCF_000987875.1|WP_001312809.1,,hypothetical protein,,
SEC470,GCF_000987875.1,GCF_000987875.1|WP_001333284.1,,hypothetical protein,,
SEC470,GCF_000987875.1,GCF_000987875.1|WP_001344215.1,,hypothetical protein,,
SEC470,GCF_000987875.1,GCF_000987875.1|WP_001350102.1,,beta-ketoacyl-[acyl-carrier-protein] synthase family protein,,
SEC470,GCF_000987875.1,GCF_000987875.1|WP_001350104.1,,hypothetical protein,,
SEC470,GCF_000987875.1,GCF_000987875.1|WP_001350105.1,,lysophospholipid acyltransferase family protein,,
SEC470,GCF_000987875.1,GCF_000987875.1|WP_001350106.1,,beta-ketoacyl synthase chain length factor,,
SEC470,GCF_000987875.1,GCF_000987875.1|WP_001358311.1,,hypothetical protein,,
SEC470,GCF_000987875.1,GCF_000987875.1|WP_001363070.1,,hypothetical protein,,
SEC470,GCF_000987875.1,GCF_000987875.1|WP_001368802.1,hisL,his operon leader peptide,,GO:0000105
SEC470,GCF_000987875.1,GCF_000987875.1|WP_001387651.1,,recombinase family protein,"DNA strand exchange activity|0000150||IEA,DNA binding|0003677||IEA","GO:0006310,GO:0015074,GO:0000150,GO:0003677"
SEC470,GCF_000987875.1,GCF_000987875.1|WP_001387733.1,,hypothetical protein,,
SEC470,GCF_000987875.1,GCF_000987875.1|WP_001390632.1,,transposase,"DNA binding|0003677||IEA,transposase activity|0004803||IEA","GO:0006313,GO:0003677,GO:0004803"
SEC470,GCF_000987875.1,GCF_000987875.1|WP_001405000.1,,hypothetical protein,,
SEC470,GCF_000987875.1,GCF_000987875.1|WP_001406039.1,,replication protein P,,GO:0006270
SEC470,GCF_000987875.1,GCF_000987875.1|WP_001407729.1,tssB,type VI secretion system contractile sheath small subunit,,GO:0033103
SEC470,GCF_000987875.1,GCF_000987875.1|WP_001420344.1,,LexA family protein,DNA binding|0003677||IEA,"GO:0045892,GO:0003677"
SEC470,GCF_000987875.1,GCF_000987875.1|WP_001433668.1,,hypothetical protein,,
SEC470,GCF_000987875.1,GCF_000987875.1|WP_001514621.1,silP,Ag(+)-translocating P-type ATPase SilP,,
SEC470,GCF_000987875.1,GCF_000987875.1|WP_001520086.1,,VapE domain-containing protein,,
SEC470,GCF_000987875.1,GCF_000987875.1|WP_001542448.1,,hypothetical protein,,
SEC470,GCF_000987875.1,GCF_000987875.1|WP_001573251.1,,hypothetical protein,,
SEC470,GCF_000987875.1,GCF_000987875.1|WP_001598196.1,,IS110 family transposase,transposase activity|0004803||IEA,GO:0004803
SEC470,GCF_000987875.1,GCF_000987875.1|WP_001673482.1,,hypothetical protein,,
SEC470,GCF_000987875.1,GCF_000987875.1|WP_008322898.1,,tyrosine-type recombinase/integrase,site-specific recombinase activity|0009009||IEA,"GO:0006310,GO:0009009"
SEC470,GCF_000987875.1,GCF_000987875.1|WP_014639837.1,,DNA circularization protein,,
SEC470,GCF_000987875.1,GCF_000987875.1|WP_014639840.1,,DUF5906 domain-containing protein,,
SEC470,GCF_000987875.1,GCF_000987875.1|WP_014639927.1,,hypothetical protein,,
SEC470,GCF_000987875.1,GCF_000987875.1|WP_014639930.1,,hypothetical protein,,
SEC470,GCF_000987875.1,GCF_000987875.1|WP_014639948.1,istA,IS21-like element IS100 family transposase,transposase activity|0004803||IEA,"GO:0006313,GO:0004803"
SEC470,GCF_000987875.1,GCF_000987875.1|WP_014639990.1,,hypothetical protein,,
SEC470,GCF_000987875.1,GCF_000987875.1|WP_014639992.1,,hypothetical protein,,
SEC470,GCF_000987875.1,GCF_000987875.1|WP_014640011.1,istB,IS21-like element IS100kyp family helper ATPase IstB,,
SEC470,GCF_000987875.1,GCF_000987875.1|WP_014640033.1,leoC,dynamin-like protein LeoC,,
SEC470,GCF_000987875.1,GCF_000987875.1|WP_014640052.1,,hypothetical protein,,
SEC470,GCF_000987875.1,GCF_000987875.1|WP_014640085.1,,phage N-6-adenine-methyltransferase,"DNA binding|0003677||IEA,site-specific DNA-methyltransferase (adenine-specific) activity|0009007||IEA","GO:0009307,GO:0003677,GO:0009007"
SEC470,GCF_000987875.1,GCF_000987875.1|WP_024185651.1,,PerC family transcriptional regulator,,
SEC470,GCF_000987875.1,GCF_000987875.1|WP_032162305.1,,hypothetical protein,,
SEC470,GCF_000987875.1,GCF_000987875.1|WP_052604443.1,,hypothetical protein,,
SEC470,GCF_000987875.1,GCF_000987875.1|WP_064721323.1,,hypothetical protein,,
SEC470,GCF_000987875.1,GCF_000987875.1|WP_071594060.1,,gp53-like domain-containing protein,,
SEC470,GCF_000987875.1,GCF_000987875.1|WP_071595684.1,,hypothetical protein,,
SEC470,GCF_000987875.1,GCF_000987875.1|WP_077634916.1,,PTS ascorbate transporter subunit IIC,,
SEC470,GCF_000987875.1,GCF_000987875.1|WP_077634926.1,,copper resistance protein B,,
SEC470,GCF_000987875.1,GCF_000987875.1|WP_097738121.1,lysC,Rz1-like lysis system protein LysC,,
SEC470,GCF_000987875.1,GCF_000987875.1|WP_151327001.1,,IS3 family transposase,transposase activity|0004803||IEA,GO:0004803
SEC470,GCF_000987875.1,GCF_000987875.1|WP_155105375.1,,helix-turn-helix domain-containing protein,"DNA binding|0003677||IEA,DNA-binding transcription factor activity|0003700||IEA","GO:0006355,GO:0003677,GO:0003700"
SEC470,GCF_000987875.1,GCF_000987875.1|WP_155522400.1,,hypothetical protein,,
SEC470,GCF_000987875.1,GCF_000987875.1|WP_162485313.1,,hypothetical protein,,
SEC470,GCF_000987875.1,GCF_000987875.1|WP_166427843.1,,terminase small subunit,,
SEC470,GCF_000987875.1,GCF_000987875.1|WP_166427847.1,,LysR family transcriptional regulator,"DNA binding|0003677||IEA,DNA-binding transcription factor activity|0003700||IEA","GO:0006355,GO:0003677,GO:0003700"
SEC470,GCF_000987875.1,GCF_000987875.1|WP_225090931.1,,DUF4365 domain-containing protein,,
SEC470,GCF_000987875.1,GCF_000987875.1|WP_225389441.1,,hypothetical protein,,
SEC470,GCF_000987875.1,GCF_000987875.1|WP_229018405.1,,hypothetical protein,,
SEC470,GCF_000987875.1,GCF_000987875.1|WP_229692861.1,pcoD,copper resistance inner membrane protein PcoD,,
SEC470,GCF_000987875.1,GCF_000987875.1|WP_233324324.1,,gp53-like domain-containing protein,,
SEC470,GCF_000987875.1,GCF_000987875.1|WP_244422771.1,,EAL domain-containing protein,,
SEC470,GCF_000987875.1,GCF_000987875.1|WP_244422776.1,,hypothetical protein,,
SEC470,GCF_000987875.1,GCF_000987875.1|WP_306296727.1,,ash family protein,,
SEC470,GCF_000987875.1,GCF_000987875.1|WP_308011014.1,,hypothetical protein,,
SEC470,GCF_000987875.1,GCF_000987875.1|WP_419180840.1,lysC,Rz1-like lysis system protein LysC,,
